/*
 * null_buddy_sprites.h -- Sprite data for NULL-BUDDY evolutions
 *
 * Auto-generated by gen_header.py — do not edit by hand.
 *
 * Six default forms converted from PNG source art to RGB565.
 * Mood sprite pools: happy=6, hungry=4, sad=3, sleepy=4
 * Blank sprite: yes
 *
 * Special values handled by nb_blit_recolor():
 *   0xF81F  -- transparent (skipped)
 *   0x07EC  -- accent color (replaced at runtime with stage color)
 *   0x0223  -- dim accent  (replaced at runtime with dimmed stage color)
 *
 * Default forms:
 *   SPORE   (S0-2)   24x28  -- small screen-headed creature
 *   SNIFFER (S3-5)   28x32  -- growing sensor creature
 *   CYBORG  (S6-8)   32x36  -- mechanical hybrid
 *   WRAITH  (S9-11)  36x40  -- dark detailed body
 *   TITAN   (S12-14) 40x44  -- large creature with crest
 *   PRIME   (S15-17) 44x44  -- largest evolved form
 *
 * Mood sprites are all 44x44 and randomly selected from pool.
 *
 * Included by null_buddy_render.c — NOT standalone.
 */

#ifndef NB_SPRITES_H
#define NB_SPRITES_H

/* =================================================================== */
/*  FORM 1: BINARY SPORE -- 24 x 28  */
/*  Tier 1 — small screen-headed creature                           */
/* =================================================================== */
static const uint16_t nb_spore_px[] = {
    0xF81F, 0xF81F, 0xF81F, 0xF81F, 0xF81F, 0xF81F, 0xF81F, 0x10A5, 0x0865, 0x1062, 0xCE7A, 0xB639, 0xBE39, 0xBE59, 0xBE39, 0xADB7, 0x0003, 0x0004, 0x1043, 0xF81F, 0xF81F, 0xF81F, 0xF81F, 0xF81F,  /* row 0  */
    0xF81F, 0xF81F, 0xF81F, 0xF81F, 0x0001, 0x086A, 0xB65A, 0xDF7E, 0xAEFF, 0x9E9F, 0x5C5B, 0xE7DF, 0xE7DF, 0xE7DF, 0xEFDF, 0xEFFF, 0xB77F, 0xC71F, 0x873D, 0x85B7, 0x0864, 0xF81F, 0xF81F, 0xF81F,  /* row 1  */
    0xF81F, 0xF81F, 0xF81F, 0xF81F, 0xCFFF, 0xF7FF, 0xE7DF, 0x8DBD, 0xD79F, 0x53DA, 0xC7FF, 0xEFFF, 0xEFFF, 0xEFFF, 0xEFFF, 0xEFFF, 0xD7BF, 0x5BBA, 0xEFFF, 0xEFFF, 0x5ACE, 0xF81F, 0xF81F, 0xF81F,  /* row 2  */
    0xF81F, 0xF81F, 0x3AED, 0xE7BE, 0xDFFF, 0xEFFF, 0xEFFF, 0xD77F, 0xE7FF, 0xA5DD, 0xEFFF, 0xEFFF, 0xEFFF, 0xEFFF, 0xEFFF, 0xEFFF, 0xEFFF, 0xDF9F, 0xEFDF, 0xEFFF, 0xA7FF, 0x2105, 0xF81F, 0xF81F,  /* row 3  */
    0xF81F, 0x0002, 0xB7FF, 0xE7FF, 0xEFFF, 0xEFFF, 0xE7FF, 0xDFDF, 0x953C, 0xCF5F, 0xEFFF, 0xEFFF, 0xEFFF, 0xEFFF, 0xEFFF, 0xEFFF, 0xEFFF, 0xEFFF, 0x8D5D, 0xEFFF, 0xCFDF, 0x67FF, 0xF81F, 0xF81F,  /* row 4  */
    0xF81F, 0x0802, 0xB7FF, 0xEFFF, 0xEFFF, 0xEFFF, 0x9FBF, 0xCFDF, 0x953D, 0xA6BE, 0x965D, 0x965D, 0x965D, 0x9E5D, 0x965D, 0x965D, 0x965D, 0xA69D, 0x95BD, 0xEFFF, 0x6FDF, 0xF7DF, 0xF81F, 0xF81F,  /* row 5  */
    0xF81F, 0x0802, 0xB7FF, 0xEFFF, 0xEFFF, 0xEFFF, 0x7DFC, 0x4B16, 0x0024, 0x2109, 0x41F7, 0x41F7, 0x41F7, 0x41F7, 0x4217, 0x4217, 0x4217, 0x4217, 0x4A77, 0x2106, 0x0002, 0x4EFD, 0x10C4, 0xF81F,  /* row 6  */
    0xF81F, 0x0802, 0xB7FF, 0xEFFF, 0xEFFF, 0x8CF7, 0x0005, 0x102C, 0x202F, 0x180F, 0x100E, 0x100E, 0x100E, 0x100E, 0x100E, 0x100E, 0x100E, 0x100E, 0x100E, 0x7B97, 0xD6BF, 0x0023, 0x0866, 0xF81F,  /* row 7  */
    0xF81F, 0x0802, 0xAFFF, 0xE7BF, 0x8CD3, 0x0849, 0x0006, 0x102C, 0x182F, 0x182E, 0x184E, 0x102D, 0x202F, 0x202F, 0x202F, 0x202F, 0x182E, 0x182E, 0x182E, 0x186F, 0x7377, 0x4256, 0x0022, 0xF81F,  /* row 8  */
    0xF81F, 0x0842, 0x7536, 0xC6BB, 0x8C92, 0x104A, 0x0006, 0x202F, 0x182F, 0x8878, 0x7836, 0x80D8, 0x202E, 0x202F, 0x202F, 0x202F, 0x4872, 0x8837, 0x8077, 0x6052, 0x2090, 0xA55D, 0x0023, 0xF81F,  /* row 9  */
    0xF81F, 0xC5C2, 0x324C, 0x6B6E, 0x8472, 0x104A, 0x0808, 0x202F, 0x202F, 0x102E, 0xD07B, 0x202F, 0x202F, 0x202F, 0x202F, 0x202F, 0x202F, 0x4851, 0x204F, 0x202F, 0x180F, 0xC67F, 0x0003, 0xF81F,  /* row 10 */
    0xF81F, 0xFF21, 0x29EB, 0x6B6E, 0x8C72, 0x104A, 0x0808, 0x182F, 0x202F, 0x4831, 0xC81B, 0x286F, 0x202F, 0x202F, 0x202F, 0x202F, 0x102E, 0xE83C, 0xF83F, 0x102E, 0x180F, 0xC67F, 0x0002, 0xF81F,  /* row 11 */
    0xF81F, 0xB541, 0x0007, 0x6BAF, 0x8C72, 0x104A, 0x0808, 0x182F, 0x102E, 0xF85F, 0x182E, 0xF87F, 0x102E, 0x202F, 0x202F, 0x202F, 0x4850, 0xA899, 0x4831, 0x7074, 0x180F, 0xC67F, 0x0002, 0xF81F,  /* row 12 */
    0xF81F, 0x18E5, 0x42ED, 0xE7DF, 0x8C92, 0x104A, 0x0808, 0x182F, 0x202F, 0x102E, 0x202F, 0x102E, 0x202F, 0x202F, 0x202F, 0x202F, 0x182F, 0x182E, 0x202F, 0x182F, 0x180F, 0xC67F, 0x0002, 0xF81F,  /* row 13 */
    0xF81F, 0x0801, 0xB7FF, 0xE7DF, 0x8C92, 0x104A, 0x0808, 0x202F, 0x182F, 0x182F, 0x182F, 0x202F, 0x202F, 0x202F, 0x202F, 0x202F, 0x202F, 0x202F, 0x202F, 0x202F, 0x180F, 0xCE9E, 0x0001, 0xF81F,  /* row 14 */
    0xF81F, 0x0801, 0xB7FF, 0xE7DF, 0x8C92, 0x104A, 0x0808, 0x182F, 0x182F, 0x182F, 0x182F, 0x202F, 0x182F, 0x182F, 0x182F, 0x182F, 0x182F, 0x202F, 0x202F, 0x202F, 0x180F, 0x4A98, 0x0002, 0xF81F,  /* row 15 */
    0xF81F, 0x8577, 0xA7BF, 0xE7DF, 0x8CB3, 0x104A, 0x0002, 0x204F, 0x182F, 0x182F, 0x182F, 0x202F, 0x202F, 0x202F, 0x202F, 0x204F, 0x202F, 0x202F, 0x182F, 0x20B3, 0x180E, 0x52FA, 0x0002, 0xF81F,  /* row 16 */
    0xF81F, 0xAF5D, 0xA7DF, 0xE7DF, 0x8CB3, 0x0828, 0x0003, 0x184D, 0x182F, 0x184F, 0x2955, 0x22F7, 0x1932, 0x2070, 0x2050, 0x1BBB, 0x1978, 0x1934, 0x180E, 0xB7FF, 0x180E, 0x0865, 0xF81F, 0xF81F,  /* row 17 */
    0xF81F, 0xB75D, 0xA7DF, 0xC7DF, 0x5410, 0x323A, 0x0889, 0x0806, 0x2030, 0x202E, 0x461E, 0x461F, 0x355C, 0x4E9F, 0x2CDD, 0x3BFA, 0x4F3E, 0x973F, 0x12FC, 0x4D1B, 0x2030, 0xF81F, 0xF81F, 0xF81F,  /* row 18 */
    0xF81F, 0x532D, 0xAFFF, 0xB7FF, 0xAFFF, 0x7D76, 0x0003, 0x2996, 0x0003, 0x202F, 0x180E, 0x1A37, 0x2ABB, 0x2F3F, 0x25DE, 0x2957, 0x4EBF, 0x4D5E, 0x2B7D, 0x0809, 0x0001, 0xF81F, 0xF81F, 0xF81F,  /* row 19 */
    0xF81F, 0xF81F, 0x0843, 0x0000, 0x3269, 0x8618, 0x865A, 0x0044, 0x10CB, 0x0003, 0x0006, 0x0006, 0x0006, 0x0805, 0x0005, 0x0005, 0x0005, 0x0005, 0x0002, 0x3889, 0xF81F, 0xF81F, 0xF81F, 0xF81F,  /* row 20 */
    0xF81F, 0xF81F, 0xF81F, 0x0002, 0x1127, 0x1148, 0x3AAB, 0x8F5D, 0x326A, 0x2193, 0x0846, 0x0004, 0x0003, 0x0003, 0x0004, 0x0047, 0x086A, 0xD1FB, 0x50CC, 0x0001, 0xF81F, 0xF81F, 0xF81F, 0xF81F,  /* row 21 */
    0xF81F, 0xF81F, 0x0021, 0x08A5, 0x1128, 0x21CC, 0x1106, 0x0866, 0x1988, 0x0023, 0x0044, 0x0866, 0x106C, 0x106C, 0x104A, 0x0827, 0x0004, 0x0001, 0x21AC, 0x32F2, 0x21AB, 0xF81F, 0xF81F, 0xF81F,  /* row 22 */
    0xF81F, 0x0882, 0x5C15, 0x2A6E, 0x222D, 0x0863, 0x2A70, 0x2A90, 0x10E9, 0x1108, 0x0001, 0x1968, 0x106C, 0x104B, 0x104B, 0x0001, 0x4494, 0x21ED, 0x21ED, 0x0002, 0x5C37, 0x10A3, 0xF81F, 0xF81F,  /* row 23 */
    0xF81F, 0x1166, 0x2E1B, 0x220D, 0x2A4E, 0x10E9, 0x0026, 0x21EE, 0x2A50, 0x2A0E, 0x0003, 0x2A4A, 0x106C, 0x084B, 0x0002, 0xD11A, 0x5619, 0x220E, 0x2A2F, 0x0044, 0x5373, 0x5373, 0x0001, 0xF81F,  /* row 24 */
    0xF81F, 0x0022, 0x0021, 0x2EBB, 0x0000, 0x0867, 0x0826, 0x2AB1, 0x124A, 0x36DC, 0x0925, 0x328B, 0x328B, 0x782F, 0x2046, 0xD0F9, 0x5639, 0x21CD, 0x21ED, 0x194D, 0x1927, 0x4BF5, 0x0022, 0xF81F,  /* row 25 */
    0x0000, 0x3B73, 0x3981, 0x9C02, 0x0866, 0x0847, 0x0826, 0x2A70, 0x220E, 0x21AC, 0x0043, 0x328B, 0x32AC, 0x782F, 0x2046, 0xC8F9, 0x5E19, 0x198B, 0x21CC, 0x0887, 0x10EB, 0x3AEF, 0x2A0B, 0xF81F,  /* row 26 */
    0x32B3, 0x0021, 0x0867, 0x0002, 0x0867, 0x0867, 0x0847, 0x21CB, 0x21AB, 0x198B, 0x0864, 0x21A8, 0x21A9, 0x484A, 0x1045, 0x78D1, 0x3BB0, 0x1949, 0x194A, 0x0023, 0x0867, 0x1948, 0x3AAF, 0x0022,  /* row 27 */
};
static const Sprite NB_SPRITE_SPORE = {
    24, 28, 0xF81F, nb_spore_px
};

/* =================================================================== */
/*  FORM 2: PACKET SNIFFER -- 28 x 32  */
/*  Tier 2 — growing creature with sensors                          */
/* =================================================================== */
static const uint16_t nb_sniffer_px[] = {
    0xF81F, 0xF81F, 0xF81F, 0xF81F, 0xF81F, 0xF81F, 0xF81F, 0xF81F, 0xF81F, 0x1083, 0x0802, 0x18C4, 0xA536, 0xA536, 0xA556, 0x9D35, 0x9D15, 0x9515, 0x2948, 0x0002, 0x0001, 0x0802, 0xF81F, 0xF81F, 0xF81F, 0xF81F, 0xF81F, 0xF81F,  /* row 0  */
    0xF81F, 0xF81F, 0xF81F, 0xF81F, 0xF81F, 0x18E5, 0x1088, 0x42EE, 0x6390, 0xBE7F, 0x9F9F, 0xAEDF, 0x7D9D, 0xD75E, 0xD77E, 0xE7DF, 0xE7DF, 0xE7DF, 0xE7FF, 0x9EBF, 0xE7DF, 0x4E3B, 0x5BD1, 0x0000, 0xF81F, 0xF81F, 0xF81F, 0xF81F,  /* row 1  */
    0xF81F, 0xF81F, 0xF81F, 0xF81F, 0x18C4, 0xAE39, 0xDFBE, 0xE7DF, 0xD75E, 0xBEFE, 0xA6BF, 0x3AD9, 0xEFDF, 0xE7FF, 0xEFFF, 0xEFFF, 0xEFFF, 0xEFFF, 0xEFFF, 0xBF7F, 0x5BBA, 0xF7FF, 0xE7DF, 0xF7DF, 0xF81F, 0xF81F, 0xF81F, 0xF81F,  /* row 2  */
    0xF81F, 0xF81F, 0xF81F, 0x1926, 0x222B, 0xD7DF, 0xE7FF, 0xEFFF, 0xD75E, 0xCF3F, 0x7D3C, 0x747B, 0xB7FF, 0xEFFF, 0xEFFF, 0xEFFF, 0xEFFF, 0xEFFF, 0xEFFF, 0xDFDF, 0xAE9E, 0xD73E, 0xEFFF, 0xC7DF, 0x632D, 0xF81F, 0xF81F, 0xF81F,  /* row 3  */
    0xF81F, 0xF81F, 0x4B2F, 0xB7FF, 0xF7FF, 0xEFFF, 0xEFFF, 0xE7FF, 0xC7DF, 0xF7FF, 0x53BA, 0xF7FF, 0xEFFF, 0xEFFF, 0xEFFF, 0xEFFF, 0xEFFF, 0xEFFF, 0xEFFF, 0xEFFF, 0xD75F, 0xAE3E, 0xEFFF, 0x77BF, 0xFFFF, 0x0A2B, 0xF81F, 0xF81F,  /* row 4  */
    0xF81F, 0xF81F, 0x7DB7, 0xAFBF, 0xEFFF, 0xEFFF, 0xEFFF, 0xEFFF, 0xF7FF, 0xF7FF, 0x5C1B, 0xEFFF, 0xEFDF, 0xEFDF, 0xEFDF, 0xEFDF, 0xEFDF, 0xEFFF, 0xEFFF, 0xEFFF, 0xEFFF, 0x8D7D, 0xEFFF, 0xF7FF, 0xCFBF, 0x2B4E, 0xF81F, 0xF81F,  /* row 5  */
    0xF81F, 0xF81F, 0x7DD8, 0xAFBF, 0xEFFF, 0xEFFF, 0xDFFF, 0xB7DF, 0xBFBF, 0xDFBF, 0x5BBA, 0x7D18, 0x7D18, 0x7D18, 0x7D18, 0x7D38, 0x7D38, 0x7D38, 0x7D18, 0x7D38, 0x8558, 0x8D7D, 0xDF7F, 0x4FDF, 0xD7FF, 0x736E, 0xF81F, 0xF81F,  /* row 6  */
    0xF81F, 0xF81F, 0x85D8, 0xAFBF, 0xEFFF, 0xEFFF, 0xF7FF, 0x7E5D, 0x6C79, 0x0826, 0x0843, 0x4218, 0x4239, 0x4A39, 0x4A39, 0x4A39, 0x4A39, 0x4A59, 0x4A59, 0x4A59, 0x4A59, 0x4A5A, 0x20E5, 0x0004, 0x230E, 0x46BC, 0x0801, 0xF81F,  /* row 7  */
    0xF81F, 0xF81F, 0x85D8, 0xA7BF, 0xEFFF, 0xE7FF, 0x9DBA, 0x0005, 0x0006, 0x182F, 0x1830, 0x182F, 0x182E, 0x182E, 0x180E, 0x180E, 0x100E, 0x100E, 0x100E, 0x100E, 0x100E, 0x180E, 0x5A94, 0xC5FD, 0x6337, 0x0868, 0x0862, 0xF81F,  /* row 8  */
    0xF81F, 0xF81F, 0x7DD8, 0xA7BF, 0xEFFF, 0x7BF0, 0x0828, 0x0827, 0x0006, 0x202F, 0x202F, 0x202F, 0x202F, 0x202F, 0x202F, 0x202F, 0x202F, 0x202F, 0x202F, 0x202F, 0x202F, 0x202F, 0x202F, 0x100E, 0xD71F, 0x108B, 0x0863, 0xF81F,  /* row 9  */
    0xF81F, 0xF81F, 0x8E3A, 0xB7FF, 0xEFFF, 0x39C8, 0x0849, 0x0004, 0x182F, 0x202F, 0x204F, 0x204F, 0x202F, 0x202F, 0x202F, 0x202F, 0x202F, 0x202F, 0x202F, 0x202F, 0x204F, 0x204F, 0x202F, 0x100E, 0xD6FF, 0x088B, 0x1084, 0xF81F,  /* row 10 */
    0xF81F, 0x0024, 0x0001, 0x10C5, 0xF7FF, 0x31C8, 0x1049, 0x0005, 0x182F, 0x182F, 0x19D2, 0x1AB3, 0x180F, 0x182F, 0x182F, 0x182F, 0x182F, 0x182F, 0x182F, 0x184F, 0x1A52, 0x1496, 0x1890, 0x202F, 0x9CFB, 0x7BFC, 0x0862, 0xF81F,  /* row 11 */
    0xF81F, 0x9C61, 0x5A60, 0x3ACC, 0xF7FF, 0x31C8, 0x1049, 0x0005, 0x182F, 0x184F, 0x0DD9, 0x07FD, 0x200E, 0x202F, 0x202F, 0x202F, 0x202F, 0x202F, 0x202F, 0x204F, 0x1BD5, 0x07DB, 0x20D0, 0x2050, 0x182F, 0x843C, 0x0021, 0xF81F,  /* row 12 */
    0xF81F, 0x9421, 0x5240, 0x3ACC, 0xF7FF, 0x31C8, 0x1049, 0x0005, 0x202F, 0x184F, 0x0DD8, 0x07FD, 0x200E, 0x202F, 0x202F, 0x202F, 0x202F, 0x202F, 0x202F, 0x204F, 0x1BD5, 0x07FB, 0x18D0, 0x204F, 0x204F, 0x845C, 0x0000, 0xF81F,  /* row 13 */
    0xF81F, 0x39C3, 0x2923, 0x0003, 0xF7FF, 0x31C8, 0x1049, 0x0005, 0x202F, 0x182F, 0x1A12, 0x1AF4, 0x200F, 0x202F, 0x202F, 0x202F, 0x202F, 0x202F, 0x202F, 0x204F, 0x2171, 0x1AD3, 0x206F, 0x202F, 0x204F, 0x845C, 0x0000, 0xF81F,  /* row 14 */
    0xF81F, 0xF81F, 0x2166, 0xB7FF, 0xEFFF, 0x31C8, 0x1049, 0x0005, 0x202F, 0x202F, 0x204F, 0x204F, 0x202F, 0x202F, 0x202F, 0x202F, 0x202F, 0x202F, 0x202F, 0x202F, 0x204F, 0x204F, 0x202F, 0x202F, 0x204F, 0x845D, 0x0000, 0xF81F,  /* row 15 */
    0xF81F, 0xF81F, 0x85F8, 0xAFBF, 0xEFFF, 0x31C8, 0x1049, 0x0005, 0x182F, 0x182F, 0x182F, 0x182F, 0x182F, 0x202F, 0x202F, 0x202F, 0x202F, 0x202F, 0x202F, 0x202F, 0x202F, 0x202F, 0x202F, 0x202F, 0x204F, 0x6BB2, 0x0002, 0xF81F,  /* row 16 */
    0xF81F, 0xF81F, 0x85F9, 0xAFBF, 0xEFFF, 0x31C8, 0x1049, 0x0005, 0x182F, 0x182F, 0x182F, 0x182F, 0x182F, 0x202F, 0x202F, 0x182F, 0x202F, 0x202F, 0x202F, 0x202F, 0x202F, 0x202F, 0x182F, 0x202F, 0x28F0, 0x212C, 0x0002, 0xF81F,  /* row 17 */
    0xF81F, 0x0863, 0x971C, 0xAFDF, 0xEFFF, 0x31C8, 0x1049, 0x0004, 0x182E, 0x182F, 0x182F, 0x184F, 0x180E, 0x200E, 0x202F, 0x202F, 0x202F, 0x202F, 0x202F, 0x200E, 0x200F, 0x204F, 0x202F, 0x202F, 0x94DB, 0x084A, 0x0003, 0xF81F,  /* row 18 */
    0xF81F, 0x7C72, 0x9FBE, 0xAFDF, 0xEFFF, 0x31C8, 0x104A, 0x0003, 0x184D, 0x182F, 0x186F, 0x1930, 0x0FFD, 0x17FC, 0x200E, 0x200E, 0x200E, 0x200E, 0x200E, 0x17FD, 0x1CD6, 0x1991, 0x1971, 0x206F, 0x6C1C, 0x0027, 0xF81F, 0xF81F,  /* row 19 */
    0xF81F, 0x7411, 0x9FBF, 0xAFDF, 0xDFFF, 0x29C8, 0x18CE, 0x0002, 0x0003, 0x1850, 0x21B2, 0x16BA, 0x1E39, 0x1618, 0x0FFC, 0x17FC, 0x0FFB, 0x0FFC, 0x0FFC, 0x0FFB, 0x177B, 0x171A, 0x16DA, 0x2191, 0x0867, 0xF81F, 0xF81F, 0xF81F,  /* row 20 */
    0xF81F, 0x7C52, 0x9FBE, 0xA7DF, 0xA7FF, 0x430D, 0x10EE, 0x2174, 0x0846, 0x102A, 0x202F, 0x202F, 0x202F, 0x202F, 0x208F, 0x20D0, 0x2150, 0x20D0, 0x204F, 0x202F, 0x200F, 0x182F, 0x182E, 0x182D, 0x0825, 0xF81F, 0xF81F, 0xF81F,  /* row 21 */
    0xF81F, 0x2105, 0x969B, 0xA7BF, 0xAFFF, 0xA7DF, 0xB7DF, 0x0000, 0x29B7, 0x0846, 0x0827, 0x2030, 0x202F, 0x202F, 0x202F, 0x202F, 0x204F, 0x202F, 0x182F, 0x182F, 0x202F, 0x182D, 0x184D, 0x2066, 0xF81F, 0xF81F, 0xF81F, 0xF81F,  /* row 22 */
    0xF81F, 0xF81F, 0x1063, 0x3A6B, 0x0001, 0x21A6, 0x8E7A, 0x8F1C, 0x328C, 0x0025, 0x2172, 0x0000, 0x0005, 0x0005, 0x0005, 0x0005, 0x0005, 0x0005, 0x0005, 0x0005, 0x0005, 0x0001, 0x7911, 0xF81F, 0xF81F, 0xF81F, 0xF81F, 0xF81F,  /* row 23 */
    0xF81F, 0xF81F, 0xF81F, 0x0002, 0x1107, 0x21EB, 0x08A5, 0x4B4D, 0x6DB7, 0x6576, 0x0000, 0x323B, 0x0002, 0x0004, 0x0003, 0x0003, 0x0003, 0x0869, 0x0847, 0x0027, 0xC1D9, 0x9155, 0x0000, 0xF81F, 0xF81F, 0xF81F, 0xF81F, 0xF81F,  /* row 24 */
    0xF81F, 0xF81F, 0xF81F, 0x0000, 0x198A, 0x1128, 0x10E6, 0x10A3, 0x0003, 0x3B0D, 0x54D4, 0x0000, 0x190A, 0x0002, 0x106C, 0x104C, 0x104B, 0x0005, 0x0828, 0x0848, 0x0000, 0x0864, 0x3AF2, 0x1948, 0x1084, 0xF81F, 0xF81F, 0xF81F,  /* row 25 */
    0xF81F, 0xF81F, 0x0001, 0x5C56, 0x3311, 0x0862, 0x196A, 0x2A90, 0x2A70, 0x194B, 0x0863, 0x0002, 0x0022, 0x20AC, 0x0829, 0x104B, 0x104B, 0x0005, 0x0003, 0x0065, 0x2A4F, 0x21ED, 0x0002, 0x5C16, 0x2168, 0xF81F, 0xF81F, 0xF81F,  /* row 26 */
    0xF81F, 0x1861, 0x471E, 0x2A6E, 0x2A4E, 0x222E, 0x114A, 0x0888, 0x0888, 0x198D, 0x2A4F, 0x2A4F, 0x08A3, 0x1147, 0x106C, 0x104B, 0x104B, 0x0002, 0x2004, 0x4CF4, 0x2A70, 0x2A70, 0x0001, 0x5C16, 0x6457, 0x0022, 0xF81F, 0xF81F,  /* row 27 */
    0xF81F, 0x10A3, 0x1BB0, 0x2D38, 0x3BF4, 0x220D, 0x0847, 0x0847, 0x2A2F, 0x2A4F, 0x224F, 0x2A90, 0x08C4, 0x1946, 0x0025, 0x0025, 0x68F0, 0xC8F8, 0x2004, 0x44D3, 0x2A70, 0x2A70, 0x10E9, 0x0863, 0x5394, 0x29CA, 0x1083, 0xF81F,  /* row 28 */
    0xF81F, 0x10E6, 0x1148, 0x0064, 0x0A09, 0x0003, 0x0847, 0x0847, 0x2A0E, 0x19AC, 0x1B0C, 0x1B0D, 0x10C4, 0x1966, 0x1106, 0x1024, 0xE15C, 0xB8F7, 0x2004, 0x4CF4, 0x10E7, 0x10E7, 0x10E9, 0x0864, 0x2AED, 0x0866, 0xF81F, 0xF81F,  /* row 29 */
    0x0841, 0x4BB4, 0x0909, 0xEE63, 0x18A1, 0x0867, 0x0847, 0x0847, 0x220E, 0x2A2F, 0x2A70, 0x2AB1, 0x10E4, 0x1967, 0x10E5, 0x1024, 0xE15C, 0xB0D6, 0x2004, 0x4CD3, 0x2A91, 0x3291, 0x0003, 0x110D, 0x0002, 0x64B8, 0x29CA, 0xF81F,  /* row 30 */
    0x2A2F, 0x198A, 0x0023, 0x0045, 0x0867, 0x0867, 0x0867, 0x0867, 0x196A, 0x198A, 0x198A, 0x198B, 0x08A4, 0x10C5, 0x0884, 0x0844, 0x78F1, 0x60AE, 0x1003, 0x2A8C, 0x194A, 0x194A, 0x0002, 0x0887, 0x0022, 0x21AB, 0x2A0C, 0x0822,  /* row 31 */
};
static const Sprite NB_SPRITE_SNIFFER = {
    28, 32, 0xF81F, nb_sniffer_px
};

/* =================================================================== */
/*  FORM 3: CYBORG -- 32 x 36  */
/*  Tier 2 — mechanical hybrid                                      */
/* =================================================================== */
static const uint16_t nb_cyborg_px[] = {
    0xF81F, 0xF81F, 0xF81F, 0xF81F, 0xF81F, 0xF81F, 0xF81F, 0xF81F, 0xF81F, 0xF81F, 0xF81F, 0xF81F, 0x1084, 0x632E, 0x7BF1, 0x7C11, 0x7C11, 0x73F1, 0x73F1, 0x73F1, 0x7BF1, 0x0001, 0xF81F, 0xF81F, 0xF81F, 0xF81F, 0xF81F, 0xF81F, 0xF81F, 0xF81F, 0xF81F, 0xF81F,  /* row 0  */
    0xF81F, 0xF81F, 0xF81F, 0xF81F, 0xF81F, 0xF81F, 0xF81F, 0x10A5, 0x0044, 0x0862, 0x7CBE, 0x76BF, 0xD79F, 0xBEBE, 0x8E1E, 0xAEBE, 0xAEBE, 0xE7DF, 0xE7DF, 0xE7DF, 0xE7DF, 0xAF3F, 0x6CDC, 0xFFFF, 0x55BB, 0x10A6, 0x1084, 0xF81F, 0xF81F, 0xF81F, 0xF81F, 0xF81F,  /* row 1  */
    0xF81F, 0xF81F, 0xF81F, 0xF81F, 0xF81F, 0xF81F, 0x31C9, 0x7C77, 0xF7FF, 0xF7FF, 0xC71E, 0x9E7E, 0xBE7D, 0x4B9A, 0xDF9F, 0xEFFF, 0xEFFF, 0xEFFF, 0xEFFF, 0xEFFF, 0xEFFF, 0xE7DF, 0xDFBF, 0x7CFB, 0xCFFF, 0xEFFF, 0xCEBB, 0x0864, 0xF81F, 0xF81F, 0xF81F, 0xF81F,  /* row 2  */
    0xF81F, 0xF81F, 0xF81F, 0xF81F, 0xF81F, 0x5CD4, 0xEFFF, 0xE7DF, 0xEFFF, 0xEFFF, 0x859E, 0xCF9F, 0x6CBC, 0x5C3B, 0xA7BF, 0xEFFF, 0xEFFF, 0xEFFF, 0xEFFF, 0xEFFF, 0xEFFF, 0xEFFF, 0xC7BF, 0x5BDB, 0xCF5E, 0xEFFF, 0xEFFF, 0x73B1, 0xF81F, 0xF81F, 0xF81F, 0xF81F,  /* row 3  */
    0xF81F, 0xF81F, 0xF81F, 0x4B4F, 0xEFDF, 0xBFBF, 0xEFFF, 0xEFFF, 0xEFFF, 0xF7FF, 0xCF3F, 0xDFFF, 0x63FB, 0xF7FF, 0xEFFF, 0xEFFF, 0xEFFF, 0xEFFF, 0xEFFF, 0xEFFF, 0xEFFF, 0xEFFF, 0xEFFF, 0xDF7F, 0xCF1E, 0xE7FF, 0xC7DF, 0xAFBE, 0x6B4E, 0xF81F, 0xF81F, 0xF81F,  /* row 4  */
    0xF81F, 0xF81F, 0x10A7, 0xAFFF, 0xDFFF, 0xE7FF, 0xEFFF, 0xEFFF, 0xEFFF, 0x9FBF, 0xEFFF, 0x7C9B, 0x7C9B, 0xEFFF, 0xEFFF, 0xEFFF, 0xEFFF, 0xEFFF, 0xEFFF, 0xEFFF, 0xEFFF, 0xEFFF, 0xEFFF, 0xDF7F, 0x7CDD, 0xEFFF, 0xC7DF, 0x97BF, 0x77FF, 0x0001, 0xF81F, 0xF81F,  /* row 5  */
    0xF81F, 0xF81F, 0x10A5, 0xAFFF, 0xDFFF, 0xEFFF, 0xEFFF, 0xEFFF, 0xDFFF, 0xDFFF, 0xEFFF, 0x7C7B, 0xAEDE, 0xCF5F, 0xCF5F, 0xCF5E, 0xCF5E, 0xCF5E, 0xCF5E, 0xCF5E, 0xCF5E, 0xCF5E, 0xD75F, 0xD77F, 0x959D, 0xF7FF, 0xDFFF, 0xD7FF, 0xC7FF, 0x0002, 0xF81F, 0xF81F,  /* row 6  */
    0xF81F, 0xF81F, 0x10A5, 0xA7FF, 0xDFFF, 0xEFFF, 0xEFFF, 0xCFDF, 0xD7DF, 0xD7DF, 0xC79F, 0x745E, 0x5B91, 0x5B90, 0x5B91, 0x5B91, 0x5B91, 0x5B91, 0x5B91, 0x5B91, 0x5B91, 0x5B91, 0x5BB1, 0x5BB1, 0x84FA, 0xBEDF, 0x975F, 0x5FFF, 0xFFFF, 0x0000, 0xF81F, 0xF81F,  /* row 7  */
    0xF81F, 0xF81F, 0x10A5, 0xA7FF, 0xDFFF, 0xEFFF, 0xEFFF, 0xF7FF, 0x86BE, 0x6CDA, 0x18AF, 0x0002, 0x10A4, 0x4A7C, 0x4A3A, 0x4A5A, 0x4A5A, 0x4A5A, 0x4A5A, 0x4A7A, 0x527B, 0x527B, 0x527B, 0x529B, 0x4A3B, 0x2104, 0x1064, 0x0000, 0x3EDC, 0x463A, 0x18A4, 0xF81F,  /* row 8  */
    0xF81F, 0xF81F, 0x10A5, 0xA7FF, 0xDFFF, 0xEFFF, 0xEFFF, 0xAE7D, 0x0007, 0x0003, 0x182E, 0x1830, 0x2090, 0x206F, 0x206F, 0x186F, 0x184F, 0x184F, 0x184F, 0x184F, 0x184F, 0x184F, 0x184F, 0x184F, 0x184F, 0x20AF, 0xD67E, 0xBDFC, 0x0847, 0x18EF, 0x18C5, 0xF81F,  /* row 9  */
    0xF81F, 0xF81F, 0x10A5, 0xA7FF, 0xDFFF, 0xEFFF, 0x9D15, 0x0808, 0x0828, 0x0003, 0x2030, 0x202F, 0x202F, 0x202F, 0x202F, 0x202F, 0x202F, 0x202F, 0x202F, 0x202F, 0x202F, 0x202F, 0x202F, 0x202F, 0x202F, 0x202F, 0x180F, 0x949A, 0x4A8E, 0x2132, 0x18C4, 0xF81F,  /* row 10 */
    0xF81F, 0xF81F, 0x10A5, 0xA7FF, 0xDFDF, 0xF7FF, 0x0003, 0x0829, 0x0827, 0x0828, 0x202F, 0x202F, 0x202F, 0x182F, 0x202F, 0x202F, 0x202F, 0x202F, 0x202F, 0x202F, 0x202F, 0x202F, 0x202F, 0x182F, 0x202F, 0x202F, 0x202F, 0x9CDB, 0x94FE, 0x0001, 0x18E5, 0xF81F,  /* row 11 */
    0xF81F, 0xF81F, 0x0023, 0x2A0A, 0x5B2E, 0xFFFF, 0x0003, 0x0829, 0x0004, 0x182F, 0x202F, 0x202F, 0x182E, 0x78B7, 0x58B5, 0x182F, 0x202F, 0x202F, 0x202F, 0x202F, 0x202F, 0x182F, 0x7096, 0x88B9, 0x182F, 0x202F, 0x202F, 0x080D, 0xD6FF, 0x2112, 0x18C5, 0xF81F,  /* row 12 */
    0xF81F, 0x20C2, 0xB543, 0x42EE, 0x0843, 0xFFFF, 0x0003, 0x0829, 0x0004, 0x202F, 0x202F, 0x182F, 0x80B8, 0xD05E, 0xC83D, 0x3851, 0x202F, 0x202F, 0x182F, 0x202F, 0x202F, 0x3851, 0xD03E, 0xC85D, 0x5894, 0x202F, 0x202F, 0x180F, 0xB5DD, 0x2113, 0x18C4, 0xF81F,  /* row 13 */
    0xF81F, 0x2942, 0xFF01, 0x326D, 0x0822, 0xFFFF, 0x0003, 0x0829, 0x0004, 0x2030, 0x182F, 0x182E, 0x80B9, 0xD03E, 0xC83E, 0x4873, 0x202F, 0x202F, 0x202F, 0x202F, 0x202F, 0x4072, 0xD03E, 0xC05D, 0x6074, 0x202F, 0x182F, 0x202F, 0xA53B, 0x2113, 0x0002, 0xF81F,  /* row 14 */
    0xF81F, 0x2942, 0xFF41, 0x29AC, 0x0843, 0xFFFF, 0x0003, 0x0829, 0x0004, 0x2030, 0x182F, 0x182F, 0x80B9, 0xC85E, 0xC83D, 0x4873, 0x202F, 0x202F, 0x202F, 0x202F, 0x202F, 0x4072, 0xD03E, 0xC05D, 0x6074, 0x202F, 0x202F, 0x202F, 0xA53B, 0x2113, 0x0002, 0xF81F,  /* row 15 */
    0xF81F, 0x18A6, 0x20E2, 0x0003, 0x0022, 0xFFFF, 0x0003, 0x0829, 0x0004, 0x2030, 0x182F, 0x182F, 0x80B8, 0xD05E, 0xC83D, 0x4873, 0x202F, 0x202F, 0x202F, 0x202F, 0x202F, 0x4072, 0xD03E, 0xC05D, 0x6074, 0x202F, 0x182F, 0x202F, 0xA53B, 0x2133, 0x0002, 0xF81F,  /* row 16 */
    0xF81F, 0xF81F, 0x0844, 0x4B8F, 0xEFFF, 0xF7FF, 0x0003, 0x0829, 0x0004, 0x2030, 0x202F, 0x202F, 0x70B7, 0xD05E, 0xC87D, 0x3070, 0x202F, 0x202F, 0x202F, 0x202F, 0x202F, 0x3851, 0xD03E, 0xC05D, 0x4892, 0x202F, 0x202F, 0x202F, 0xA53B, 0x2133, 0x0002, 0xF81F,  /* row 17 */
    0xF81F, 0xF81F, 0x10A5, 0xAFFF, 0xDFFF, 0xF7FF, 0x0003, 0x0829, 0x0004, 0x202F, 0x202F, 0x182F, 0x102E, 0x90B9, 0x58B4, 0x202F, 0x202F, 0x202F, 0x202F, 0x202F, 0x202F, 0x182F, 0xA8B9, 0x88B8, 0x182E, 0x202F, 0x202F, 0x202F, 0xA51B, 0x0846, 0x0002, 0xF81F,  /* row 18 */
    0xF81F, 0xF81F, 0x10C5, 0xAFFF, 0xDFFF, 0xF7FF, 0x0003, 0x0829, 0x0004, 0x202F, 0x202F, 0x182F, 0x182F, 0x182F, 0x202F, 0x202F, 0x202F, 0x202F, 0x202F, 0x202F, 0x202F, 0x202F, 0x182F, 0x202F, 0x202F, 0x182F, 0x182F, 0x202F, 0x7BF9, 0x0001, 0x0002, 0xF81F,  /* row 19 */
    0xF81F, 0xF81F, 0x0884, 0xA7FF, 0xDFFF, 0xF7FF, 0x0003, 0x0829, 0x0003, 0x2030, 0x202F, 0x1830, 0x1090, 0x1090, 0x1810, 0x180F, 0x180F, 0x1810, 0x1030, 0x180F, 0x180F, 0x180F, 0x1870, 0x1090, 0x1870, 0x200F, 0x202F, 0x100E, 0x9D5F, 0x0001, 0x0864, 0xF81F,  /* row 20 */
    0xF81F, 0x1083, 0xAFFF, 0xA7DF, 0xDFFF, 0xF7FF, 0x0003, 0x0829, 0x0003, 0x0828, 0x202F, 0x3418, 0xBFDF, 0x8DDB, 0x369D, 0x4E9E, 0x2FFF, 0x46FD, 0x9FFF, 0x2378, 0x3F9F, 0x453A, 0x55BB, 0x97BF, 0x6478, 0x180F, 0x202F, 0x100E, 0x84DF, 0x0002, 0xF81F, 0xF81F,  /* row 21 */
    0xF81F, 0x20E5, 0xA7FF, 0xA7DF, 0xDFFF, 0xFFFF, 0x0003, 0x0828, 0x0003, 0x0827, 0x202F, 0x2050, 0x753A, 0x100E, 0x100E, 0x6D5B, 0x200E, 0x180E, 0x463D, 0x180D, 0x4337, 0x206F, 0x180E, 0x671E, 0x200F, 0x182F, 0x202F, 0x200E, 0x18EF, 0x1083, 0xF81F, 0xF81F,  /* row 22 */
    0xF81F, 0x20E5, 0xA7FF, 0xA7DF, 0xE7FF, 0xAFFF, 0x0045, 0x31F9, 0x0000, 0x0002, 0x2050, 0x182F, 0x20B0, 0x2090, 0x182F, 0x2090, 0x202F, 0x180F, 0x8E1B, 0x180E, 0x206F, 0x202F, 0x180E, 0x671E, 0x180F, 0x184F, 0x202F, 0x2030, 0x0020, 0xF81F, 0xF81F, 0xF81F,  /* row 23 */
    0xF81F, 0x20E5, 0xA7FF, 0xA7DF, 0xA7DF, 0xA7DF, 0x6C72, 0x0004, 0x18EF, 0x2174, 0x0000, 0x182E, 0x202F, 0x202F, 0x202F, 0x202F, 0x202F, 0x202F, 0x6396, 0x180E, 0x202F, 0x202F, 0x202F, 0x180E, 0x182F, 0x184E, 0x184F, 0x0806, 0x10A3, 0xF81F, 0xF81F, 0xF81F,  /* row 24 */
    0xF81F, 0xF81F, 0x2188, 0x9F1C, 0x9F1C, 0xA7DF, 0xA7FF, 0xBFFF, 0x10E4, 0x10CD, 0x2195, 0x0002, 0x0829, 0x182F, 0x202F, 0x204F, 0x202F, 0x202F, 0x204F, 0x202F, 0x202F, 0x182F, 0x182F, 0x202F, 0x102B, 0x102A, 0x1024, 0x0863, 0xF81F, 0xF81F, 0xF81F, 0xF81F,  /* row 25 */
    0xF81F, 0xF81F, 0xF81F, 0x0843, 0x0863, 0x10C4, 0x1924, 0x96DC, 0x979E, 0x7DB8, 0x0003, 0x190D, 0x0889, 0x0002, 0x0004, 0x0004, 0x0004, 0x0004, 0x0004, 0x0004, 0x0004, 0x0004, 0x0004, 0x0004, 0x0002, 0xB1B8, 0x2104, 0xF81F, 0xF81F, 0xF81F, 0xF81F, 0xF81F,  /* row 26 */
    0xF81F, 0xF81F, 0xF81F, 0x31A7, 0x0001, 0x2A2D, 0x2A6F, 0x0001, 0x4B4E, 0x75F8, 0x97FF, 0x0883, 0x1931, 0x192F, 0x0003, 0x0004, 0x0003, 0x0004, 0x0004, 0x0003, 0x0889, 0x0869, 0x0004, 0x9174, 0xC9BB, 0x0000, 0x0863, 0xF81F, 0xF81F, 0xF81F, 0xF81F, 0xF81F,  /* row 27 */
    0xF81F, 0xF81F, 0xF81F, 0x2925, 0x196A, 0x2A4E, 0x0001, 0x0862, 0x0021, 0x0864, 0x1905, 0x6EFC, 0x2A4B, 0x0044, 0x194C, 0x0003, 0x104A, 0x104A, 0x104A, 0x0003, 0x0827, 0x0826, 0x18AD, 0x0823, 0x0001, 0x2A2E, 0x10E8, 0x0843, 0xF81F, 0xF81F, 0xF81F, 0xF81F,  /* row 28 */
    0xF81F, 0xF81F, 0xF81F, 0x08C5, 0x3AEF, 0x1148, 0x10E6, 0x222E, 0x2A4F, 0x2A50, 0x19AC, 0x0002, 0x0001, 0x0002, 0x0001, 0x30F1, 0x0827, 0x104B, 0x104B, 0x106C, 0x0003, 0x0004, 0x0004, 0x21CC, 0x21AB, 0x196B, 0x4B73, 0x4311, 0x0000, 0xF81F, 0xF81F, 0xF81F,  /* row 29 */
    0xF81F, 0xF81F, 0x09A7, 0x6CD8, 0x19EC, 0x222D, 0x2A2D, 0x0043, 0x2A2F, 0x2A2F, 0x2A2F, 0x19AD, 0x2A70, 0x0864, 0x32ED, 0x0021, 0x106C, 0x104B, 0x104C, 0x084A, 0x0003, 0x08C6, 0x19E8, 0x2A4F, 0x21AB, 0x0045, 0x326D, 0x4B94, 0x3A8D, 0xF81F, 0xF81F, 0xF81F,  /* row 30 */
    0xF81F, 0x0021, 0x367B, 0x2D17, 0x21ED, 0x222D, 0x224E, 0x0888, 0x0867, 0x112A, 0x21EE, 0x2A4F, 0x2A4F, 0x2A90, 0x2A6A, 0x0863, 0x106D, 0x106C, 0x0829, 0x0003, 0xF97F, 0x00A3, 0x1A08, 0x3291, 0x3291, 0x0025, 0x0884, 0x5BF5, 0x5BF6, 0x0000, 0xF81F, 0xF81F,  /* row 31 */
    0xF81F, 0xF81F, 0x0000, 0x134D, 0x37FF, 0x2D37, 0x08A5, 0x0867, 0x0867, 0x196B, 0x2A70, 0x1AEE, 0x35FA, 0x365B, 0x32AB, 0x0883, 0x0001, 0x0904, 0xC138, 0x0001, 0xF97F, 0x00A3, 0x1A08, 0x32B1, 0x32B2, 0x0022, 0x0065, 0x5394, 0x5CB9, 0x0002, 0xF81F, 0xF81F,  /* row 32 */
    0xF81F, 0x0002, 0x2AB0, 0x1128, 0x0000, 0x0000, 0x0867, 0x0847, 0x0867, 0x196B, 0x2A2F, 0x1107, 0x0000, 0x0000, 0x32EC, 0x0883, 0x0000, 0x1A28, 0xF97F, 0x0002, 0xF97F, 0x00A3, 0x2229, 0x0000, 0x0000, 0x0023, 0x198F, 0x0000, 0x0001, 0x0045, 0xF81F, 0xF81F,  /* row 33 */
    0xF81F, 0x3B11, 0x222D, 0x3140, 0xAC82, 0x0002, 0x0847, 0x0847, 0x0867, 0x194B, 0x2A2F, 0x2A70, 0x2A70, 0x32D2, 0x32AB, 0x0883, 0x0000, 0x1A29, 0xF97F, 0x0002, 0xF97F, 0x00A3, 0x2208, 0x32B2, 0x32B1, 0x0046, 0x10CA, 0x10EB, 0x1968, 0x5415, 0x10C5, 0xF81F,  /* row 34 */
    0x21AB, 0x3292, 0x0000, 0x0888, 0x0841, 0x0888, 0x0867, 0x0867, 0x0867, 0x10E8, 0x196A, 0x196A, 0x196A, 0x198A, 0x1967, 0x0863, 0x0022, 0x1106, 0x78F1, 0x0023, 0x78F2, 0x0063, 0x1105, 0x1929, 0x1929, 0x0024, 0x0866, 0x0886, 0x08A5, 0x198A, 0x1928, 0x0843,  /* row 35 */
};
static const Sprite NB_SPRITE_CYBORG = {
    32, 36, 0xF81F, nb_cyborg_px
};

/* =================================================================== */
/*  FORM 4: WRAITH -- 36 x 40  */
/*  Tier 2 — dark face, detailed body                               */
/* =================================================================== */
static const uint16_t nb_wraith_px[] = {
    0xF81F, 0xF81F, 0xF81F, 0xF81F, 0xF81F, 0xF81F, 0xF81F, 0xF81F, 0xF81F, 0xF81F, 0xF81F, 0xF81F, 0xF81F, 0xF81F, 0xF81F, 0x52CD, 0x52CD, 0x52CD, 0x52CD, 0x52CD, 0x52CD, 0x52AD, 0x52AD, 0x426B, 0x1084, 0xF81F, 0xF81F, 0xF81F, 0xF81F, 0xF81F, 0xF81F, 0xF81F, 0xF81F, 0xF81F, 0xF81F, 0xF81F,  /* row 0  */
    0xF81F, 0xF81F, 0xF81F, 0xF81F, 0xF81F, 0xF81F, 0xF81F, 0xF81F, 0x0862, 0x0001, 0x0000, 0x3AB6, 0x3AB7, 0x7F3D, 0xC6DC, 0xE77E, 0x963E, 0x9E7E, 0x9E7E, 0xEFFF, 0xE7DF, 0xE7DF, 0xE7DF, 0xDFBE, 0x6D39, 0x32D6, 0xDF1C, 0x54F8, 0x0000, 0x0002, 0xF81F, 0xF81F, 0xF81F, 0xF81F, 0xF81F, 0xF81F,  /* row 1  */
    0xF81F, 0xF81F, 0xF81F, 0xF81F, 0xF81F, 0xF81F, 0x0000, 0x0000, 0x29B2, 0xE7FF, 0xFFFF, 0xFFFF, 0xAEDE, 0xB6DE, 0x74FC, 0x435A, 0xB6DF, 0xF7FF, 0xEFFF, 0xEFFF, 0xEFFF, 0xEFFF, 0xEFFF, 0xEFFF, 0xCF7F, 0xF7FF, 0x961D, 0x7FDF, 0xFFFF, 0xAEDB, 0x2988, 0xF81F, 0xF81F, 0xF81F, 0xF81F, 0xF81F,  /* row 2  */
    0xF81F, 0xF81F, 0xF81F, 0xF81F, 0xF81F, 0xF81F, 0x871D, 0xFFFF, 0xF7FF, 0xEFFF, 0xEFFF, 0x7D3D, 0xE7FF, 0x967F, 0x53BA, 0xAE9E, 0xD7DF, 0xEFFF, 0xEFFF, 0xEFFF, 0xEFFF, 0xEFFF, 0xEFFF, 0xEFFF, 0xCF9F, 0xE7FF, 0x5359, 0xEFFF, 0xEFFF, 0xE7DF, 0xADD8, 0x0845, 0xF81F, 0xF81F, 0xF81F, 0xF81F,  /* row 3  */
    0xF81F, 0xF81F, 0xF81F, 0xF81F, 0x10E5, 0x2147, 0x97FF, 0xEFFF, 0xEFFF, 0xEFFF, 0xEFFF, 0x7D3D, 0xEFFF, 0x8D9C, 0x749B, 0xAEDE, 0xB7BF, 0xEFFF, 0xEFFF, 0xEFFF, 0xEFFF, 0xEFFF, 0xEFFF, 0xEFFF, 0xEFFF, 0xC77F, 0xB6FE, 0xAE5D, 0xE7FF, 0xEFFF, 0xBFDF, 0x73AF, 0xF81F, 0xF81F, 0xF81F, 0xF81F,  /* row 4  */
    0xF81F, 0xF81F, 0xF81F, 0x320B, 0xAFFF, 0xEFFF, 0xEFFF, 0xEFFF, 0xEFFF, 0xEFFF, 0xD7DF, 0xEFFF, 0xEFFF, 0x853C, 0xD73E, 0xE7FF, 0xEFFF, 0xEFFF, 0xEFFF, 0xEFFF, 0xEFFF, 0xEFFF, 0xEFFF, 0xEFFF, 0xEFFF, 0xEFFF, 0xD75F, 0xAE5E, 0xE7FF, 0xEFFF, 0x6FBF, 0xFFFF, 0x0967, 0xF81F, 0xF81F, 0xF81F,  /* row 5  */
    0xF81F, 0xF81F, 0x0823, 0xAFFF, 0xA7DF, 0xEFFF, 0xEFFF, 0xEFFF, 0xEFFF, 0xEFFF, 0xD7DF, 0xE7FF, 0xF7FF, 0x4B5A, 0xDF9F, 0xEFFF, 0xEFFF, 0xEFFF, 0xEFFF, 0xEFFF, 0xEFFF, 0xEFFF, 0xEFFF, 0xEFFF, 0xEFFF, 0xEFFF, 0xE7DF, 0x9DDE, 0xEFFF, 0xEFFF, 0xBFFF, 0x8F9E, 0x77BE, 0x0001, 0xF81F, 0xF81F,  /* row 6  */
    0xF81F, 0xF81F, 0x0822, 0xB7FF, 0xA7DF, 0xEFFF, 0xEFFF, 0xEFFF, 0xEFFF, 0xB7DF, 0xB7DF, 0xE7FF, 0xF7FF, 0x537A, 0xAEDF, 0xAEDE, 0xAEDE, 0xAEDE, 0xAEDE, 0xAEDE, 0xAEDE, 0xAEDE, 0xAEDE, 0xAEDE, 0xAEDE, 0xAEDE, 0xB6FE, 0xAE3E, 0xEFFF, 0xF7FF, 0x6F9F, 0xFFFF, 0xB7BF, 0x0001, 0xF81F, 0xF81F,  /* row 7  */
    0xF81F, 0xF81F, 0x0822, 0xB7FF, 0xA7DF, 0xEFFF, 0xEFFF, 0xEFFF, 0xBFBF, 0xE7FF, 0xE7FF, 0xBF9F, 0x961F, 0x42D9, 0x31E9, 0x31E9, 0x31E9, 0x31EA, 0x31EA, 0x31EA, 0x31EA, 0x31EA, 0x31EA, 0x31EA, 0x31EA, 0x31EA, 0x320A, 0x63D4, 0xA63F, 0xA65F, 0x57FF, 0x8FFF, 0xF7DF, 0x0000, 0xF81F, 0xF81F,  /* row 8  */
    0xF81F, 0xF81F, 0x0822, 0xB7FF, 0xA7DF, 0xEFFF, 0xEFFF, 0xEFFF, 0xF7FF, 0x8EFF, 0x5C79, 0x2973, 0x0001, 0x0003, 0x294E, 0x4A3A, 0x4A3A, 0x4A3A, 0x4A5B, 0x4A5B, 0x4A5B, 0x525B, 0x527B, 0x527B, 0x527B, 0x527B, 0x529B, 0x4A3B, 0x2105, 0x18A4, 0x0003, 0x19EA, 0x2E3A, 0x2B4F, 0xF81F, 0xF81F,  /* row 9  */
    0xF81F, 0xF81F, 0x0822, 0xB7FF, 0xA7DF, 0xEFFF, 0xEFFF, 0xEFFF, 0xBEFF, 0x0829, 0x0003, 0x102B, 0x2030, 0x2070, 0x30F1, 0x28F0, 0x28D0, 0x28D0, 0x28B0, 0x20B0, 0x20B0, 0x20B0, 0x20B0, 0x2090, 0x2090, 0x2090, 0x2090, 0x208F, 0x106E, 0xEF7F, 0xE71F, 0x39F2, 0x0000, 0x1089, 0xF81F, 0xF81F,  /* row 10 */
    0xF81F, 0xF81F, 0x0822, 0xB7FF, 0xA7DF, 0xEFFF, 0xE7FF, 0xBE19, 0x0007, 0x0828, 0x0003, 0x182F, 0x182F, 0x202F, 0x204F, 0x204F, 0x204F, 0x204F, 0x202F, 0x202F, 0x202F, 0x202F, 0x202F, 0x202F, 0x202F, 0x202F, 0x202F, 0x202F, 0x202F, 0x100E, 0x30F0, 0xDF3F, 0x0000, 0x18CE, 0xF81F, 0xF81F,  /* row 11 */
    0xF81F, 0xF81F, 0x0821, 0xAFFF, 0xA7DF, 0xEFFF, 0xFFFF, 0x0002, 0x0828, 0x0829, 0x0004, 0x182F, 0x202F, 0x202F, 0x202F, 0x202F, 0x202F, 0x202F, 0x202F, 0x202F, 0x202F, 0x202F, 0x202F, 0x202F, 0x202F, 0x202F, 0x202F, 0x202F, 0x202F, 0x202F, 0x182F, 0xD6FF, 0x3A3A, 0x0000, 0xF81F, 0xF81F,  /* row 12 */
    0xF81F, 0xF81F, 0x0801, 0xAFBF, 0xA7BF, 0xF7FF, 0xFFFF, 0x0003, 0x0828, 0x0004, 0x102A, 0x182F, 0x202F, 0x182E, 0x202F, 0x202F, 0x202F, 0x202F, 0x202F, 0x202F, 0x202F, 0x202F, 0x202F, 0x202F, 0x202F, 0x202F, 0x202F, 0x202F, 0x202F, 0x202F, 0x102F, 0xAD7C, 0x635B, 0x0004, 0xF81F, 0xF81F,  /* row 13 */
    0xF81F, 0x0864, 0x0004, 0x0001, 0x324B, 0xAD97, 0xF7FF, 0x0003, 0x0828, 0x0003, 0x2030, 0x182F, 0x202F, 0x9819, 0x102E, 0x2830, 0x182F, 0x202F, 0x182F, 0x182F, 0x182F, 0x182F, 0x182F, 0x182F, 0x182F, 0x182F, 0x182F, 0x202F, 0x2030, 0x202F, 0xC83D, 0x94BA, 0xC67F, 0x0829, 0xF81F, 0xF81F,  /* row 14 */
    0xF81F, 0x0003, 0xFFE0, 0x0800, 0x5411, 0xADD7, 0xF7FF, 0x0003, 0x0828, 0x0003, 0x2030, 0x202F, 0x202F, 0x8837, 0xF01F, 0xF01F, 0xA81A, 0xA03A, 0x082E, 0x182F, 0x202F, 0x202F, 0x202F, 0x202F, 0x202F, 0x182F, 0x002D, 0xB81B, 0xC81D, 0xE81F, 0xD81D, 0x080D, 0xD71F, 0x0849, 0xF81F, 0xF81F,  /* row 15 */
    0xF81F, 0x0003, 0xFFC0, 0x0801, 0x53F1, 0xADD7, 0xF7FF, 0x0003, 0x0828, 0x0003, 0x2030, 0x202F, 0x202F, 0x082D, 0xF01F, 0xE81F, 0xE81F, 0xE81F, 0xF81E, 0x5034, 0x202F, 0x202F, 0x202F, 0x202F, 0x202F, 0x7036, 0xF81E, 0xE81F, 0xE81F, 0xF81E, 0x002D, 0x100E, 0xD71F, 0x0849, 0xF81F, 0xF81F,  /* row 16 */
    0xF81F, 0x0003, 0xFFE0, 0x0841, 0x41B3, 0xADD7, 0xF7FF, 0x0003, 0x0828, 0x0003, 0x2030, 0x202F, 0x182F, 0x102E, 0xF81E, 0xE81F, 0xE81F, 0xE81F, 0xE81F, 0x5033, 0x202F, 0x202F, 0x202F, 0x202F, 0x202F, 0x6835, 0xE01F, 0xE81F, 0xE81F, 0xF81E, 0x102E, 0x100E, 0xD71F, 0x0849, 0xF81F, 0xF81F,  /* row 17 */
    0xF81F, 0xF81F, 0x0003, 0x0004, 0x0000, 0xAD97, 0xF7FF, 0x0003, 0x0828, 0x0003, 0x2030, 0x182F, 0x202F, 0x202F, 0x002D, 0xC01C, 0xC01C, 0xC01C, 0xC01C, 0x4833, 0x202F, 0x202F, 0x202F, 0x202F, 0x202F, 0x5834, 0xC01B, 0xC01C, 0xC01B, 0x6835, 0x202F, 0x100E, 0xD71F, 0x0849, 0xF81F, 0xF81F,  /* row 18 */
    0xF81F, 0xF81F, 0x1064, 0x324A, 0xB7FF, 0xF7FF, 0xFFFF, 0x0003, 0x0828, 0x0003, 0x2030, 0x202F, 0x202F, 0x202F, 0x202F, 0x182F, 0x182F, 0x182F, 0x182F, 0x202F, 0x202F, 0x202F, 0x202F, 0x202F, 0x202F, 0x202F, 0x202F, 0x202F, 0x202F, 0x202F, 0x202F, 0x100E, 0xD71F, 0x0849, 0xF81F, 0xF81F,  /* row 19 */
    0xF81F, 0xF81F, 0x0821, 0xB7FF, 0xA7DF, 0xEFFF, 0xFFFF, 0x0003, 0x0829, 0x0003, 0x2030, 0x202F, 0x182F, 0x202F, 0x202F, 0x202F, 0x202F, 0x202F, 0x202F, 0x202F, 0x202F, 0x202F, 0x202F, 0x202F, 0x202F, 0x202F, 0x202F, 0x202F, 0x202F, 0x202F, 0x202F, 0x100E, 0xD71F, 0x0004, 0xF81F, 0xF81F,  /* row 20 */
    0xF81F, 0xF81F, 0x0821, 0xB7FF, 0xA7DF, 0xEFFF, 0xFFFF, 0x0003, 0x0829, 0x0003, 0x2030, 0x202F, 0x182F, 0x182F, 0x182F, 0x182F, 0x182F, 0x202F, 0x202F, 0x202F, 0x202F, 0x202F, 0x202F, 0x202F, 0x202F, 0x202F, 0x202F, 0x202F, 0x202F, 0x202F, 0x202F, 0x100E, 0xCE9E, 0x0001, 0xF81F, 0xF81F,  /* row 21 */
    0xF81F, 0xF81F, 0x0000, 0xB7FF, 0xA7DF, 0xEFFF, 0xFFFF, 0x0003, 0x0829, 0x0003, 0x2030, 0x202F, 0x182F, 0x182F, 0x182F, 0x182F, 0x182F, 0x182F, 0x182F, 0x184F, 0x180F, 0x182F, 0x182F, 0x184F, 0x184F, 0x182F, 0x182F, 0x182F, 0x2030, 0x200F, 0x204F, 0x8419, 0x2957, 0x0001, 0xF81F, 0xF81F,  /* row 22 */
    0xF81F, 0x0002, 0x8E19, 0xA7DF, 0xA7DF, 0xEFFF, 0xFFFF, 0x0003, 0x0829, 0x0004, 0x0004, 0x202F, 0x182F, 0x182F, 0x182F, 0x182F, 0x182F, 0x180E, 0x351A, 0x2AF5, 0x35BB, 0x35BB, 0x29D3, 0x2B76, 0x21F3, 0x200F, 0x200F, 0x202F, 0x202F, 0x1830, 0x202F, 0x745A, 0x2996, 0x0001, 0xF81F, 0xF81F,  /* row 23 */
    0xF81F, 0x0000, 0xBFFF, 0xA7DF, 0xA7DF, 0xEFFF, 0xF7FF, 0x0003, 0x0829, 0x0004, 0x0004, 0x184F, 0x182F, 0x182F, 0x182F, 0x180F, 0x3519, 0x3FFF, 0x3FBF, 0x3FFF, 0x3FFF, 0x3FDF, 0x3FFF, 0x3FDF, 0x3FFF, 0x3FDF, 0x3EDD, 0x200F, 0x1830, 0x1830, 0x202F, 0x639A, 0x18EE, 0x10A3, 0xF81F, 0xF81F,  /* row 24 */
    0xF81F, 0x0000, 0xBFFF, 0xA7DF, 0xA7DF, 0xEFFF, 0xF7FF, 0x0003, 0x0829, 0x0004, 0x0003, 0x102C, 0x182F, 0x182F, 0x182F, 0x365C, 0x3FFF, 0x361C, 0x375E, 0x184E, 0x2131, 0x2A74, 0x33F7, 0x357A, 0x3EDD, 0x3FDF, 0x3FDF, 0x2BD7, 0x184F, 0x202F, 0x202F, 0x18AB, 0x0863, 0xF81F, 0xF81F, 0xF81F,  /* row 25 */
    0xF81F, 0x0000, 0xBFFF, 0xA7DF, 0xA7DF, 0xD7FF, 0xAFFF, 0x0005, 0x323B, 0x0868, 0x0003, 0x0829, 0x182F, 0x202F, 0x180E, 0x359A, 0x180E, 0x202F, 0x200F, 0x204F, 0x204F, 0x204F, 0x204F, 0x204F, 0x180E, 0x2B55, 0x377E, 0x20F0, 0x186F, 0x202F, 0x2030, 0x0828, 0xF81F, 0xF81F, 0xF81F, 0xF81F,  /* row 26 */
    0xF81F, 0x0862, 0xC7DF, 0xA7BF, 0xA7DF, 0xA7BF, 0xA7BF, 0x6473, 0x0863, 0x0025, 0x29B9, 0x0024, 0x0003, 0x2031, 0x202F, 0x200F, 0x202F, 0x202F, 0x202F, 0x202F, 0x202F, 0x202F, 0x202F, 0x202F, 0x202F, 0x204F, 0x200E, 0x202F, 0x184F, 0x184F, 0x0001, 0x0001, 0xF81F, 0xF81F, 0xF81F, 0xF81F,  /* row 27 */
    0xF81F, 0xF81F, 0x0842, 0x74F5, 0xAFDF, 0x7D76, 0xAFFF, 0xAFFF, 0xB7FF, 0x3AAB, 0x0027, 0x29B7, 0x18CC, 0x0002, 0x102C, 0x182D, 0x202F, 0x204F, 0x202F, 0x202F, 0x202F, 0x202F, 0x202F, 0x202F, 0x2030, 0x1830, 0x202F, 0x102A, 0x0806, 0x1006, 0x38CA, 0xF81F, 0xF81F, 0xF81F, 0xF81F, 0xF81F,  /* row 28 */
    0xF81F, 0xF81F, 0xF81F, 0x0863, 0x2187, 0x0001, 0x08A3, 0x10A3, 0x9F3D, 0x9FFF, 0x9F5D, 0x0000, 0x0002, 0x29D6, 0x0002, 0x0004, 0x0004, 0x0003, 0x0003, 0x0003, 0x0003, 0x0004, 0x0003, 0x0003, 0x0003, 0x0004, 0x0004, 0x0002, 0xA176, 0x0021, 0xF81F, 0xF81F, 0xF81F, 0xF81F, 0xF81F, 0xF81F,  /* row 29 */
    0xF81F, 0xF81F, 0xF81F, 0xF81F, 0x0001, 0x0885, 0x2A8F, 0x32B0, 0x0000, 0x3AAB, 0x8F1D, 0x9FFF, 0x1926, 0x0004, 0x321A, 0x0025, 0x0004, 0x0003, 0x0004, 0x0004, 0x0004, 0x0004, 0x0868, 0x0889, 0x108A, 0x0003, 0x690F, 0xE1FE, 0x1844, 0x0023, 0xF81F, 0xF81F, 0xF81F, 0xF81F, 0xF81F, 0xF81F,  /* row 30 */
    0xF81F, 0xF81F, 0xF81F, 0xF81F, 0x0001, 0x21EC, 0x21CC, 0x0000, 0x08C5, 0x0000, 0x21A8, 0x326A, 0x9FFF, 0x65B7, 0x0846, 0x10EB, 0x10E9, 0x0003, 0x0828, 0x0828, 0x0828, 0x0026, 0x0827, 0x0005, 0x0026, 0x18AD, 0x48CA, 0x0803, 0x194A, 0x194A, 0x0001, 0xF81F, 0xF81F, 0xF81F, 0xF81F, 0xF81F,  /* row 31 */
    0xF81F, 0xF81F, 0xF81F, 0x0842, 0x08A4, 0x0863, 0x0000, 0x2A90, 0x2A90, 0x198A, 0x114A, 0x198C, 0x0001, 0x0000, 0x0003, 0x0003, 0x0886, 0x1069, 0x0829, 0x104B, 0x104B, 0x106C, 0x0005, 0x0807, 0x0004, 0x0005, 0x08A6, 0x1128, 0x2A90, 0x32B1, 0x6DBC, 0x0001, 0xF81F, 0xF81F, 0xF81F, 0xF81F,  /* row 32 */
    0xF81F, 0xF81F, 0x0861, 0x29CA, 0x5415, 0x2A8F, 0x220D, 0x10E6, 0x1107, 0x2A70, 0x2A70, 0x2A90, 0x0847, 0x198A, 0x0864, 0x0002, 0x3B6F, 0x0003, 0x104B, 0x104B, 0x104B, 0x106C, 0x0005, 0x0003, 0x2A4C, 0x0002, 0x2A4F, 0x1128, 0x0046, 0x0002, 0x5BF6, 0x5372, 0x0021, 0xF81F, 0xF81F, 0xF81F,  /* row 33 */
    0xF81F, 0xF81F, 0x09A8, 0x4DBA, 0x222D, 0x2A4E, 0x224E, 0x224E, 0x112A, 0x0847, 0x0847, 0x0026, 0x2A70, 0x2A4F, 0x2A4F, 0x21EC, 0x54D4, 0x0002, 0x106C, 0x104B, 0x104B, 0x0828, 0x0000, 0xA156, 0x4473, 0x0021, 0x3291, 0x2A70, 0x0867, 0x0022, 0x5BF6, 0x5C16, 0x0863, 0xF81F, 0xF81F, 0xF81F,  /* row 34 */
    0xF81F, 0xF81F, 0x08C4, 0x26DC, 0x2B93, 0x2B11, 0x2A6F, 0x21EC, 0x0847, 0x0867, 0x08A8, 0x2A70, 0x2A70, 0x21CE, 0x29CE, 0x218C, 0x5515, 0x0001, 0x0848, 0x0007, 0x0006, 0x3068, 0xB917, 0xA956, 0x3C73, 0x0021, 0x3291, 0x2A70, 0x0022, 0x194D, 0x2189, 0x53D5, 0x5BF5, 0x0000, 0xF81F, 0xF81F,  /* row 35 */
    0xF81F, 0x2126, 0x0000, 0x0000, 0x22ED, 0x2F1D, 0x0966, 0x0023, 0x0867, 0x0867, 0x08A8, 0x2A70, 0x0000, 0x47FF, 0x37FF, 0x35F9, 0x6555, 0x0022, 0x0000, 0x5CD4, 0xC139, 0xA115, 0xA8D6, 0xA937, 0x3C53, 0x0021, 0x32B2, 0x3291, 0x0001, 0x198F, 0x0842, 0x665B, 0x53F6, 0x0003, 0xF81F, 0xF81F,  /* row 36 */
    0xF81F, 0x0062, 0x4393, 0x19AB, 0x3960, 0x1880, 0x0001, 0x0867, 0x0867, 0x0867, 0x08A8, 0x2A4F, 0x3291, 0x0000, 0x0000, 0x0001, 0x5D35, 0x0022, 0x0000, 0x54F5, 0xB8F8, 0xA136, 0xA0D5, 0xA957, 0x4473, 0x0041, 0x0042, 0x0022, 0x0002, 0x196E, 0x10E9, 0x0000, 0x1947, 0x08A6, 0xF81F, 0xF81F,  /* row 37 */
    0x3A0B, 0x21CB, 0x19EB, 0x0064, 0x62A2, 0x3962, 0x0845, 0x0847, 0x0847, 0x0867, 0x0888, 0x2A4F, 0x2A4F, 0x2A50, 0x2A70, 0x2A4F, 0x5D14, 0x0022, 0x0000, 0x5CF5, 0xB0F8, 0xA135, 0x98D4, 0xA936, 0x3C53, 0x0021, 0x32B1, 0x2A70, 0x0888, 0x0045, 0x10AA, 0x0002, 0x4352, 0x5C77, 0x0001, 0xF81F,  /* row 38 */
    0x1928, 0x32D3, 0x0020, 0x0865, 0x1086, 0x0864, 0x0887, 0x0887, 0x0867, 0x0887, 0x0887, 0x1949, 0x1949, 0x1949, 0x1949, 0x1948, 0x324B, 0x0022, 0x0022, 0x2A0A, 0x40AC, 0x40AB, 0x408B, 0x40CB, 0x21C9, 0x0021, 0x1128, 0x1108, 0x0045, 0x0043, 0x0866, 0x0023, 0x1969, 0x21CB, 0x0885, 0x0863,  /* row 39 */
};
static const Sprite NB_SPRITE_WRAITH = {
    36, 40, 0xF81F, nb_wraith_px
};

/* =================================================================== */
/*  FORM 5: TITAN -- 40 x 44  */
/*  Tier 3 — large creature with crest                              */
/* =================================================================== */
static const uint16_t nb_titan_px[] = {
    0xF81F, 0xF81F, 0xF81F, 0xF81F, 0xF81F, 0xF81F, 0xF81F, 0xF81F, 0xF81F, 0xF81F, 0xF81F, 0xF81F, 0xF81F, 0xF81F, 0xF81F, 0xF81F, 0xF81F, 0x31A9, 0x31C9, 0x31A9, 0x31C9, 0x31C9, 0x31C9, 0x31C9, 0x31A9, 0x29A9, 0x1085, 0xF81F, 0xF81F, 0xF81F, 0xF81F, 0xF81F, 0xF81F, 0xF81F, 0xF81F, 0xF81F, 0xF81F, 0xF81F, 0xF81F, 0xF81F,  /* row 0  */
    0xF81F, 0xF81F, 0xF81F, 0xF81F, 0xF81F, 0xF81F, 0xF81F, 0xF81F, 0xF81F, 0x0863, 0x0002, 0x0002, 0x192B, 0x29B1, 0x3C35, 0x9515, 0x9514, 0xFFFF, 0xAEDE, 0xAEBE, 0xAEBE, 0xEFFF, 0xEFFF, 0xEFFF, 0xEFFF, 0xEFFF, 0x9598, 0x3B52, 0x19B0, 0x94D4, 0x4372, 0x0001, 0x0002, 0xF81F, 0xF81F, 0xF81F, 0xF81F, 0xF81F, 0xF81F, 0xF81F,  /* row 1  */
    0xF81F, 0xF81F, 0xF81F, 0xF81F, 0xF81F, 0xF81F, 0xF81F, 0x0863, 0x0001, 0x1951, 0xA6BC, 0xDF7D, 0xE7BE, 0xEFFF, 0xB6BE, 0x9E9E, 0x7D9D, 0x4B9A, 0x9E5E, 0xF7FF, 0xEFFF, 0xE7FF, 0xEFFF, 0xEFFF, 0xEFFF, 0xEFFF, 0xEFFF, 0xAEFE, 0xF7FF, 0x9E5D, 0x679E, 0xF7FF, 0xB7FF, 0x0000, 0x1084, 0xF81F, 0xF81F, 0xF81F, 0xF81F, 0xF81F,  /* row 2  */
    0xF81F, 0xF81F, 0xF81F, 0xF81F, 0xF81F, 0xF81F, 0x1082, 0x8E7A, 0xD73D, 0xEFFF, 0xE7FF, 0xE7DF, 0xAE7D, 0xAE9E, 0x9E9E, 0xA67E, 0x4319, 0xC6BE, 0xF7FF, 0xEFFF, 0xEFFF, 0xEFFF, 0xEFFF, 0xEFFF, 0xEFFF, 0xEFFF, 0xEFFF, 0xA6FE, 0xFFFF, 0x5B99, 0xF7FF, 0xE7FF, 0xEFFF, 0xFFFF, 0x0003, 0xF81F, 0xF81F, 0xF81F, 0xF81F, 0xF81F,  /* row 3  */
    0xF81F, 0xF81F, 0xF81F, 0xF81F, 0x2105, 0xF81F, 0x0003, 0xA7FF, 0xEFFF, 0xEFFF, 0xEFFF, 0xEFFF, 0xAE7E, 0xB6BE, 0xCFBF, 0x6C9B, 0x3AD9, 0xA7DF, 0xA7BF, 0xEFFF, 0xEFFF, 0xEFFF, 0xEFFF, 0xEFFF, 0xEFFF, 0xEFFF, 0xEFFF, 0xF7FF, 0x9F3E, 0x6C7B, 0xA63D, 0xEFFF, 0xEFFF, 0xF7FF, 0xB597, 0x2104, 0xF81F, 0xF81F, 0xF81F, 0xF81F,  /* row 4  */
    0xF81F, 0xF81F, 0xF81F, 0xF81F, 0x53B1, 0xE7DF, 0xB79E, 0xCFFF, 0xEFFF, 0xEFFF, 0xEFFF, 0xEFFF, 0xD77F, 0xDF9F, 0xD7FF, 0x433A, 0xFFFF, 0xEFFF, 0xEFFF, 0xEFFF, 0xEFFF, 0xEFFF, 0xEFFF, 0xEFFF, 0xEFFF, 0xEFFF, 0xEFFF, 0xEFFF, 0xEFFF, 0xD75F, 0xA61E, 0xEFFF, 0xEFFF, 0x87BF, 0xBFBF, 0xBE39, 0xF81F, 0xF81F, 0xF81F, 0xF81F,  /* row 5  */
    0xF81F, 0xF81F, 0xF81F, 0x5BB2, 0xAFFF, 0xC7DF, 0xE7FF, 0xE7FF, 0xEFFF, 0xEFFF, 0xEFFF, 0xA7BF, 0xBFDF, 0xEFFF, 0x7C9A, 0x42DA, 0xF7FF, 0xEFFF, 0xEFFF, 0xEFFF, 0xEFFF, 0xEFFF, 0xEFFF, 0xEFFF, 0xEFFF, 0xEFFF, 0xEFFF, 0xEFFF, 0xEFFF, 0xD73E, 0x7CFD, 0xDF7E, 0xEFFF, 0x87BF, 0xB7DF, 0xCFBE, 0x2370, 0x0883, 0xF81F, 0xF81F,  /* row 6  */
    0xF81F, 0xF81F, 0xF81F, 0x5BF2, 0xA7DF, 0xCFDF, 0xEFFF, 0xEFFF, 0xEFFF, 0xEFFF, 0xEFFF, 0xF7FF, 0xEFFF, 0xEFFF, 0x6BFA, 0xA6BE, 0xF7FF, 0xEFFF, 0xEFFF, 0xEFFF, 0xEFFF, 0xEFFF, 0xEFFF, 0xEFFF, 0xEFFF, 0xEFFF, 0xF7FF, 0xF7FF, 0xF7FF, 0xEFFF, 0xC6DE, 0xD75F, 0xE7FF, 0xF7FF, 0xF7FF, 0x979E, 0x3B90, 0x0863, 0xF81F, 0xF81F,  /* row 7  */
    0xF81F, 0xF81F, 0xF81F, 0x5C12, 0xA7BF, 0xCFDF, 0xEFFF, 0xEFFF, 0xEFFF, 0xF7FF, 0x9FBF, 0xA7BF, 0xBFDF, 0xF7FF, 0x6BFA, 0xA6DF, 0x9EBF, 0x9EBF, 0x9EBF, 0x9E9F, 0x9E9F, 0x9E9F, 0x9E9F, 0x9E9F, 0x9E9F, 0x9E9F, 0x9E9F, 0x9E9F, 0x9E9F, 0xAEDF, 0xCEFF, 0xDF7F, 0xF7FF, 0x6F9E, 0xA7BF, 0xE7DF, 0x6BD0, 0x1063, 0xF81F, 0xF81F,  /* row 8  */
    0xF81F, 0xF81F, 0xF81F, 0x5C12, 0xA7BF, 0xCFDF, 0xEFFF, 0xEFFF, 0xEFFF, 0xAFBE, 0xEFFF, 0xEFFF, 0xCF9F, 0x9E7F, 0x5B9D, 0x10C6, 0x10A3, 0x10A4, 0x10A4, 0x10A4, 0x10A4, 0x10A4, 0x10A4, 0x10A4, 0x10A4, 0x10A4, 0x10A4, 0x10A5, 0x10A5, 0x10C5, 0x426E, 0x95DF, 0x95DF, 0x5F7F, 0x3FBF, 0xF7DF, 0x7B8F, 0x0002, 0xF81F, 0xF81F,  /* row 9  */
    0xF81F, 0xF81F, 0xF81F, 0x5C12, 0xA7BF, 0xCFDF, 0xEFFF, 0xEFFF, 0xEFFF, 0xF7FF, 0x973F, 0x5438, 0x4B16, 0x0828, 0x0003, 0x0863, 0x423A, 0x423A, 0x4A3A, 0x4A3A, 0x4A3B, 0x4A3A, 0x4A5B, 0x4A5B, 0x4A5B, 0x527B, 0x527B, 0x527B, 0x527B, 0x527B, 0x4A3B, 0x2108, 0x18C5, 0x0003, 0x0000, 0x3E7B, 0x3E9C, 0x08A4, 0xF81F, 0xF81F,  /* row 10 */
    0xF81F, 0xF81F, 0xF81F, 0x5C32, 0xA7BF, 0xCFDF, 0xEFFF, 0xEFFF, 0xEFFF, 0xC75F, 0x10AB, 0x0004, 0x0808, 0x182E, 0x182F, 0x3973, 0x3952, 0x3951, 0x3151, 0x3131, 0x3131, 0x3131, 0x3111, 0x3111, 0x3111, 0x2911, 0x28F0, 0x28F0, 0x28F1, 0x28F1, 0x28F0, 0x20CF, 0xDEBE, 0xEF5F, 0x8456, 0x0009, 0x0025, 0x0002, 0xF81F, 0xF81F,  /* row 11 */
    0xF81F, 0xF81F, 0xF81F, 0x5C32, 0xA7BF, 0xCFDF, 0xEFFF, 0xEFFF, 0xD6BB, 0x0006, 0x0849, 0x0004, 0x102A, 0x182F, 0x182F, 0x204F, 0x204F, 0x204F, 0x204F, 0x204F, 0x204F, 0x204F, 0x204F, 0x204F, 0x204F, 0x204F, 0x204F, 0x204F, 0x204F, 0x204F, 0x204F, 0x204F, 0x100E, 0x000D, 0xBE1E, 0x9CD8, 0x108A, 0x0004, 0xF81F, 0xF81F,  /* row 12 */
    0xF81F, 0xF81F, 0xF81F, 0x5C32, 0xA7BF, 0xCFDF, 0xE7DF, 0xCEBB, 0x0005, 0x0828, 0x0829, 0x0004, 0x100A, 0x182F, 0x202F, 0x202F, 0x202F, 0x202F, 0x202F, 0x202F, 0x202F, 0x202F, 0x202F, 0x202F, 0x202F, 0x202F, 0x202F, 0x202F, 0x202F, 0x202F, 0x202F, 0x202F, 0x202F, 0x182F, 0xAD5C, 0xAD9D, 0x18CC, 0x0002, 0xF81F, 0xF81F,  /* row 13 */
    0xF81F, 0xF81F, 0xF81F, 0x6453, 0xA7FF, 0xD7FF, 0xE7DF, 0xD6DB, 0x0006, 0x0828, 0x0005, 0x0003, 0x102F, 0xB87B, 0x082E, 0x202F, 0x202F, 0x202F, 0x202F, 0x102E, 0x202F, 0x202F, 0x202F, 0x202F, 0x202F, 0x202F, 0x202F, 0x202F, 0x202F, 0x202F, 0x202F, 0x202F, 0x182F, 0x180F, 0xA51B, 0xC63E, 0x088C, 0x0002, 0xF81F, 0xF81F,  /* row 14 */
    0xF81F, 0xF81F, 0x2947, 0x0003, 0x0002, 0x0043, 0xFFFF, 0xD6DB, 0x0006, 0x0828, 0x0004, 0x2050, 0x182F, 0x002E, 0xD05D, 0x100E, 0x182F, 0x200F, 0x000D, 0xF87F, 0x102E, 0x202F, 0x202F, 0x202F, 0x202F, 0x2831, 0x3831, 0x202F, 0x202F, 0x200F, 0x200F, 0x6835, 0x5033, 0x202F, 0x080D, 0xCEBF, 0x845C, 0x0002, 0xF81F, 0xF81F,  /* row 15 */
    0xF81F, 0x0003, 0x9C62, 0x6B43, 0x5390, 0x0000, 0xFFFF, 0xD6DB, 0x0006, 0x0828, 0x0004, 0x202F, 0x202F, 0x182F, 0xA85A, 0x8858, 0x100F, 0x3832, 0xC05D, 0x002E, 0x2030, 0x202F, 0x202F, 0x202F, 0x202F, 0x2831, 0xA05A, 0x182F, 0x202F, 0x080E, 0xC87C, 0xB83C, 0x202F, 0x202F, 0x180F, 0x947A, 0x843B, 0x0002, 0xF81F, 0xF81F,  /* row 16 */
    0xF81F, 0x0003, 0xEEA0, 0xA4C2, 0x4B4F, 0x0000, 0xFFFF, 0xD6DB, 0x0006, 0x0828, 0x0004, 0x202F, 0x202F, 0x202F, 0x202F, 0x1830, 0xC8FE, 0xE81E, 0x102F, 0x202F, 0x202F, 0x202F, 0x202F, 0x202F, 0x202F, 0x202F, 0x102F, 0xE07E, 0x1830, 0xA87A, 0x002E, 0x102F, 0x202F, 0x182F, 0x2030, 0x6B36, 0x7C3B, 0x0002, 0xF81F, 0xF81F,  /* row 17 */
    0xF81F, 0x0003, 0xEEC0, 0xACC2, 0x4B6F, 0x0000, 0xFFFF, 0xD6DB, 0x0006, 0x0828, 0x0004, 0x2030, 0x202F, 0x202F, 0x202F, 0x102E, 0xD0FF, 0x9979, 0x2830, 0x202F, 0x202F, 0x202F, 0x202F, 0x202F, 0x202F, 0x202F, 0x2010, 0x182F, 0xE9FF, 0x5014, 0x2030, 0x202F, 0x202F, 0x202F, 0x2030, 0x6B16, 0x843B, 0x0002, 0xF81F, 0xF81F,  /* row 18 */
    0xF81F, 0x0003, 0xFF40, 0xACE2, 0x106A, 0x0002, 0xFFFF, 0xD6DB, 0x0006, 0x0828, 0x0004, 0x202F, 0x202F, 0x202F, 0x1830, 0xA85A, 0x7858, 0x5074, 0xD83D, 0x102F, 0x202F, 0x202F, 0x202F, 0x202F, 0x202F, 0x202F, 0x102E, 0xF87F, 0x3854, 0xD89D, 0x082E, 0x202F, 0x202F, 0x202F, 0x2030, 0x6B16, 0x843B, 0x0002, 0xF81F, 0xF81F,  /* row 19 */
    0xF81F, 0xF81F, 0x0004, 0x0004, 0x0003, 0x0000, 0xFFFF, 0xD6DB, 0x0006, 0x0828, 0x0004, 0x2030, 0x202F, 0x102F, 0xE03D, 0xA05B, 0x2030, 0x2030, 0x2831, 0xF07F, 0x102E, 0x202F, 0x202F, 0x202F, 0x202F, 0x2030, 0xB85B, 0x1810, 0x2030, 0x2832, 0xF05F, 0x1830, 0x202F, 0x202F, 0x2030, 0x6B16, 0x845B, 0x0002, 0xF81F, 0xF81F,  /* row 20 */
    0xF81F, 0xF81F, 0xF81F, 0x2168, 0x5C31, 0xDFFF, 0xE7DF, 0xD6DB, 0x0006, 0x0828, 0x0004, 0x2030, 0x202F, 0x102F, 0xD07D, 0x102E, 0x202F, 0x202F, 0x202F, 0x102F, 0x202F, 0x202F, 0x202F, 0x202F, 0x202F, 0x3032, 0x5835, 0x202F, 0x202F, 0x182F, 0xA87B, 0xB03A, 0x202F, 0x202F, 0x2030, 0x6B16, 0x845B, 0x0002, 0xF81F, 0xF81F,  /* row 21 */
    0xF81F, 0xF81F, 0xF81F, 0x6432, 0xA7BF, 0xCFDF, 0xE7DF, 0xD6DB, 0x0006, 0x0828, 0x0004, 0x202F, 0x202F, 0x202F, 0x182F, 0x202F, 0x202F, 0x202F, 0x202F, 0x202F, 0x202F, 0x202F, 0x202F, 0x202F, 0x202F, 0x202F, 0x202F, 0x202F, 0x202F, 0x202F, 0x202F, 0x2030, 0x202F, 0x202F, 0x2030, 0x62F5, 0x7BF6, 0x0003, 0xF81F, 0xF81F,  /* row 22 */
    0xF81F, 0xF81F, 0xF81F, 0x6433, 0xA7BF, 0xCFDF, 0xE7DF, 0xD6DB, 0x0006, 0x0828, 0x0004, 0x202F, 0x182F, 0x182F, 0x182F, 0x182F, 0x182F, 0x182F, 0x202F, 0x202F, 0x202F, 0x202F, 0x202F, 0x202F, 0x202F, 0x202F, 0x202F, 0x202F, 0x202F, 0x202F, 0x202F, 0x202F, 0x202F, 0x202F, 0x2030, 0x62F5, 0x6B70, 0x0002, 0xF81F, 0xF81F,  /* row 23 */
    0xF81F, 0xF81F, 0xF81F, 0x6453, 0xA7BF, 0xCFDF, 0xE7DF, 0xD6DB, 0x0006, 0x0828, 0x0004, 0x182F, 0x182F, 0x182F, 0x182F, 0x182F, 0x182F, 0x182F, 0x182F, 0x202F, 0x182F, 0x182F, 0x182F, 0x182F, 0x182F, 0x182F, 0x182F, 0x182F, 0x182F, 0x182F, 0x182F, 0x202F, 0x202F, 0x202F, 0x180F, 0x8C9A, 0x086B, 0x0002, 0xF81F, 0xF81F,  /* row 24 */
    0xF81F, 0xF81F, 0x10A4, 0x7DD8, 0xA7DF, 0xCFFF, 0xE7DF, 0xD6DB, 0x0006, 0x0829, 0x0004, 0x102B, 0x202F, 0x182F, 0x182F, 0x182F, 0x182F, 0x182F, 0x202F, 0x202F, 0x202F, 0x204F, 0x200F, 0x200F, 0x202F, 0x204F, 0x204F, 0x202F, 0x202F, 0x202F, 0x202F, 0x202F, 0x202F, 0x202F, 0x100E, 0xBE7F, 0x10AB, 0x0003, 0xF81F, 0xF81F,  /* row 25 */
    0xF81F, 0x0001, 0xC75D, 0xA7BF, 0xA7DF, 0xCFFF, 0xE7DF, 0xD6DB, 0x0006, 0x0829, 0x0004, 0x0002, 0x184F, 0x182F, 0x182F, 0x182F, 0x182F, 0x184F, 0x180D, 0x2C78, 0x2911, 0x2A74, 0x2B56, 0x367D, 0x20F1, 0x2B36, 0x2131, 0x2090, 0x202F, 0x202F, 0x202F, 0x182F, 0x1830, 0x202F, 0x180E, 0xA63F, 0x10AD, 0x1083, 0xF81F, 0xF81F,  /* row 26 */
    0xF81F, 0x0001, 0xBF3D, 0xA7DF, 0xA7DF, 0xCFFF, 0xE7DF, 0xD6DB, 0x0006, 0x0829, 0x0004, 0x0002, 0x184F, 0x202F, 0x182F, 0x182F, 0x182F, 0x2172, 0x47FF, 0x3FDF, 0x3FFF, 0x3FDF, 0x3FFF, 0x3FBF, 0x3FFF, 0x3FBF, 0x3FFF, 0x3FDF, 0x363C, 0x20D0, 0x202F, 0x182F, 0x1830, 0x202F, 0x180E, 0x29D8, 0x0841, 0xF81F, 0xF81F, 0xF81F,  /* row 27 */
    0xF81F, 0x0001, 0xBF3D, 0xA7DF, 0xA7DF, 0xD7FF, 0xCFDF, 0x9E9A, 0x10AC, 0x2133, 0x0003, 0x0003, 0x0005, 0x182F, 0x182F, 0x184F, 0x2AF5, 0x3FFF, 0x3FFF, 0x3FFF, 0x36FD, 0x2AB4, 0x3458, 0x3DDB, 0x3EFD, 0x3FBF, 0x3FFF, 0x3FFF, 0x3FBF, 0x3F1E, 0x200F, 0x184F, 0x182F, 0x202F, 0x2050, 0x0000, 0xF81F, 0xF81F, 0xF81F, 0xF81F,  /* row 28 */
    0xF81F, 0x0001, 0xBF3D, 0xA7DF, 0xA7DF, 0xAFDF, 0xA7DF, 0x8E5A, 0x0023, 0x29D8, 0x2152, 0x10AC, 0x0004, 0x1029, 0x182F, 0x180E, 0x3FFF, 0x20B0, 0x20D0, 0x180E, 0x200E, 0x204F, 0x204F, 0x202F, 0x200F, 0x180E, 0x180E, 0x351A, 0x3FBF, 0x3FFF, 0x200E, 0x184F, 0x182F, 0x202F, 0x2050, 0x0041, 0xF81F, 0xF81F, 0xF81F, 0xF81F,  /* row 29 */
    0xF81F, 0x18E5, 0x7C32, 0xAFFF, 0xA7DF, 0xA7DF, 0xA7DF, 0xA7FF, 0x53F1, 0x324B, 0x0002, 0x1911, 0x2131, 0x0003, 0x102A, 0x200F, 0x20F1, 0x204F, 0x202F, 0x202F, 0x202F, 0x202F, 0x202F, 0x202F, 0x202F, 0x202F, 0x202F, 0x180F, 0x200E, 0x21F3, 0x202F, 0x182F, 0x184F, 0x0003, 0x0001, 0x10A4, 0xF81F, 0xF81F, 0xF81F, 0xF81F,  /* row 30 */
    0xF81F, 0xF81F, 0xF81F, 0x18E6, 0x6CB3, 0x7DD7, 0x6CB3, 0xAFFF, 0xAFFF, 0xA7DF, 0x64D4, 0x0002, 0x108B, 0x29D7, 0x0001, 0x0002, 0x104C, 0x182E, 0x202F, 0x204F, 0x2030, 0x202F, 0x2030, 0x202F, 0x2030, 0x2030, 0x2030, 0x2030, 0x2030, 0x184F, 0x102A, 0x0003, 0x0825, 0x308A, 0x2105, 0xF81F, 0xF81F, 0xF81F, 0xF81F, 0xF81F,  /* row 31 */
    0xF81F, 0xF81F, 0xF81F, 0xF81F, 0x0843, 0x08A4, 0x0001, 0x0041, 0x0861, 0xA79E, 0x9FFF, 0xA79E, 0x0063, 0x0001, 0x1951, 0x190E, 0x0001, 0x0003, 0x0003, 0x0003, 0x0003, 0x0003, 0x0003, 0x0003, 0x0003, 0x0003, 0x0003, 0x0003, 0x0003, 0x0004, 0x0002, 0x58CE, 0x388A, 0xF81F, 0xF81F, 0xF81F, 0xF81F, 0xF81F, 0xF81F, 0xF81F,  /* row 32 */
    0xF81F, 0xF81F, 0xF81F, 0xF81F, 0x3186, 0x0002, 0x2A2E, 0x32B1, 0x326F, 0x0000, 0x21E8, 0x9FFF, 0x97FF, 0x6535, 0x0002, 0x2194, 0x3219, 0x0002, 0x0004, 0x0003, 0x0004, 0x0004, 0x0004, 0x0004, 0x0003, 0x10AA, 0x108A, 0x108B, 0x0003, 0x48CC, 0xEA1F, 0x692D, 0x0002, 0xF81F, 0xF81F, 0xF81F, 0xF81F, 0xF81F, 0xF81F, 0xF81F,  /* row 33 */
    0xF81F, 0xF81F, 0xF81F, 0xF81F, 0x3166, 0x0064, 0x10C6, 0x08A5, 0x08E6, 0x19AA, 0x0000, 0x21A8, 0x3ACC, 0x7659, 0x54B4, 0x19E8, 0x2192, 0x10EC, 0x0866, 0x0003, 0x0005, 0x0005, 0x0005, 0x0005, 0x0003, 0x0847, 0x0004, 0x0848, 0x1047, 0x9174, 0x2847, 0x0865, 0x0885, 0x0002, 0xF81F, 0xF81F, 0xF81F, 0xF81F, 0xF81F, 0xF81F,  /* row 34 */
    0xF81F, 0xF81F, 0xF81F, 0xF81F, 0x0001, 0x0000, 0x0001, 0x0063, 0x2A90, 0x2A6F, 0x0863, 0x0023, 0x10C9, 0x0842, 0x0063, 0x0864, 0x0003, 0x0003, 0x194C, 0x0002, 0x104D, 0x104B, 0x104B, 0x106B, 0x104A, 0x0004, 0x0827, 0x0003, 0x0827, 0x0002, 0x0885, 0x3290, 0x32B1, 0x5414, 0x08A7, 0x10A4, 0xF81F, 0xF81F, 0xF81F, 0xF81F,  /* row 35 */
    0xF81F, 0xF81F, 0xF81F, 0x0022, 0x2A2C, 0x5415, 0x3B11, 0x10C5, 0x0000, 0x2A4F, 0x2A4F, 0x2A4F, 0x2A4F, 0x21CE, 0x0023, 0x0002, 0x0002, 0x0002, 0x0082, 0x28B0, 0x0005, 0x104B, 0x104B, 0x104B, 0x104B, 0x0003, 0x0003, 0x0002, 0x0004, 0x2A6F, 0x08C5, 0x10C8, 0x0000, 0x53B5, 0x6CB9, 0x0000, 0xF81F, 0xF81F, 0xF81F, 0xF81F,  /* row 36 */
    0xF81F, 0xF81F, 0x1082, 0x2C32, 0x5C56, 0x222E, 0x224E, 0x2A4E, 0x1989, 0x0885, 0x21CD, 0x21CD, 0x21CD, 0x198D, 0x220E, 0x2A90, 0x08A6, 0x0043, 0x7F5E, 0x0001, 0x106C, 0x104B, 0x104B, 0x104C, 0x0827, 0x0004, 0x0003, 0x7FFF, 0x0000, 0x2A4F, 0x1928, 0x10C8, 0x0001, 0x5BF6, 0x53B5, 0x6C76, 0x1083, 0xF81F, 0xF81F, 0xF81F,  /* row 37 */
    0xF81F, 0xF81F, 0x0000, 0x37FF, 0x34D7, 0x220D, 0x222D, 0x2A2E, 0x2A6F, 0x0867, 0x0867, 0x0847, 0x21EE, 0x220E, 0x2A4F, 0x2A4F, 0x2A4F, 0x10C6, 0x76FC, 0x0001, 0x106D, 0x106C, 0x106D, 0x0004, 0x0003, 0xD13A, 0x2005, 0x6FBF, 0x0000, 0x2A91, 0x2A70, 0x10E9, 0x0001, 0x1906, 0x5C16, 0x53B5, 0x2169, 0x0021, 0xF81F, 0xF81F,  /* row 38 */
    0xF81F, 0xF81F, 0x0022, 0x0001, 0x269B, 0x3F5F, 0x4599, 0x19AB, 0x08A7, 0x0867, 0x0867, 0x0846, 0x2A70, 0x2A2F, 0x228F, 0x2311, 0x2B12, 0x0906, 0x875E, 0x0001, 0x0002, 0x0843, 0x0803, 0xC159, 0x0000, 0xF95F, 0x2025, 0x6FBF, 0x0000, 0x3290, 0x2A50, 0x0884, 0x21B0, 0x0000, 0x6458, 0x5394, 0x29CA, 0x0002, 0xF81F, 0xF81F,  /* row 39 */
    0xF81F, 0x18C4, 0x10C5, 0x08A4, 0x0001, 0x23B0, 0x1B90, 0x0001, 0x0045, 0x0847, 0x0867, 0x0846, 0x2A70, 0x21ED, 0x1ACD, 0x2CD4, 0x2CD4, 0x1187, 0x875E, 0x0001, 0x0001, 0x7EFD, 0x3829, 0xF97F, 0x0000, 0xF95F, 0x2005, 0x6F9F, 0x0000, 0x21CC, 0x19AB, 0x0864, 0x198F, 0x0022, 0x0021, 0x5516, 0x216A, 0x0002, 0xF81F, 0xF81F,  /* row 40 */
    0xF81F, 0x0042, 0x32F0, 0x222D, 0x49E3, 0x9C02, 0x0841, 0x0045, 0x0867, 0x0847, 0x0867, 0x0846, 0x2A70, 0x2A4F, 0x198A, 0x1128, 0x1107, 0x0884, 0x873D, 0x0001, 0x0001, 0x76BC, 0x3829, 0xF97F, 0x0000, 0xF95F, 0x2025, 0x779F, 0x0000, 0x1149, 0x1128, 0x0885, 0x08A8, 0x196F, 0x08A7, 0x0042, 0x4372, 0x10C6, 0x10C4, 0xF81F,  /* row 41 */
    0x320B, 0x196B, 0x2A2D, 0x1969, 0x1061, 0x28E1, 0x0001, 0x0867, 0x0847, 0x0847, 0x0867, 0x0846, 0x2A70, 0x2A4F, 0x2A4F, 0x2A4F, 0x2A4F, 0x1149, 0x873D, 0x0001, 0x0001, 0x76BC, 0x3028, 0xF97F, 0x0000, 0xF95F, 0x2005, 0x6F9F, 0x0000, 0x2A91, 0x2A50, 0x10E9, 0x0002, 0x10CA, 0x08A9, 0x0022, 0x3B11, 0x64D9, 0x0001, 0x2105,  /* row 42 */
    0x10C6, 0x2A91, 0x0884, 0x0022, 0x08A7, 0x0842, 0x1087, 0x0867, 0x0887, 0x0887, 0x0887, 0x0867, 0x1928, 0x1928, 0x1948, 0x1928, 0x1928, 0x10A5, 0x3ACD, 0x0022, 0x0022, 0x324B, 0x1045, 0x50AD, 0x0022, 0x58AD, 0x0823, 0x32AD, 0x0021, 0x10E7, 0x10E6, 0x0865, 0x0022, 0x0886, 0x0886, 0x0043, 0x1928, 0x21CB, 0x0023, 0x0863,  /* row 43 */
};
static const Sprite NB_SPRITE_TITAN = {
    40, 44, 0xF81F, nb_titan_px
};

/* =================================================================== */
/*  FORM 6: PRIME -- 44 x 44  */
/*  Tier 3 — largest evolved form                                   */
/* =================================================================== */
static const uint16_t nb_prime_px[] = {
    0xF81F, 0xF81F, 0xF81F, 0xF81F, 0xF81F, 0xF81F, 0xF81F, 0xF81F, 0xF81F, 0xF81F, 0xF81F, 0xF81F, 0xF81F, 0xF81F, 0xF81F, 0xF81F, 0xF81F, 0xF81F, 0xF81F, 0x31A9, 0x31C9, 0x31A9, 0x31C9, 0x31C9, 0x31C9, 0x31C9, 0x31A9, 0x31A9, 0x31A9, 0x0003, 0xF81F, 0xF81F, 0xF81F, 0xF81F, 0xF81F, 0xF81F, 0xF81F, 0xF81F, 0xF81F, 0xF81F, 0xF81F, 0xF81F, 0xF81F, 0xF81F,  /* row 0  */
    0xF81F, 0xF81F, 0xF81F, 0xF81F, 0xF81F, 0xF81F, 0xF81F, 0xF81F, 0xF81F, 0xF81F, 0x0842, 0x0002, 0x0002, 0x0844, 0x29F2, 0x21F1, 0x5556, 0x9D35, 0xB618, 0xE7DF, 0xAEDE, 0xAEBE, 0xAEBE, 0xEFFF, 0xEFFF, 0xEFFF, 0xEFFF, 0xEFFF, 0xF7FF, 0x6454, 0x3B52, 0x21B0, 0x8CD4, 0x4B92, 0x0002, 0x0002, 0x0844, 0xF81F, 0xF81F, 0xF81F, 0xF81F, 0xF81F, 0xF81F, 0xF81F,  /* row 1  */
    0xF81F, 0xF81F, 0xF81F, 0xF81F, 0xF81F, 0xF81F, 0xF81F, 0xF81F, 0x0863, 0x0001, 0x2172, 0x9E9C, 0xDF5D, 0xDF7D, 0xFFFF, 0xD75F, 0x967E, 0x85FE, 0x753D, 0x6CBC, 0xAE9E, 0xF7FF, 0xEFFF, 0xEFFF, 0xEFFF, 0xEFFF, 0xEFFF, 0xEFFF, 0xEFFF, 0xEFFF, 0xA6DE, 0xF7FF, 0xA67D, 0x779E, 0xE7FF, 0xB7FF, 0x1905, 0x0003, 0xF81F, 0xF81F, 0xF81F, 0xF81F, 0xF81F, 0xF81F,  /* row 2  */
    0xF81F, 0xF81F, 0xF81F, 0xF81F, 0xF81F, 0xF81F, 0xF81F, 0x2146, 0x8E19, 0xD75E, 0xEFFF, 0xE7FF, 0xE7DF, 0xDF7E, 0x857D, 0xCF7F, 0x9E7E, 0x6C7B, 0x433A, 0xDF5E, 0xEFFF, 0xEFFF, 0xEFFF, 0xEFFF, 0xEFFF, 0xEFFF, 0xEFFF, 0xEFFF, 0xEFFF, 0xEFFF, 0x9EDE, 0xEFBF, 0x5BBA, 0xF7FF, 0xE7FF, 0xEFFF, 0xF7FF, 0x7C32, 0x0825, 0xF81F, 0xF81F, 0xF81F, 0xF81F, 0xF81F,  /* row 3  */
    0xF81F, 0xF81F, 0xF81F, 0xF81F, 0xF81F, 0xF81F, 0x0023, 0x4B91, 0xB7BF, 0xE7FF, 0xEFFF, 0xEFFF, 0xEFFF, 0xDF9F, 0x855E, 0xEFFF, 0xA67D, 0x5BDA, 0x431A, 0xA7FF, 0xB7BF, 0xEFFF, 0xEFFF, 0xEFFF, 0xEFFF, 0xEFFF, 0xEFFF, 0xEFFF, 0xEFFF, 0xEFFF, 0xF7FF, 0x96FE, 0x6C7B, 0x95DC, 0xEFFF, 0xEFFF, 0xEFFF, 0xDEDB, 0x632D, 0xF81F, 0xF81F, 0xF81F, 0xF81F, 0xF81F,  /* row 4  */
    0xF81F, 0xF81F, 0xF81F, 0xF81F, 0x0001, 0xA7DF, 0xF7FF, 0xAFBE, 0xD7FF, 0xEFFF, 0xEFFF, 0xEFFF, 0xEFFF, 0xE7DF, 0xC71F, 0xE7DF, 0x9E3D, 0x955C, 0xEFFF, 0xEFFF, 0xEFFF, 0xEFFF, 0xEFFF, 0xEFFF, 0xEFFF, 0xEFFF, 0xEFFF, 0xEFFF, 0xEFFF, 0xEFFF, 0xEFFF, 0xEFFF, 0xD75F, 0x95BD, 0xEFFF, 0xE7FF, 0xCFFF, 0x6F9F, 0xF7DF, 0x10A3, 0xF81F, 0xF81F, 0xF81F, 0xF81F,  /* row 5  */
    0xF81F, 0xF81F, 0xF81F, 0x0005, 0xB7DF, 0x9FDF, 0xEFFF, 0xE7FF, 0xEFFF, 0xEFFF, 0xEFFF, 0xEFFF, 0xAFBF, 0xA7BF, 0xEFFF, 0xE79F, 0x535A, 0x8D1B, 0xE7FF, 0xEFFF, 0xEFFF, 0xEFFF, 0xEFFF, 0xEFFF, 0xEFFF, 0xEFFF, 0xEFFF, 0xEFFF, 0xEFFF, 0xEFFF, 0xEFFF, 0xEFFF, 0xCF3E, 0x7CFD, 0xBEDE, 0xE7FF, 0xCFDF, 0x67BF, 0xF7FF, 0x5F7E, 0x0022, 0xF81F, 0xF81F, 0xF81F,  /* row 6  */
    0xF81F, 0xF81F, 0xF81F, 0x0001, 0xAFFF, 0xA7DF, 0xEFFF, 0xEFFF, 0xEFFF, 0xEFFF, 0xEFFF, 0xEFFF, 0xEFFF, 0xEFFF, 0xE7FF, 0xE79F, 0x4B39, 0xC77F, 0xEFFF, 0xEFFF, 0xEFFF, 0xEFFF, 0xEFFF, 0xEFFF, 0xEFFF, 0xEFFF, 0xEFFF, 0xEFFF, 0xEFFF, 0xEFFF, 0xF7FF, 0xF7FF, 0xEFFF, 0xD75F, 0xB69E, 0xEFFF, 0xEFFF, 0xF7FF, 0xC7DF, 0x77FF, 0x0022, 0xF81F, 0xF81F, 0xF81F,  /* row 7  */
    0xF81F, 0xF81F, 0xF81F, 0x0001, 0xAFFF, 0xA7DF, 0xEFFF, 0xEFFF, 0xEFFF, 0xEFFF, 0xF7FF, 0xA7BF, 0x9FBF, 0x9FBF, 0xF7FF, 0xEFBF, 0x4B39, 0xA6FF, 0x9EBF, 0x9EBF, 0x9EBF, 0x9E9F, 0x9E9F, 0x9E9F, 0x9E9F, 0x9E9F, 0x9E9F, 0x9E9F, 0x9E9F, 0x9E9F, 0x9E9F, 0x9E9F, 0xAEFF, 0xDF7F, 0xBE9E, 0xEFFF, 0xCFFF, 0x477F, 0xFFFF, 0xEFFF, 0x0842, 0xF81F, 0xF81F, 0xF81F,  /* row 8  */
    0xF81F, 0xF81F, 0xF81F, 0x0001, 0xAFFF, 0xA7DF, 0xEFFF, 0xEFFF, 0xEFFF, 0xEFFF, 0xAFBE, 0xEFFF, 0xF7FF, 0xEFFF, 0xAF5F, 0x7D1E, 0x42DA, 0x10A3, 0x10A3, 0x10A4, 0x10A4, 0x10A4, 0x10A4, 0x10A4, 0x10A4, 0x10A4, 0x10A4, 0x10A4, 0x10A4, 0x10A4, 0x10A5, 0x10A5, 0x10C5, 0x31CA, 0x95FF, 0x8DDF, 0x767F, 0x57DF, 0x67BF, 0xFFFF, 0x0801, 0x0023, 0xF81F, 0xF81F,  /* row 9  */
    0xF81F, 0xF81F, 0xF81F, 0x0001, 0xAFFF, 0xA7DF, 0xEFFF, 0xEFFF, 0xEFFF, 0xEFFF, 0xF7FF, 0x973F, 0x5458, 0x6459, 0x18B1, 0x0001, 0x0003, 0x10A5, 0x4A5C, 0x4A3B, 0x4A3A, 0x4A3A, 0x4A3A, 0x4A3A, 0x4A5B, 0x4A5B, 0x4A5B, 0x525B, 0x527B, 0x527B, 0x527B, 0x527B, 0x527B, 0x4A5B, 0x294D, 0x18C5, 0x18A4, 0x0004, 0x1147, 0x367B, 0x56FD, 0x0001, 0xF81F, 0xF81F,  /* row 10 */
    0xF81F, 0xF81F, 0xF81F, 0x0001, 0xAFFF, 0xA7DF, 0xEFFF, 0xEFFF, 0xEFFF, 0xEFFF, 0xBF3F, 0x18EC, 0x0004, 0x0004, 0x100B, 0x2050, 0x2050, 0x4193, 0x3952, 0x3951, 0x3951, 0x3131, 0x3131, 0x3131, 0x3111, 0x3111, 0x3111, 0x3111, 0x2910, 0x28F0, 0x28F0, 0x28F1, 0x28F1, 0x28F0, 0x28F0, 0x83F7, 0xE71F, 0xD69E, 0x298F, 0x0002, 0x10AB, 0x0002, 0xF81F, 0xF81F,  /* row 11 */
    0xF81F, 0xF81F, 0xF81F, 0x0001, 0xAFFF, 0xA7DF, 0xEFFF, 0xEFFF, 0xF7FF, 0xBE19, 0x0006, 0x0829, 0x0004, 0x0005, 0x182F, 0x202F, 0x202F, 0x204F, 0x204F, 0x204F, 0x204F, 0x204F, 0x204F, 0x204F, 0x204F, 0x204F, 0x204F, 0x204F, 0x204F, 0x204F, 0x204F, 0x204F, 0x204F, 0x204F, 0x204F, 0x180F, 0x080E, 0x7377, 0xD6FF, 0x0002, 0x2977, 0x0001, 0xF81F, 0xF81F,  /* row 12 */
    0xF81F, 0xF81F, 0xF81F, 0x0001, 0xAFFF, 0xA7DF, 0xEFFF, 0xEFFF, 0x7C31, 0x0007, 0x0828, 0x0829, 0x0004, 0x1065, 0x180F, 0x202F, 0x202F, 0x202F, 0x202F, 0x202F, 0x202F, 0x202F, 0x202F, 0x202F, 0x202F, 0x202F, 0x202F, 0x202F, 0x202F, 0x202F, 0x202F, 0x202F, 0x202F, 0x202F, 0x202F, 0x202F, 0x202F, 0x28D0, 0xCEBF, 0x4A78, 0x0001, 0x0022, 0xF81F, 0xF81F,  /* row 13 */
    0xF81F, 0xF81F, 0xF81F, 0x0001, 0xB7FF, 0xA7FF, 0xF7FF, 0xEFFF, 0x8472, 0x0828, 0x0828, 0x0006, 0x0002, 0xA9F8, 0xD21B, 0x206E, 0x182F, 0x202F, 0x202F, 0x202F, 0x202F, 0x202F, 0x202F, 0x202F, 0x202F, 0x202F, 0x202F, 0x202F, 0x202F, 0x202F, 0x202F, 0x202F, 0x202F, 0x202F, 0x202F, 0x202F, 0x180F, 0x28AF, 0xCE9F, 0x5B3B, 0x0001, 0x0022, 0xF81F, 0xF81F,  /* row 14 */
    0xF81F, 0xF81F, 0xF81F, 0x0002, 0x0024, 0x0003, 0x4A4B, 0xEFFF, 0x8472, 0x0828, 0x0828, 0x0004, 0x182F, 0xA1D6, 0xEA1F, 0xF21F, 0xBA1A, 0x184E, 0x202F, 0x202F, 0x202F, 0x202F, 0x202F, 0x202F, 0x202F, 0x202F, 0x202F, 0x202F, 0x202F, 0x202F, 0x202F, 0x202F, 0x202F, 0x202F, 0x202F, 0x182E, 0xDA7C, 0x7154, 0x7BD8, 0xD6FF, 0x39D8, 0x0001, 0xF81F, 0xF81F,  /* row 15 */
    0xF81F, 0x0844, 0x6AE2, 0xACE3, 0x0000, 0x7535, 0x420A, 0xEFDF, 0x8472, 0x0828, 0x0828, 0x0004, 0x182E, 0x182F, 0x50EF, 0xFA7F, 0xE1FF, 0xF1FF, 0xA1D7, 0x100D, 0x202F, 0x182F, 0x182F, 0x202F, 0x182F, 0x182F, 0x182F, 0x182F, 0x202F, 0x202F, 0x202F, 0x202F, 0x202F, 0x182F, 0x40B2, 0xF23F, 0xFA3F, 0x40EE, 0x3992, 0xCEDF, 0x31B8, 0x0021, 0xF81F, 0xF81F,  /* row 16 */
    0xF81F, 0x0844, 0x9C61, 0xFF41, 0x0000, 0x64B4, 0x4209, 0xEFDF, 0x8472, 0x0828, 0x0828, 0x0004, 0x182E, 0x182F, 0x202F, 0x102B, 0xD23C, 0xE1FF, 0xE1FF, 0xF23F, 0x8995, 0x100D, 0x202F, 0x202F, 0x202F, 0x202F, 0x202F, 0x202F, 0x202F, 0x202F, 0x202F, 0x202F, 0x100E, 0xBA1B, 0xFA5F, 0xC219, 0x082A, 0x2030, 0x100E, 0xD6FF, 0x31B7, 0x0001, 0xF81F, 0xF81F,  /* row 17 */
    0xF81F, 0x0844, 0x9C81, 0xFF61, 0x0001, 0x6CD3, 0x4209, 0xEFDF, 0x8472, 0x0828, 0x0828, 0x0004, 0x182E, 0x182F, 0x182F, 0x202F, 0x182E, 0x7951, 0xF21F, 0xE21F, 0xE1FF, 0xF27F, 0x6152, 0x100E, 0x202F, 0x202F, 0x202F, 0x202F, 0x202F, 0x202F, 0x2030, 0x5933, 0xAA17, 0x3069, 0x0002, 0x204C, 0x182F, 0x182F, 0x100E, 0xD6FF, 0x31B7, 0x0001, 0xF81F, 0xF81F,  /* row 18 */
    0xF81F, 0x0843, 0xACE1, 0xFFE0, 0x0001, 0x3135, 0x3A09, 0xEFDF, 0x8472, 0x0828, 0x0828, 0x0004, 0x182E, 0x182F, 0x182F, 0x2030, 0x0803, 0x1004, 0x2046, 0xEA7E, 0xE25E, 0xE23E, 0xE9FF, 0xF29E, 0x206B, 0x202F, 0x202F, 0x202F, 0x202F, 0x204F, 0x0802, 0x0802, 0x1003, 0x1003, 0x0802, 0x2050, 0x202F, 0x202F, 0x100E, 0xD6FF, 0x31D8, 0x0001, 0xF81F, 0xF81F,  /* row 19 */
    0xF81F, 0xF81F, 0x0004, 0x0003, 0x0004, 0x0002, 0x3A09, 0xE7DF, 0x8472, 0x0828, 0x0828, 0x0004, 0x182E, 0x182F, 0x202F, 0x1849, 0x1003, 0x0803, 0x1004, 0x0002, 0x0002, 0x0002, 0x0001, 0x0000, 0x2030, 0x202F, 0x202F, 0x202F, 0x202F, 0x202F, 0x204F, 0x1024, 0x0802, 0x0802, 0x2030, 0x202F, 0x202F, 0x202F, 0x100E, 0xD6FF, 0x39D8, 0x0001, 0xF81F, 0xF81F,  /* row 20 */
    0xF81F, 0xF81F, 0xF81F, 0x0002, 0x3A6A, 0xAFFF, 0xF7FF, 0xE7FF, 0x8472, 0x0828, 0x0828, 0x0004, 0x182E, 0x182F, 0x2030, 0x1026, 0x1004, 0x0802, 0x1002, 0x1002, 0x1002, 0x1003, 0x0801, 0x204E, 0x202F, 0x202F, 0x202F, 0x202F, 0x202F, 0x202F, 0x204F, 0x208B, 0x1868, 0x204D, 0x202F, 0x202F, 0x202F, 0x202F, 0x100E, 0xD6FF, 0x39D8, 0x0001, 0xF81F, 0xF81F,  /* row 21 */
    0xF81F, 0xF81F, 0xF81F, 0x0001, 0xAFFF, 0xA7DF, 0xEFFF, 0xEFFF, 0x8C72, 0x0828, 0x0828, 0x0004, 0x182E, 0x182F, 0x202F, 0x182F, 0x202F, 0x2030, 0x2030, 0x2030, 0x204F, 0x204E, 0x204F, 0x202F, 0x202F, 0x202F, 0x202F, 0x202F, 0x202F, 0x202F, 0x202F, 0x2030, 0x2030, 0x202F, 0x202F, 0x202F, 0x202F, 0x202F, 0x100E, 0xD6FF, 0x212E, 0x0002, 0xF81F, 0xF81F,  /* row 22 */
    0xF81F, 0xF81F, 0xF81F, 0x0001, 0xAFFF, 0xA7DF, 0xEFFF, 0xE7FF, 0x8492, 0x0828, 0x0828, 0x0004, 0x182E, 0x182F, 0x202F, 0x182F, 0x182F, 0x182F, 0x182F, 0x182F, 0x202F, 0x202F, 0x202F, 0x202F, 0x202F, 0x202F, 0x202F, 0x202F, 0x202F, 0x202F, 0x202F, 0x202F, 0x202F, 0x202F, 0x202F, 0x202F, 0x202F, 0x202F, 0x100E, 0xE77F, 0x0843, 0x0002, 0xF81F, 0xF81F,  /* row 23 */
    0xF81F, 0xF81F, 0xF81F, 0x0022, 0xAFFF, 0xA7DF, 0xEFFF, 0xE7FF, 0x8492, 0x0828, 0x0828, 0x0004, 0x182E, 0x182F, 0x202F, 0x182F, 0x182F, 0x182F, 0x182F, 0x182F, 0x202F, 0x202F, 0x182F, 0x182F, 0x182F, 0x182F, 0x182F, 0x182F, 0x182F, 0x182F, 0x182F, 0x182F, 0x182F, 0x182F, 0x202F, 0x202F, 0x202F, 0x202F, 0x41D3, 0x4A9A, 0x0002, 0x0002, 0xF81F, 0xF81F,  /* row 24 */
    0xF81F, 0xF81F, 0x1083, 0x4B8F, 0xAFFF, 0xA7DF, 0xEFFF, 0xE7FF, 0x8C93, 0x0828, 0x0829, 0x0004, 0x102A, 0x182E, 0x202F, 0x182F, 0x182F, 0x182F, 0x182F, 0x182F, 0x202F, 0x202F, 0x202F, 0x202F, 0x202F, 0x202F, 0x202F, 0x202F, 0x202F, 0x202F, 0x202F, 0x202F, 0x202F, 0x202F, 0x202F, 0x202F, 0x202F, 0x2050, 0x7378, 0x52DA, 0x0002, 0x0002, 0xF81F, 0xF81F,  /* row 25 */
    0xF81F, 0x0842, 0x7C32, 0x9F9E, 0xA7DF, 0xA7DF, 0xEFFF, 0xE7FF, 0x8493, 0x0828, 0x0829, 0x0005, 0x0003, 0x184E, 0x202F, 0x184E, 0x104A, 0x410E, 0x1849, 0x1046, 0x1026, 0x1025, 0x1044, 0x1044, 0x490D, 0x1867, 0x1026, 0x1049, 0x184A, 0x182C, 0x202F, 0x202F, 0x202F, 0x202F, 0x182F, 0x182F, 0x202F, 0x202F, 0x643A, 0x52DB, 0x0002, 0x1083, 0xF81F, 0xF81F,  /* row 26 */
    0xF81F, 0x0842, 0x7C11, 0x9FBF, 0xA7DF, 0xA7DF, 0xEFFF, 0xE7FF, 0x8472, 0x0828, 0x0829, 0x0004, 0x0003, 0x184E, 0x202F, 0x184C, 0x492C, 0x388B, 0x1024, 0x1003, 0x0803, 0x1003, 0x0803, 0x0803, 0x81B2, 0x0001, 0x1003, 0x1003, 0x0803, 0x9215, 0x102B, 0x202F, 0x202F, 0x202F, 0x182F, 0x1830, 0x202F, 0x202F, 0x3175, 0x0847, 0x0863, 0xF81F, 0xF81F, 0xF81F,  /* row 27 */
    0xF81F, 0x0022, 0x7C11, 0x9FBF, 0xA7DF, 0xA7DF, 0xF7FF, 0xB7DF, 0x6411, 0x1911, 0x2132, 0x0003, 0x0003, 0x0002, 0x2050, 0x180E, 0xA396, 0x1024, 0x0801, 0x0802, 0x0802, 0x0802, 0x1003, 0x1003, 0x0803, 0x0803, 0x0802, 0x0802, 0x498A, 0x9A54, 0x100A, 0x202F, 0x202F, 0x202F, 0x184F, 0x184F, 0x202F, 0x202F, 0x1028, 0xF81F, 0xF81F, 0xF81F, 0xF81F, 0xF81F,  /* row 28 */
    0xF81F, 0x0022, 0x7C11, 0x9FBF, 0xA7DF, 0xA7DF, 0xAFDF, 0xA7DF, 0x53F0, 0x0024, 0x29F8, 0x2173, 0x1910, 0x0002, 0x0004, 0x2050, 0x180F, 0x2030, 0x2030, 0x2030, 0x204F, 0x204F, 0x204D, 0x204C, 0x204C, 0x204E, 0x2030, 0x2030, 0x2030, 0x182F, 0x202F, 0x202F, 0x202F, 0x202F, 0x184F, 0x184F, 0x202F, 0x202F, 0x0828, 0xF81F, 0xF81F, 0xF81F, 0xF81F, 0xF81F,  /* row 29 */
    0xF81F, 0x1906, 0x526B, 0xBFFF, 0xA7DF, 0xA7DF, 0xA7DF, 0xA7DF, 0xB7FF, 0x3ACD, 0x324B, 0x0001, 0x18EF, 0x29D8, 0x0846, 0x0002, 0x182F, 0x202F, 0x202F, 0x202F, 0x202F, 0x202F, 0x202F, 0x202F, 0x202F, 0x202F, 0x202F, 0x202F, 0x202F, 0x202F, 0x202F, 0x202F, 0x202F, 0x202F, 0x1830, 0x184F, 0x1049, 0x0000, 0x0001, 0xF81F, 0xF81F, 0xF81F, 0xF81F, 0xF81F,  /* row 30 */
    0xF81F, 0xF81F, 0xF81F, 0x0000, 0x538F, 0xB7FF, 0x53F0, 0x96BB, 0xAFFF, 0xAFFF, 0xA7DF, 0x6D15, 0x0001, 0x0026, 0x29F9, 0x18CC, 0x0002, 0x0827, 0x102A, 0x202F, 0x202F, 0x204F, 0x2030, 0x202F, 0x2030, 0x2030, 0x2030, 0x2030, 0x2030, 0x2030, 0x2050, 0x2030, 0x202F, 0x102C, 0x0004, 0x0003, 0x2849, 0x30C8, 0xF81F, 0xF81F, 0xF81F, 0xF81F, 0xF81F, 0xF81F,  /* row 31 */
    0xF81F, 0xF81F, 0xF81F, 0xF81F, 0x0022, 0x1926, 0x0002, 0x0021, 0x0061, 0x0861, 0xAFDF, 0xA7FF, 0x9F7E, 0x432E, 0x0002, 0x0003, 0x31F8, 0x0847, 0x0003, 0x0003, 0x0003, 0x0003, 0x0003, 0x0003, 0x0003, 0x0003, 0x0003, 0x0003, 0x0003, 0x0003, 0x0003, 0x0003, 0x0003, 0x0002, 0x1827, 0xA197, 0x1923, 0xF81F, 0xF81F, 0xF81F, 0xF81F, 0xF81F, 0xF81F, 0xF81F,  /* row 32 */
    0xF81F, 0xF81F, 0xF81F, 0xF81F, 0xF81F, 0x0001, 0x0001, 0x32F1, 0x32B1, 0x2A0D, 0x0000, 0x10E4, 0xA7FF, 0x9FFF, 0x9FFF, 0x0001, 0x0003, 0x29F8, 0x190F, 0x0004, 0x0004, 0x0003, 0x0004, 0x0004, 0x0004, 0x0004, 0x0004, 0x0868, 0x108A, 0x108A, 0x088A, 0x0004, 0x48CC, 0xEA1F, 0xB1F6, 0x0001, 0xF81F, 0xF81F, 0xF81F, 0xF81F, 0xF81F, 0xF81F, 0xF81F, 0xF81F,  /* row 33 */
    0xF81F, 0xF81F, 0xF81F, 0xF81F, 0xF81F, 0x0000, 0x10E6, 0x10C6, 0x0863, 0x1148, 0x19AA, 0x0000, 0x29E9, 0x0862, 0x5CB3, 0x97FF, 0x332D, 0x0846, 0x2172, 0x0887, 0x0866, 0x0004, 0x0005, 0x0005, 0x0005, 0x0005, 0x0004, 0x0848, 0x0004, 0x0004, 0x0848, 0x1068, 0x9174, 0x386A, 0x0044, 0x0864, 0x0044, 0x2106, 0xF81F, 0xF81F, 0xF81F, 0xF81F, 0xF81F, 0xF81F,  /* row 34 */
    0xF81F, 0xF81F, 0xF81F, 0xF81F, 0x0001, 0x0000, 0x0001, 0x0001, 0x1107, 0x2A70, 0x2A4F, 0x0863, 0x0023, 0x08C8, 0x0024, 0x0883, 0x0863, 0x0003, 0x0003, 0x0022, 0x218D, 0x0002, 0x104D, 0x104B, 0x104B, 0x106B, 0x104B, 0x0025, 0x0827, 0x0827, 0x0003, 0x0827, 0x0002, 0x0044, 0x2A4F, 0x32B1, 0x4393, 0x4BB3, 0x0001, 0xF81F, 0xF81F, 0xF81F, 0xF81F, 0xF81F,  /* row 35 */
    0xF81F, 0xF81F, 0xF81F, 0x1083, 0x0021, 0x64D8, 0x5436, 0x2A90, 0x0021, 0x0000, 0x2A6F, 0x2A4F, 0x2A4F, 0x2A4F, 0x2A91, 0x0847, 0x0001, 0x0002, 0x0002, 0x0002, 0x08A3, 0x28D0, 0x0005, 0x104C, 0x104B, 0x104B, 0x104B, 0x0005, 0x0003, 0x0003, 0x0002, 0x0025, 0x2A4F, 0x0863, 0x196B, 0x0023, 0x322D, 0x5BF6, 0x21A9, 0x0001, 0xF81F, 0xF81F, 0xF81F, 0xF81F,  /* row 36 */
    0xF81F, 0xF81F, 0xF81F, 0x1B4F, 0x5C76, 0x4352, 0x224E, 0x224E, 0x2A6F, 0x1148, 0x0864, 0x21CD, 0x21CD, 0x21AD, 0x21CD, 0x110A, 0x2A90, 0x2A2E, 0x10C6, 0x0000, 0x97FF, 0x0001, 0x106C, 0x104B, 0x104B, 0x104C, 0x0829, 0x0004, 0x1025, 0x0000, 0x7FFF, 0x0000, 0x2A4F, 0x10E7, 0x196B, 0x0023, 0x324D, 0x53D5, 0x6CD9, 0x0863, 0xF81F, 0xF81F, 0xF81F, 0xF81F,  /* row 37 */
    0xF81F, 0xF81F, 0x0000, 0x36FD, 0x377F, 0x218B, 0x220D, 0x222D, 0x222E, 0x2A8F, 0x0847, 0x0867, 0x0846, 0x21EE, 0x21CD, 0x2A4F, 0x2A4F, 0x2A4F, 0x2A90, 0x0000, 0x8FFF, 0x0001, 0x106D, 0x106C, 0x104C, 0x0829, 0x0003, 0x70D0, 0xF97F, 0x0000, 0x6FFF, 0x0000, 0x2A91, 0x2A50, 0x196B, 0x0023, 0x10A5, 0x42F0, 0x53D5, 0x5BD5, 0x0001, 0x0022, 0xF81F, 0xF81F,  /* row 38 */
    0xF81F, 0xF81F, 0x18E5, 0x0000, 0x2E5C, 0x367C, 0x3EFD, 0x4517, 0x19CB, 0x0866, 0x0867, 0x0867, 0x0846, 0x2A4F, 0x2A50, 0x21CC, 0x2332, 0x2312, 0x2B53, 0x0000, 0x97FF, 0x0000, 0x0002, 0x0043, 0x0002, 0x408A, 0x60CE, 0xA0D5, 0xF17E, 0x0000, 0x6FFF, 0x0000, 0x2A70, 0x2A4F, 0x1929, 0x10EA, 0x0886, 0x4B11, 0x5394, 0x5C16, 0x0001, 0x0022, 0xF81F, 0xF81F,  /* row 39 */
    0xF81F, 0x18E5, 0x0863, 0x08A5, 0x08A4, 0x1125, 0x1B8F, 0x1B4E, 0x0001, 0x0846, 0x0847, 0x0867, 0x0846, 0x2A50, 0x2A70, 0x0884, 0x3535, 0x2CF4, 0x2D15, 0x0000, 0x9FFF, 0x0000, 0x0002, 0x76BB, 0x0000, 0xF97F, 0x68CE, 0x98D5, 0xF95E, 0x0000, 0x6FFF, 0x0000, 0x21AC, 0x198B, 0x10C7, 0x10C9, 0x0886, 0x0000, 0x4473, 0x3B10, 0x0866, 0x0021, 0xF81F, 0xF81F,  /* row 40 */
    0xF81F, 0x0001, 0x3B11, 0x224E, 0x0043, 0xA442, 0x8BC3, 0x0001, 0x0846, 0x0867, 0x0847, 0x0847, 0x0846, 0x2A70, 0x2A4F, 0x2A4F, 0x1107, 0x1127, 0x1107, 0x0000, 0x9FFF, 0x0000, 0x0002, 0x767A, 0x0000, 0xF95F, 0x68EF, 0x98D4, 0xF17E, 0x0000, 0x77FF, 0x0000, 0x1128, 0x1128, 0x10C7, 0x0886, 0x196E, 0x10C9, 0x0023, 0x328D, 0x4B73, 0x0863, 0x2105, 0xF81F,  /* row 41 */
    0x39EA, 0x196A, 0x3B12, 0x1989, 0x0001, 0x2902, 0x20E2, 0x0001, 0x0847, 0x0847, 0x0847, 0x0847, 0x0846, 0x2A4F, 0x2A4F, 0x2A4F, 0x2A4F, 0x2A4F, 0x2A4F, 0x0002, 0x9FFF, 0x0001, 0x0002, 0x767A, 0x0000, 0xF95F, 0x68CF, 0x90B3, 0xF17E, 0x0000, 0x77DF, 0x0000, 0x2A70, 0x2A4F, 0x198C, 0x0024, 0x10CA, 0x08A9, 0x0023, 0x2A4D, 0x3AF1, 0x5C77, 0x0022, 0x2105,  /* row 42 */
    0x0884, 0x2A91, 0x21AB, 0x0842, 0x0866, 0x1087, 0x0842, 0x1088, 0x0887, 0x0887, 0x0887, 0x0887, 0x0867, 0x1928, 0x1928, 0x1948, 0x1928, 0x1928, 0x1928, 0x0022, 0x434F, 0x0022, 0x0023, 0x322B, 0x0022, 0x58AD, 0x2087, 0x308A, 0x50CD, 0x0022, 0x32CD, 0x0021, 0x10E7, 0x10E6, 0x0885, 0x0023, 0x0866, 0x0866, 0x0023, 0x10E7, 0x1128, 0x21EB, 0x0023, 0x1083,  /* row 43 */
};
static const Sprite NB_SPRITE_PRIME = {
    44, 44, 0xF81F, nb_prime_px
};

/* =================================================================== */
/*  MOOD: HAPPY -- 6 variants, 44x44 each                 */
/* =================================================================== */
static const uint16_t nb_happy_0_px[] = {
    0xF81F, 0xF81F, 0xF81F, 0xF81F, 0xF81F, 0xF81F, 0xF81F, 0xF81F, 0xF81F, 0xF81F, 0xF81F, 0xF81F, 0xF81F, 0xF81F, 0xF81F, 0xF81F, 0xF81F, 0xF81F, 0xF81F, 0x31A9, 0x31C9, 0x31A9, 0x31C9, 0x31C9, 0x31C9, 0x31C9, 0x31A9, 0x31A9, 0x31A9, 0x0003, 0xF81F, 0xF81F, 0xF81F, 0xF81F, 0xF81F, 0xF81F, 0xF81F, 0xF81F, 0xF81F, 0xF81F, 0xF81F, 0xF81F, 0xF81F, 0xF81F,  /* row 0  */
    0xF81F, 0xF81F, 0xF81F, 0xF81F, 0xF81F, 0xF81F, 0xF81F, 0xF81F, 0xF81F, 0xF81F, 0x0842, 0x0002, 0x0002, 0x0844, 0x29F2, 0x21F1, 0x5556, 0x9D35, 0xB618, 0xE7DF, 0xAEDE, 0xAEBE, 0xAEBE, 0xEFFF, 0xEFFF, 0xEFFF, 0xEFFF, 0xEFFF, 0xF7FF, 0x6454, 0x3B52, 0x21B0, 0x8CD4, 0x4B92, 0x0002, 0x0002, 0x0844, 0xF81F, 0xF81F, 0xF81F, 0xF81F, 0xF81F, 0xF81F, 0xF81F,  /* row 1  */
    0xF81F, 0xF81F, 0xF81F, 0xF81F, 0xF81F, 0xF81F, 0xF81F, 0xF81F, 0x0863, 0x0001, 0x2172, 0x9E9C, 0xDF5D, 0xDF7D, 0xFFFF, 0xD75F, 0x967E, 0x85FE, 0x753D, 0x6CBC, 0xAE9E, 0xF7FF, 0xEFFF, 0xEFFF, 0xEFFF, 0xEFFF, 0xEFFF, 0xEFFF, 0xEFFF, 0xEFFF, 0xA6DE, 0xF7FF, 0xA67D, 0x779E, 0xE7FF, 0xB7FF, 0x1905, 0x0003, 0xF81F, 0xF81F, 0xF81F, 0xF81F, 0xF81F, 0xF81F,  /* row 2  */
    0xF81F, 0xF81F, 0xF81F, 0xF81F, 0xF81F, 0xF81F, 0xF81F, 0x2146, 0x8E19, 0xD75E, 0xEFFF, 0xE7FF, 0xE7DF, 0xDF7E, 0x857D, 0xCF7F, 0x9E7E, 0x6C7B, 0x433A, 0xDF5E, 0xEFFF, 0xEFFF, 0xEFFF, 0xEFFF, 0xEFFF, 0xEFFF, 0xEFFF, 0xEFFF, 0xEFFF, 0xEFFF, 0x9EDE, 0xEFBF, 0x5BBA, 0xF7FF, 0xE7FF, 0xEFFF, 0xF7FF, 0x7C32, 0x0825, 0xF81F, 0xF81F, 0xF81F, 0xF81F, 0xF81F,  /* row 3  */
    0xF81F, 0xF81F, 0xF81F, 0xF81F, 0xF81F, 0xF81F, 0x0023, 0x4B91, 0xB7BF, 0xE7FF, 0xEFFF, 0xEFFF, 0xEFFF, 0xDF9F, 0x855E, 0xEFFF, 0xA67D, 0x5BDA, 0x431A, 0xA7FF, 0xB7BF, 0xEFFF, 0xEFFF, 0xEFFF, 0xEFFF, 0xEFFF, 0xEFFF, 0xEFFF, 0xEFFF, 0xEFFF, 0xF7FF, 0x96FE, 0x6C7B, 0x95DC, 0xEFFF, 0xEFFF, 0xEFFF, 0xDEDB, 0x632D, 0xF81F, 0xF81F, 0xF81F, 0xF81F, 0xF81F,  /* row 4  */
    0xF81F, 0xF81F, 0xF81F, 0xF81F, 0x0001, 0xA7DF, 0xF7FF, 0xAFBE, 0xD7FF, 0xEFFF, 0xEFFF, 0xEFFF, 0xEFFF, 0xE7DF, 0xC71F, 0xE7DF, 0x9E3D, 0x955C, 0xEFFF, 0xEFFF, 0xEFFF, 0xEFFF, 0xEFFF, 0xEFFF, 0xEFFF, 0xEFFF, 0xEFFF, 0xEFFF, 0xEFFF, 0xEFFF, 0xEFFF, 0xEFFF, 0xD75F, 0x95BD, 0xEFFF, 0xE7FF, 0xCFFF, 0x6F9F, 0xF7DF, 0x10A3, 0xF81F, 0xF81F, 0xF81F, 0xF81F,  /* row 5  */
    0xF81F, 0xF81F, 0xF81F, 0x0005, 0xB7DF, 0x9FDF, 0xEFFF, 0xE7FF, 0xEFFF, 0xEFFF, 0xEFFF, 0xEFFF, 0xAFBF, 0xA7BF, 0xEFFF, 0xE79F, 0x535A, 0x8D1B, 0xE7FF, 0xEFFF, 0xEFFF, 0xEFFF, 0xEFFF, 0xEFFF, 0xEFFF, 0xEFFF, 0xEFFF, 0xEFFF, 0xEFFF, 0xEFFF, 0xEFFF, 0xEFFF, 0xCF3E, 0x7CFD, 0xBEDE, 0xE7FF, 0xCFDF, 0x67BF, 0xF7FF, 0x5F7E, 0x0022, 0xF81F, 0xF81F, 0xF81F,  /* row 6  */
    0xF81F, 0xF81F, 0xF81F, 0x0001, 0xAFFF, 0xA7DF, 0xEFFF, 0xEFFF, 0xEFFF, 0xEFFF, 0xEFFF, 0xEFFF, 0xEFFF, 0xEFFF, 0xE7FF, 0xE79F, 0x4B39, 0xC77F, 0xEFFF, 0xEFFF, 0xEFFF, 0xEFFF, 0xEFFF, 0xEFFF, 0xEFFF, 0xEFFF, 0xEFFF, 0xEFFF, 0xEFFF, 0xEFFF, 0xF7FF, 0xF7FF, 0xEFFF, 0xD75F, 0xB69E, 0xEFFF, 0xEFFF, 0xF7FF, 0xC7DF, 0x77FF, 0x0022, 0xF81F, 0xF81F, 0xF81F,  /* row 7  */
    0xF81F, 0xF81F, 0xF81F, 0x0001, 0xAFFF, 0xA7DF, 0xEFFF, 0xEFFF, 0xEFFF, 0xEFFF, 0xF7FF, 0xA7BF, 0x9FBF, 0x9FBF, 0xF7FF, 0xEFBF, 0x4B39, 0xA6FF, 0x9EBF, 0x9EBF, 0x9EBF, 0x9E9F, 0x9E9F, 0x9E9F, 0x9E9F, 0x9E9F, 0x9E9F, 0x9E9F, 0x9E9F, 0x9E9F, 0x9E9F, 0x9E9F, 0xAEFF, 0xDF7F, 0xBE9E, 0xEFFF, 0xCFFF, 0x477F, 0xFFFF, 0xEFFF, 0x0842, 0xF81F, 0xF81F, 0xF81F,  /* row 8  */
    0xF81F, 0xF81F, 0xF81F, 0x0001, 0xAFFF, 0xA7DF, 0xEFFF, 0xEFFF, 0xEFFF, 0xEFFF, 0xAFBE, 0xEFFF, 0xF7FF, 0xEFFF, 0xAF5F, 0x7D1E, 0x42DA, 0x10A3, 0x10A3, 0x10A4, 0x10A4, 0x10A4, 0x10A4, 0x10A4, 0x10A4, 0x10A4, 0x10A4, 0x10A4, 0x10A4, 0x10A4, 0x10A5, 0x10A5, 0x10C5, 0x31CA, 0x95FF, 0x8DDF, 0x767F, 0x57DF, 0x67BF, 0xFFFF, 0x0801, 0x0023, 0xF81F, 0xF81F,  /* row 9  */
    0xF81F, 0xF81F, 0xF81F, 0x0001, 0xAFFF, 0xA7DF, 0xEFFF, 0xEFFF, 0xEFFF, 0xEFFF, 0xF7FF, 0x973F, 0x5458, 0x6459, 0x18B1, 0x0001, 0x0003, 0x10A5, 0x4A5C, 0x4A3B, 0x4A3A, 0x4A3A, 0x4A3A, 0x4A3A, 0x4A5B, 0x4A5B, 0x4A5B, 0x525B, 0x527B, 0x527B, 0x527B, 0x527B, 0x527B, 0x4A5B, 0x294D, 0x18C5, 0x18A4, 0x0004, 0x1147, 0x367B, 0x56FD, 0x0001, 0xF81F, 0xF81F,  /* row 10 */
    0xF81F, 0xF81F, 0xF81F, 0x0001, 0xAFFF, 0xA7DF, 0xEFFF, 0xEFFF, 0xEFFF, 0xEFFF, 0xBF3F, 0x18EC, 0x0004, 0x0004, 0x100B, 0x2050, 0x2050, 0x4193, 0x3952, 0x3951, 0x3951, 0x3131, 0x3131, 0x3131, 0x3111, 0x3111, 0x3111, 0x3111, 0x2910, 0x28F0, 0x28F0, 0x28F1, 0x28F1, 0x28F0, 0x28F0, 0x83F7, 0xE71F, 0xD69E, 0x298F, 0x0002, 0x10AB, 0x0002, 0xF81F, 0xF81F,  /* row 11 */
    0xF81F, 0xF81F, 0xF81F, 0x0001, 0xAFFF, 0xA7DF, 0xEFFF, 0xEFFF, 0xF7FF, 0xBE19, 0x0006, 0x0829, 0x0004, 0x0005, 0x202F, 0x202F, 0x202F, 0x204F, 0x204F, 0x204F, 0x204F, 0x204F, 0x204F, 0x204F, 0x204F, 0x204F, 0x204F, 0x204F, 0x204F, 0x204F, 0x204F, 0x204F, 0x204F, 0x204F, 0x204F, 0x180F, 0x080E, 0x7377, 0xD6FF, 0x0002, 0x2977, 0x0001, 0xF81F, 0xF81F,  /* row 12 */
    0xF81F, 0xF81F, 0xF81F, 0x0001, 0xAFFF, 0xA7DF, 0xEFFF, 0xEFFF, 0x7C31, 0x0007, 0x0828, 0x0829, 0x0004, 0x0004, 0x202F, 0x202F, 0x202F, 0x202F, 0x202F, 0x202F, 0x202F, 0x202F, 0x202F, 0x202F, 0x202F, 0x202F, 0x202F, 0x202F, 0x202F, 0x202F, 0x202F, 0x202F, 0x202F, 0x202F, 0x202F, 0x202F, 0x202F, 0x28D0, 0xCEBF, 0x4A78, 0x0001, 0x0022, 0xF81F, 0xF81F,  /* row 13 */
    0xF81F, 0xF81F, 0xF81F, 0x0001, 0xB7FF, 0xA7FF, 0xF7FF, 0xEFFF, 0x8472, 0x0828, 0x0828, 0x0006, 0x0002, 0x2050, 0x182F, 0x202F, 0x202F, 0x182F, 0x5874, 0x8078, 0x6895, 0x182F, 0x202F, 0x202F, 0x202F, 0x202F, 0x202F, 0x202F, 0x202F, 0x202F, 0x202F, 0x3050, 0x7876, 0x5073, 0x182F, 0x202F, 0x202F, 0x28B0, 0xCE9F, 0x5B3B, 0x0001, 0x0022, 0xF81F, 0xF81F,  /* row 14 */
    0xF81F, 0xF81F, 0xF81F, 0x0002, 0x0024, 0x0003, 0x4A4B, 0xEFFF, 0x8472, 0x0828, 0x0828, 0x0004, 0x184F, 0x182F, 0x202F, 0x202F, 0x182F, 0x58B4, 0xD81D, 0xD03D, 0xB05C, 0x204F, 0x202F, 0x202F, 0x202F, 0x202F, 0x202F, 0x202F, 0x202F, 0x202F, 0x204F, 0xD03D, 0xC83D, 0xB03C, 0x6094, 0x202F, 0x202F, 0x2030, 0x7BF8, 0xD6DF, 0x39D8, 0x0001, 0xF81F, 0xF81F,  /* row 15 */
    0xF81F, 0x0844, 0x6AE2, 0xACE3, 0x0000, 0x7535, 0x420A, 0xEFDF, 0x8472, 0x0828, 0x0828, 0x0004, 0x182E, 0x182F, 0x202F, 0x182F, 0x182F, 0x70D7, 0xD01E, 0xC83E, 0xC05D, 0x78B7, 0x182F, 0x202F, 0x182F, 0x182F, 0x182F, 0x182F, 0x202F, 0x202F, 0x5874, 0xD01E, 0xD03E, 0xB05D, 0x70B6, 0x182F, 0x202F, 0x202F, 0x3992, 0xCEDF, 0x31B8, 0x0021, 0xF81F, 0xF81F,  /* row 16 */
    0xF81F, 0x0844, 0x9C61, 0xFF41, 0x0000, 0x64B4, 0x4209, 0xEFDF, 0x8472, 0x0828, 0x0828, 0x0004, 0x182E, 0x182F, 0x182F, 0x202F, 0x182F, 0x70F8, 0xD81E, 0xC81E, 0xC05D, 0x78B7, 0x202F, 0x202F, 0x202F, 0x202F, 0x202F, 0x202F, 0x202F, 0x202F, 0x5894, 0xD01E, 0xD03E, 0xB03D, 0x70B6, 0x202F, 0x182F, 0x202F, 0x100E, 0xD6FF, 0x31B7, 0x0001, 0xF81F, 0xF81F,  /* row 17 */
    0xF81F, 0x0844, 0x9C81, 0xFF61, 0x0001, 0x6CD3, 0x4209, 0xEFDF, 0x8472, 0x0828, 0x0828, 0x0004, 0x182E, 0x182F, 0x182F, 0x202F, 0x182E, 0x70F8, 0xD81E, 0xC83E, 0xC05D, 0x78B7, 0x182F, 0x202F, 0x202F, 0x202F, 0x202F, 0x202F, 0x202F, 0x202F, 0x5894, 0xD01E, 0xC83E, 0xB05D, 0x68B6, 0x202F, 0x182F, 0x182F, 0x100E, 0xD6FF, 0x31B7, 0x0001, 0xF81F, 0xF81F,  /* row 18 */
    0xF81F, 0x0843, 0xACE1, 0xFFE0, 0x0001, 0x3135, 0x3A09, 0xEFDF, 0x8472, 0x0828, 0x0828, 0x0004, 0x182E, 0x182F, 0x182F, 0x202F, 0x182F, 0x68D8, 0xD81E, 0xC81E, 0xC05D, 0x78B7, 0x182F, 0x202F, 0x202F, 0x202F, 0x202F, 0x202F, 0x202F, 0x202F, 0x5894, 0xD01E, 0xD03E, 0xB05C, 0x68B5, 0x202F, 0x202F, 0x202F, 0x100E, 0xD6FF, 0x31D8, 0x0001, 0xF81F, 0xF81F,  /* row 19 */
    0xF81F, 0xF81F, 0x0004, 0x0003, 0x0004, 0x0002, 0x3A09, 0xE7DF, 0x8472, 0x0828, 0x0828, 0x0004, 0x182E, 0x182F, 0x202F, 0x202F, 0x182E, 0x68F7, 0xD81E, 0xC83E, 0xC03D, 0x68B5, 0x202F, 0x202F, 0x202F, 0x202F, 0x202F, 0x202F, 0x202F, 0x202F, 0x4873, 0xD03E, 0xD05D, 0xB05C, 0x6095, 0x202F, 0x202F, 0x202F, 0x100E, 0xD6FF, 0x39D8, 0x0001, 0xF81F, 0xF81F,  /* row 20 */
    0xF81F, 0xF81F, 0xF81F, 0x0002, 0x3A6A, 0xAFFF, 0xF7FF, 0xE7FF, 0x8472, 0x0828, 0x0828, 0x0004, 0x182E, 0x182F, 0x202F, 0x202F, 0x202F, 0x102E, 0xB85C, 0xD03E, 0x88BA, 0x102E, 0x202F, 0x202F, 0x202F, 0x202F, 0x202F, 0x202F, 0x202F, 0x202F, 0x182E, 0xB85C, 0xD05D, 0xA89B, 0x102E, 0x202F, 0x202F, 0x202F, 0x100E, 0xD6FF, 0x39D8, 0x0001, 0xF81F, 0xF81F,  /* row 21 */
    0xF81F, 0xF81F, 0xF81F, 0x0001, 0xAFFF, 0xA7DF, 0xEFFF, 0xEFFF, 0x8C72, 0x0828, 0x0828, 0x0004, 0x182E, 0x182F, 0x202F, 0x182F, 0x202F, 0x202F, 0x182E, 0x204F, 0x182E, 0x202F, 0x202F, 0x202F, 0x202F, 0x202F, 0x202F, 0x202F, 0x202F, 0x202F, 0x202F, 0x182F, 0x204F, 0x182E, 0x202F, 0x202F, 0x202F, 0x202F, 0x100E, 0xD6FF, 0x212E, 0x0002, 0xF81F, 0xF81F,  /* row 22 */
    0xF81F, 0xF81F, 0xF81F, 0x0001, 0xAFFF, 0xA7DF, 0xEFFF, 0xE7FF, 0x8492, 0x0828, 0x0828, 0x0004, 0x182E, 0x182F, 0x202F, 0x182F, 0x182F, 0x182F, 0x182F, 0x182F, 0x202F, 0x202F, 0x202F, 0x202F, 0x202F, 0x202F, 0x202F, 0x202F, 0x202F, 0x202F, 0x202F, 0x202F, 0x202F, 0x202F, 0x182F, 0x202F, 0x202F, 0x202F, 0x100E, 0xE77F, 0x0843, 0x0002, 0xF81F, 0xF81F,  /* row 23 */
    0xF81F, 0xF81F, 0xF81F, 0x0022, 0xAFFF, 0xA7DF, 0xEFFF, 0xE7FF, 0x8492, 0x0828, 0x0828, 0x0004, 0x182E, 0x182F, 0x202F, 0x18D3, 0x18B2, 0x184F, 0x184F, 0x182F, 0x202F, 0x202F, 0x182F, 0x202F, 0x182F, 0x182F, 0x184F, 0x184F, 0x182F, 0x182F, 0x182F, 0x182F, 0x182F, 0x180E, 0x2999, 0x2071, 0x202F, 0x202F, 0x41D3, 0x4A9A, 0x0002, 0x0002, 0xF81F, 0xF81F,  /* row 24 */
    0xF81F, 0xF81F, 0x1083, 0x4B8F, 0xAFFF, 0xA7DF, 0xEFFF, 0xE7FF, 0x8C93, 0x0828, 0x0829, 0x0004, 0x102A, 0x182E, 0x200E, 0x127D, 0x1976, 0x21F4, 0x1952, 0x182F, 0x1994, 0x1975, 0x182E, 0x202F, 0x180E, 0x1956, 0x1956, 0x1914, 0x2091, 0x1975, 0x202F, 0x204F, 0x202F, 0x28F4, 0x375F, 0x669F, 0x2050, 0x2050, 0x7378, 0x52DA, 0x0002, 0x0002, 0xF81F, 0xF81F,  /* row 25 */
    0xF81F, 0x0842, 0x7C32, 0x9F9E, 0xA7DF, 0xA7DF, 0xEFFF, 0xE7FF, 0x8493, 0x0828, 0x0829, 0x0005, 0x0003, 0x184E, 0x202F, 0x18F0, 0x2E5E, 0x579F, 0x3D1A, 0x2092, 0x1E3F, 0x269E, 0x22B9, 0x221C, 0x2A7C, 0x467F, 0x57FF, 0x3FFF, 0x2E9F, 0x19FB, 0x29FB, 0x16BF, 0x204F, 0x2A7A, 0xCFFF, 0xA75E, 0x2091, 0x202F, 0x643A, 0x52DB, 0x0002, 0x1083, 0xF81F, 0xF81F,  /* row 26 */
    0xF81F, 0x0842, 0x7C11, 0x9FBF, 0xA7DF, 0xA7DF, 0xEFFF, 0xE7FF, 0x8472, 0x0828, 0x0829, 0x0004, 0x0003, 0x184E, 0x202F, 0x182F, 0x86FD, 0xBF5E, 0x065E, 0x2CBF, 0x27BF, 0x87FF, 0x877F, 0x2A3B, 0x4E5F, 0x5FBF, 0x2C1E, 0x29DB, 0x67FF, 0x39F9, 0x3DDD, 0x37DF, 0x229B, 0x255E, 0x467F, 0x2BF9, 0x182E, 0x202F, 0x3175, 0x0847, 0x0863, 0xF81F, 0xF81F, 0xF81F,  /* row 27 */
    0xF81F, 0x0022, 0x7C11, 0x9FBF, 0xA7DF, 0xA7DF, 0xF7FF, 0xB7DF, 0x6411, 0x1911, 0x2132, 0x0003, 0x0003, 0x0002, 0x2050, 0x182F, 0x180E, 0x180F, 0x2ADB, 0x24BF, 0x23BC, 0x2D7E, 0x47FE, 0x2EBE, 0x1EDE, 0x269E, 0x2279, 0x2198, 0x5FDE, 0x375E, 0x6FFF, 0x2A9B, 0x1D3E, 0x1DBF, 0x182E, 0x184F, 0x202F, 0x202F, 0x1028, 0xF81F, 0xF81F, 0xF81F, 0xF81F, 0xF81F,  /* row 28 */
    0xF81F, 0x0022, 0x7C11, 0x9FBF, 0xA7DF, 0xA7DF, 0xAFDF, 0xA7DF, 0x53F0, 0x0024, 0x29F8, 0x2173, 0x1910, 0x0002, 0x0004, 0x2050, 0x202F, 0x202F, 0x200E, 0x182F, 0x180F, 0x2050, 0x31D8, 0x3A5A, 0x3136, 0x2977, 0x2955, 0x2134, 0x2157, 0x221B, 0x11FA, 0x1953, 0x1871, 0x200E, 0x184F, 0x184F, 0x202F, 0x202F, 0x0828, 0xF81F, 0xF81F, 0xF81F, 0xF81F, 0xF81F,  /* row 29 */
    0xF81F, 0x1906, 0x526B, 0xBFFF, 0xA7DF, 0xA7DF, 0xA7DF, 0xA7DF, 0xB7FF, 0x3ACD, 0x324B, 0x0001, 0x18EF, 0x29D8, 0x0846, 0x0002, 0x182F, 0x202F, 0x202F, 0x202F, 0x202F, 0x202F, 0x202F, 0x202F, 0x202F, 0x202F, 0x202F, 0x202F, 0x202F, 0x202F, 0x202F, 0x202F, 0x202F, 0x202F, 0x1830, 0x184F, 0x1049, 0x0000, 0x0001, 0xF81F, 0xF81F, 0xF81F, 0xF81F, 0xF81F,  /* row 30 */
    0xF81F, 0xF81F, 0xF81F, 0x0000, 0x538F, 0xB7FF, 0x53F0, 0x96BB, 0xAFFF, 0xAFFF, 0xA7DF, 0x6D15, 0x0001, 0x0026, 0x29F9, 0x18CC, 0x0002, 0x0827, 0x102A, 0x202F, 0x202F, 0x204F, 0x2030, 0x202F, 0x2030, 0x2030, 0x2030, 0x2030, 0x2030, 0x2030, 0x2050, 0x2030, 0x202F, 0x102C, 0x0004, 0x0003, 0x2849, 0x30C8, 0xF81F, 0xF81F, 0xF81F, 0xF81F, 0xF81F, 0xF81F,  /* row 31 */
    0xF81F, 0xF81F, 0xF81F, 0xF81F, 0x0022, 0x1926, 0x0002, 0x0021, 0x0061, 0x0861, 0xAFDF, 0xA7FF, 0x9F7E, 0x432E, 0x0002, 0x0003, 0x31F8, 0x0847, 0x0003, 0x0003, 0x0003, 0x0003, 0x0003, 0x0003, 0x0003, 0x0003, 0x0003, 0x0003, 0x0003, 0x0003, 0x0003, 0x0003, 0x0003, 0x0002, 0x1827, 0xA197, 0x1923, 0xF81F, 0xF81F, 0xF81F, 0xF81F, 0xF81F, 0xF81F, 0xF81F,  /* row 32 */
    0xF81F, 0xF81F, 0xF81F, 0xF81F, 0xF81F, 0x0001, 0x0001, 0x32F1, 0x32B1, 0x2A0D, 0x0000, 0x10E4, 0xA7FF, 0x9FFF, 0x9FFF, 0x0001, 0x0003, 0x29F8, 0x190F, 0x0004, 0x0004, 0x0003, 0x0004, 0x0004, 0x0004, 0x0004, 0x0004, 0x0868, 0x108A, 0x108A, 0x088A, 0x0004, 0x48CC, 0xEA1F, 0xB1F6, 0x0001, 0xF81F, 0xF81F, 0xF81F, 0xF81F, 0xF81F, 0xF81F, 0xF81F, 0xF81F,  /* row 33 */
    0xF81F, 0xF81F, 0xF81F, 0xF81F, 0xF81F, 0x0000, 0x10E6, 0x10C6, 0x0863, 0x1148, 0x19AA, 0x0000, 0x29E9, 0x0862, 0x5CB3, 0x97FF, 0x332D, 0x0846, 0x2172, 0x0887, 0x0866, 0x0004, 0x0005, 0x0005, 0x0005, 0x0005, 0x0004, 0x0848, 0x0004, 0x0004, 0x0848, 0x1068, 0x9174, 0x386A, 0x0044, 0x0864, 0x0044, 0x2106, 0xF81F, 0xF81F, 0xF81F, 0xF81F, 0xF81F, 0xF81F,  /* row 34 */
    0xF81F, 0xF81F, 0xF81F, 0xF81F, 0x0001, 0x0000, 0x0001, 0x0001, 0x1107, 0x2A70, 0x2A4F, 0x0863, 0x0023, 0x08C8, 0x0024, 0x0883, 0x0863, 0x0003, 0x0003, 0x0022, 0x218D, 0x0002, 0x104D, 0x104B, 0x104B, 0x106B, 0x104B, 0x0025, 0x0827, 0x0827, 0x0003, 0x0827, 0x0002, 0x0044, 0x2A4F, 0x32B1, 0x4393, 0x4BB3, 0x0001, 0xF81F, 0xF81F, 0xF81F, 0xF81F, 0xF81F,  /* row 35 */
    0xF81F, 0xF81F, 0xF81F, 0x1083, 0x0021, 0x64D8, 0x5436, 0x2A90, 0x0021, 0x0000, 0x2A6F, 0x2A4F, 0x2A4F, 0x2A4F, 0x2A91, 0x0847, 0x0001, 0x0002, 0x0002, 0x0002, 0x08A3, 0x28D0, 0x0005, 0x104C, 0x104B, 0x104B, 0x104B, 0x0005, 0x0003, 0x0003, 0x0002, 0x0025, 0x2A4F, 0x0863, 0x196B, 0x0023, 0x322D, 0x5BF6, 0x21A9, 0x0001, 0xF81F, 0xF81F, 0xF81F, 0xF81F,  /* row 36 */
    0xF81F, 0xF81F, 0xF81F, 0x1B4F, 0x5C76, 0x4352, 0x224E, 0x224E, 0x2A6F, 0x1148, 0x0864, 0x21CD, 0x21CD, 0x21AD, 0x21CD, 0x110A, 0x2A90, 0x2A2E, 0x10C6, 0x0000, 0x97FF, 0x0001, 0x106C, 0x104B, 0x104B, 0x104C, 0x0829, 0x0004, 0x1025, 0x0000, 0x7FFF, 0x0000, 0x2A4F, 0x10E7, 0x196B, 0x0023, 0x324D, 0x53D5, 0x6CD9, 0x0863, 0xF81F, 0xF81F, 0xF81F, 0xF81F,  /* row 37 */
    0xF81F, 0xF81F, 0x0000, 0x36FD, 0x377F, 0x218B, 0x220D, 0x222D, 0x222E, 0x2A8F, 0x0847, 0x0867, 0x0846, 0x21EE, 0x21CD, 0x2A4F, 0x2A4F, 0x2A4F, 0x2A90, 0x0000, 0x8FFF, 0x0001, 0x106D, 0x106C, 0x104C, 0x0829, 0x0003, 0x70D0, 0xF97F, 0x0000, 0x6FFF, 0x0000, 0x2A91, 0x2A50, 0x196B, 0x0023, 0x10A5, 0x42F0, 0x53D5, 0x5BD5, 0x0001, 0x0022, 0xF81F, 0xF81F,  /* row 38 */
    0xF81F, 0xF81F, 0x18E5, 0x0000, 0x2E5C, 0x367C, 0x3EFD, 0x4517, 0x19CB, 0x0866, 0x0867, 0x0867, 0x0846, 0x2A4F, 0x2A50, 0x21CC, 0x2332, 0x2312, 0x2B53, 0x0000, 0x97FF, 0x0000, 0x0002, 0x0043, 0x0002, 0x408A, 0x60CE, 0xA0D5, 0xF17E, 0x0000, 0x6FFF, 0x0000, 0x2A70, 0x2A4F, 0x1929, 0x10EA, 0x0886, 0x4B11, 0x5394, 0x5C16, 0x0001, 0x0022, 0xF81F, 0xF81F,  /* row 39 */
    0xF81F, 0x18E5, 0x0863, 0x08A5, 0x08A4, 0x1125, 0x1B8F, 0x1B4E, 0x0001, 0x0846, 0x0847, 0x0867, 0x0846, 0x2A50, 0x2A70, 0x0884, 0x3535, 0x2CF4, 0x2D15, 0x0000, 0x9FFF, 0x0000, 0x0002, 0x76BB, 0x0000, 0xF97F, 0x68CE, 0x98D5, 0xF95E, 0x0000, 0x6FFF, 0x0000, 0x21AC, 0x198B, 0x10C7, 0x10C9, 0x0886, 0x0000, 0x4473, 0x3B10, 0x0866, 0x0021, 0xF81F, 0xF81F,  /* row 40 */
    0xF81F, 0x0001, 0x3B11, 0x224E, 0x0043, 0xA442, 0x8BC3, 0x0001, 0x0846, 0x0867, 0x0847, 0x0847, 0x0846, 0x2A70, 0x2A4F, 0x2A4F, 0x1107, 0x1127, 0x1107, 0x0000, 0x9FFF, 0x0000, 0x0002, 0x767A, 0x0000, 0xF95F, 0x68EF, 0x98D4, 0xF17E, 0x0000, 0x77FF, 0x0000, 0x1128, 0x1128, 0x10C7, 0x0886, 0x196E, 0x10C9, 0x0023, 0x328D, 0x4B73, 0x0863, 0x2105, 0xF81F,  /* row 41 */
    0x39EA, 0x196A, 0x3B12, 0x1989, 0x0001, 0x2902, 0x20E2, 0x0001, 0x0847, 0x0847, 0x0847, 0x0847, 0x0846, 0x2A4F, 0x2A4F, 0x2A4F, 0x2A4F, 0x2A4F, 0x2A4F, 0x0002, 0x9FFF, 0x0001, 0x0002, 0x767A, 0x0000, 0xF95F, 0x68CF, 0x90B3, 0xF17E, 0x0000, 0x77DF, 0x0000, 0x2A70, 0x2A4F, 0x198C, 0x0024, 0x10CA, 0x08A9, 0x0023, 0x2A4D, 0x3AF1, 0x5C77, 0x0022, 0x2105,  /* row 42 */
    0x0884, 0x2A91, 0x21AB, 0x0842, 0x0866, 0x1087, 0x0842, 0x1088, 0x0887, 0x0887, 0x0887, 0x0887, 0x0867, 0x1928, 0x1928, 0x1948, 0x1928, 0x1928, 0x1928, 0x0022, 0x434F, 0x0022, 0x0023, 0x322B, 0x0022, 0x58AD, 0x2087, 0x308A, 0x50CD, 0x0022, 0x32CD, 0x0021, 0x10E7, 0x10E6, 0x0885, 0x0023, 0x0866, 0x0866, 0x0023, 0x10E6, 0x1128, 0x21EB, 0x0023, 0x1063,  /* row 43 */
};
static const Sprite NB_SPRITE_HAPPY_0 = {
    44, 44, 0xF81F, nb_happy_0_px
};

static const uint16_t nb_happy_1_px[] = {
    0xF81F, 0xF81F, 0xF81F, 0xF81F, 0xF81F, 0xF81F, 0xF81F, 0xF81F, 0xF81F, 0xF81F, 0xF81F, 0xF81F, 0xF81F, 0xF81F, 0xF81F, 0xF81F, 0xF81F, 0xF81F, 0xF81F, 0x31A9, 0x31C9, 0x31A9, 0x31C9, 0x31C9, 0x31C9, 0x31C9, 0x31A9, 0x31A9, 0x31A9, 0x0003, 0xF81F, 0xF81F, 0xF81F, 0xF81F, 0xF81F, 0xF81F, 0xF81F, 0xF81F, 0xF81F, 0xF81F, 0xF81F, 0xF81F, 0xF81F, 0xF81F,  /* row 0  */
    0xF81F, 0xF81F, 0xF81F, 0xF81F, 0xF81F, 0xF81F, 0xF81F, 0xF81F, 0xF81F, 0xF81F, 0x0842, 0x0002, 0x0002, 0x0844, 0x29F2, 0x21F1, 0x5556, 0x9D35, 0xB618, 0xE7DF, 0xAEDE, 0xAEBE, 0xAEBE, 0xEFFF, 0xEFFF, 0xEFFF, 0xEFFF, 0xEFFF, 0xF7FF, 0x6454, 0x3B52, 0x21B0, 0x8CD4, 0x4B92, 0x0002, 0x0002, 0x0844, 0xF81F, 0xF81F, 0xF81F, 0xF81F, 0xF81F, 0xF81F, 0xF81F,  /* row 1  */
    0xF81F, 0xF81F, 0xF81F, 0xF81F, 0xF81F, 0xF81F, 0xF81F, 0xF81F, 0x0863, 0x0001, 0x2172, 0x9E9C, 0xDF5D, 0xDF7D, 0xFFFF, 0xD75F, 0x967E, 0x85FE, 0x753D, 0x6CBC, 0xAE9E, 0xF7FF, 0xEFFF, 0xEFFF, 0xEFFF, 0xEFFF, 0xEFFF, 0xEFFF, 0xEFFF, 0xEFFF, 0xA6DE, 0xF7FF, 0xA67D, 0x779E, 0xE7FF, 0xB7FF, 0x1905, 0x0003, 0xF81F, 0xF81F, 0xF81F, 0xF81F, 0xF81F, 0xF81F,  /* row 2  */
    0xF81F, 0xF81F, 0xF81F, 0xF81F, 0xF81F, 0xF81F, 0xF81F, 0x2146, 0x8E19, 0xD75E, 0xEFFF, 0xE7FF, 0xE7DF, 0xDF7E, 0x857D, 0xCF7F, 0x9E7E, 0x6C7B, 0x433A, 0xDF5E, 0xEFFF, 0xEFFF, 0xEFFF, 0xEFFF, 0xEFFF, 0xEFFF, 0xEFFF, 0xEFFF, 0xEFFF, 0xEFFF, 0x9EDE, 0xEFBF, 0x5BBA, 0xF7FF, 0xE7FF, 0xEFFF, 0xF7FF, 0x7C32, 0x0825, 0xF81F, 0xF81F, 0xF81F, 0xF81F, 0xF81F,  /* row 3  */
    0xF81F, 0xF81F, 0xF81F, 0xF81F, 0xF81F, 0xF81F, 0x0023, 0x4B91, 0xB7BF, 0xE7FF, 0xEFFF, 0xEFFF, 0xEFFF, 0xDF9F, 0x855E, 0xEFFF, 0xA67D, 0x5BDA, 0x431A, 0xA7FF, 0xB7BF, 0xEFFF, 0xEFFF, 0xEFFF, 0xEFFF, 0xEFFF, 0xEFFF, 0xEFFF, 0xEFFF, 0xEFFF, 0xF7FF, 0x96FE, 0x6C7B, 0x95DC, 0xEFFF, 0xEFFF, 0xEFFF, 0xDEDB, 0x632D, 0xF81F, 0xF81F, 0xF81F, 0xF81F, 0xF81F,  /* row 4  */
    0xF81F, 0xF81F, 0xF81F, 0xF81F, 0x0001, 0xA7DF, 0xF7FF, 0xAFBE, 0xD7FF, 0xEFFF, 0xEFFF, 0xEFFF, 0xEFFF, 0xE7DF, 0xC71F, 0xE7DF, 0x9E3D, 0x955C, 0xEFFF, 0xEFFF, 0xEFFF, 0xEFFF, 0xEFFF, 0xEFFF, 0xEFFF, 0xEFFF, 0xEFFF, 0xEFFF, 0xEFFF, 0xEFFF, 0xEFFF, 0xEFFF, 0xD75F, 0x95BD, 0xEFFF, 0xE7FF, 0xCFFF, 0x6F9F, 0xF7DF, 0x10A3, 0xF81F, 0xF81F, 0xF81F, 0xF81F,  /* row 5  */
    0xF81F, 0xF81F, 0xF81F, 0x0005, 0xB7DF, 0x9FDF, 0xEFFF, 0xE7FF, 0xEFFF, 0xEFFF, 0xEFFF, 0xEFFF, 0xAFBF, 0xA7BF, 0xEFFF, 0xE79F, 0x535A, 0x8D1B, 0xE7FF, 0xEFFF, 0xEFFF, 0xEFFF, 0xEFFF, 0xEFFF, 0xEFFF, 0xEFFF, 0xEFFF, 0xEFFF, 0xEFFF, 0xEFFF, 0xEFFF, 0xEFFF, 0xCF3E, 0x7CFD, 0xBEDE, 0xE7FF, 0xCFDF, 0x67BF, 0xF7FF, 0x5F7E, 0x0022, 0xF81F, 0xF81F, 0xF81F,  /* row 6  */
    0xF81F, 0xF81F, 0xF81F, 0x0001, 0xAFFF, 0xA7DF, 0xEFFF, 0xEFFF, 0xEFFF, 0xEFFF, 0xEFFF, 0xEFFF, 0xEFFF, 0xEFFF, 0xE7FF, 0xE79F, 0x4B39, 0xC77F, 0xEFFF, 0xEFFF, 0xEFFF, 0xEFFF, 0xEFFF, 0xEFFF, 0xEFFF, 0xEFFF, 0xEFFF, 0xEFFF, 0xEFFF, 0xEFFF, 0xF7FF, 0xF7FF, 0xEFFF, 0xD75F, 0xB69E, 0xEFFF, 0xEFFF, 0xF7FF, 0xC7DF, 0x77FF, 0x0022, 0xF81F, 0xF81F, 0xF81F,  /* row 7  */
    0xF81F, 0xF81F, 0xF81F, 0x0001, 0xAFFF, 0xA7DF, 0xEFFF, 0xEFFF, 0xEFFF, 0xEFFF, 0xF7FF, 0xA7BF, 0x9FBF, 0x9FBF, 0xF7FF, 0xEFBF, 0x4B39, 0xA6FF, 0x9EBF, 0x9EBF, 0x9EBF, 0x9E9F, 0x9E9F, 0x9E9F, 0x9E9F, 0x9E9F, 0x9E9F, 0x9E9F, 0x9E9F, 0x9E9F, 0x9E9F, 0x9E9F, 0xAEFF, 0xDF7F, 0xBE9E, 0xEFFF, 0xCFFF, 0x477F, 0xFFFF, 0xEFFF, 0x0842, 0xF81F, 0xF81F, 0xF81F,  /* row 8  */
    0xF81F, 0xF81F, 0xF81F, 0x0001, 0xAFFF, 0xA7DF, 0xEFFF, 0xEFFF, 0xEFFF, 0xEFFF, 0xAFBE, 0xEFFF, 0xF7FF, 0xEFFF, 0xAF5F, 0x7D1E, 0x42DA, 0x10A3, 0x10A3, 0x10A4, 0x10A4, 0x10A4, 0x10A4, 0x10A4, 0x10A4, 0x10A4, 0x10A4, 0x10A4, 0x10A4, 0x10A4, 0x10A5, 0x10A5, 0x10C5, 0x31CA, 0x95FF, 0x8DDF, 0x767F, 0x57DF, 0x67BF, 0xFFFF, 0x0801, 0x0023, 0xF81F, 0xF81F,  /* row 9  */
    0xF81F, 0xF81F, 0xF81F, 0x0001, 0xAFFF, 0xA7DF, 0xEFFF, 0xEFFF, 0xEFFF, 0xEFFF, 0xF7FF, 0x973F, 0x5458, 0x6459, 0x18B1, 0x0001, 0x0003, 0x10A5, 0x4A5C, 0x4A3B, 0x4A3A, 0x4A3A, 0x4A3A, 0x4A3A, 0x4A5B, 0x4A5B, 0x4A5B, 0x525B, 0x527B, 0x527B, 0x527B, 0x527B, 0x527B, 0x4A5B, 0x294D, 0x18C5, 0x18A4, 0x0004, 0x1147, 0x367B, 0x56FD, 0x0001, 0xF81F, 0xF81F,  /* row 10 */
    0xF81F, 0xF81F, 0xF81F, 0x0001, 0xAFFF, 0xA7DF, 0xEFFF, 0xEFFF, 0xEFFF, 0xEFFF, 0xBF3F, 0x18EC, 0x0004, 0x0004, 0x100B, 0x2050, 0x2050, 0x4193, 0x3952, 0x3951, 0x3951, 0x3131, 0x3131, 0x3131, 0x3111, 0x3111, 0x3111, 0x3111, 0x2910, 0x28F0, 0x28F0, 0x28F1, 0x28F1, 0x28F0, 0x28F0, 0x83F7, 0xE71F, 0xD69E, 0x298F, 0x0002, 0x10AB, 0x0002, 0xF81F, 0xF81F,  /* row 11 */
    0xF81F, 0xF81F, 0xF81F, 0x0001, 0xAFFF, 0xA7DF, 0xEFFF, 0xEFFF, 0xF7FF, 0xBE19, 0x0006, 0x0829, 0x0004, 0x0005, 0x202F, 0x202F, 0x202F, 0x204F, 0x204F, 0x204F, 0x204F, 0x204F, 0x204F, 0x204F, 0x204F, 0x204F, 0x204F, 0x204F, 0x204F, 0x204F, 0x204F, 0x204F, 0x204F, 0x204F, 0x204F, 0x180F, 0x080E, 0x7377, 0xD6FF, 0x0002, 0x2977, 0x0001, 0xF81F, 0xF81F,  /* row 12 */
    0xF81F, 0xF81F, 0xF81F, 0x0001, 0xAFFF, 0xA7DF, 0xEFFF, 0xEFFF, 0x7C31, 0x0007, 0x0828, 0x0829, 0x0004, 0x0004, 0x202F, 0x202F, 0x202F, 0x202F, 0x202F, 0x202F, 0x202F, 0x202F, 0x202F, 0x202F, 0x202F, 0x202F, 0x202F, 0x202F, 0x202F, 0x202F, 0x202F, 0x202F, 0x202F, 0x202F, 0x202F, 0x202F, 0x202F, 0x28D0, 0xCEBF, 0x4A78, 0x0001, 0x0022, 0xF81F, 0xF81F,  /* row 13 */
    0xF81F, 0xF81F, 0xF81F, 0x0001, 0xB7FF, 0xA7FF, 0xF7FF, 0xEFFF, 0x8472, 0x0828, 0x0828, 0x0006, 0x0002, 0x2050, 0x182F, 0x202F, 0x202F, 0x202F, 0x202F, 0x202F, 0x202F, 0x202F, 0x202F, 0x202F, 0x202F, 0x202F, 0x202F, 0x202F, 0x202F, 0x202F, 0x202F, 0x202F, 0x202F, 0x202F, 0x202F, 0x202F, 0x202F, 0x28B0, 0xCE9F, 0x5B3B, 0x0001, 0x0022, 0xF81F, 0xF81F,  /* row 14 */
    0xF81F, 0xF81F, 0xF81F, 0x0002, 0x0024, 0x0003, 0x4A4B, 0xEFFF, 0x8472, 0x0828, 0x0828, 0x0004, 0x184F, 0x182F, 0x202F, 0x202F, 0x202F, 0x202F, 0x202F, 0x202F, 0x202F, 0x202F, 0x202F, 0x202F, 0x202F, 0x202F, 0x202F, 0x202F, 0x202F, 0x202F, 0x202F, 0x202F, 0x202F, 0x202F, 0x202F, 0x202F, 0x202F, 0x2030, 0x7BF8, 0xD6DF, 0x39D8, 0x0001, 0xF81F, 0xF81F,  /* row 15 */
    0xF81F, 0x0844, 0x6AE2, 0xACE3, 0x0000, 0x7535, 0x420A, 0xEFDF, 0x8472, 0x0828, 0x0828, 0x0004, 0x182E, 0x182F, 0x202F, 0x182F, 0x182F, 0x202F, 0x202F, 0x3851, 0x8816, 0x7875, 0x182F, 0x182F, 0x182F, 0x182F, 0x182F, 0x182F, 0x182F, 0x182F, 0x182F, 0x182F, 0x182F, 0x182F, 0x182F, 0x182F, 0x202F, 0x202F, 0x3992, 0xCEDF, 0x31B8, 0x0021, 0xF81F, 0xF81F,  /* row 16 */
    0xF81F, 0x0844, 0x9C61, 0xFF41, 0x0000, 0x64B4, 0x4209, 0xEFDF, 0x8472, 0x0828, 0x0828, 0x0004, 0x182E, 0x182F, 0x182F, 0x202F, 0x202F, 0x202F, 0x202F, 0x6855, 0xF01F, 0xE85D, 0x182E, 0x202F, 0x202F, 0x202F, 0x202F, 0x202F, 0x202F, 0x202F, 0x202F, 0x202F, 0x202F, 0x202F, 0x202F, 0x202F, 0x182F, 0x202F, 0x100E, 0xD6FF, 0x31B7, 0x0001, 0xF81F, 0xF81F,  /* row 17 */
    0xF81F, 0x0844, 0x9C81, 0xFF61, 0x0001, 0x6CD3, 0x4209, 0xEFDF, 0x8472, 0x0828, 0x0828, 0x0004, 0x182E, 0x182F, 0x182F, 0x202F, 0x202F, 0x202F, 0x202F, 0x6875, 0xF81E, 0xE87D, 0x182E, 0x202F, 0x202F, 0x202F, 0x202F, 0x202F, 0x202F, 0x202F, 0x202F, 0x202F, 0x202F, 0x202F, 0x202F, 0x202F, 0x182F, 0x182F, 0x100E, 0xD6FF, 0x31B7, 0x0001, 0xF81F, 0xF81F,  /* row 18 */
    0xF81F, 0x0843, 0xACE1, 0xFFE0, 0x0001, 0x3135, 0x3A09, 0xEFDF, 0x8472, 0x0828, 0x0828, 0x0004, 0x182E, 0x182F, 0x182F, 0x202F, 0x182F, 0x2030, 0x102E, 0x6094, 0xF81E, 0xE87E, 0x102F, 0x182F, 0x182F, 0x182F, 0x182F, 0x182F, 0x182F, 0x202F, 0x202F, 0x202F, 0x082E, 0x6894, 0x182F, 0x202F, 0x202F, 0x202F, 0x100E, 0xD6FF, 0x31D8, 0x0001, 0xF81F, 0xF81F,  /* row 19 */
    0xF81F, 0xF81F, 0x0004, 0x0003, 0x0004, 0x0002, 0x3A09, 0xE7DF, 0x8472, 0x0828, 0x0828, 0x0004, 0x182E, 0x182F, 0x202F, 0x202F, 0x202F, 0x3870, 0xC85D, 0xE03D, 0xF81E, 0xE07E, 0x182E, 0x202F, 0x202F, 0x202F, 0x202F, 0x202F, 0x202F, 0x182F, 0x182F, 0x5852, 0xF8DF, 0x4032, 0x202F, 0x202F, 0x202F, 0x202F, 0x100E, 0xD6FF, 0x39D8, 0x0001, 0xF81F, 0xF81F,  /* row 20 */
    0xF81F, 0xF81F, 0xF81F, 0x0002, 0x3A6A, 0xAFFF, 0xF7FF, 0xE7FF, 0x8472, 0x0828, 0x0828, 0x0004, 0x182E, 0x182F, 0x202F, 0x202F, 0x202F, 0x202F, 0x182E, 0x3091, 0xE03E, 0xE87E, 0x182E, 0x202F, 0x202F, 0x202F, 0x202F, 0x202F, 0x102E, 0xD8DD, 0xE87E, 0x6875, 0x082D, 0x202F, 0x202F, 0x202F, 0x202F, 0x202F, 0x100E, 0xD6FF, 0x39D8, 0x0001, 0xF81F, 0xF81F,  /* row 21 */
    0xF81F, 0xF81F, 0xF81F, 0x0001, 0xAFFF, 0xA7DF, 0xEFFF, 0xEFFF, 0x8C72, 0x0828, 0x0828, 0x0004, 0x182E, 0x182F, 0x202F, 0x182F, 0x202F, 0x202F, 0x202F, 0x202F, 0x102E, 0x284F, 0x202F, 0x202F, 0x202F, 0x202F, 0x202F, 0x202F, 0x202F, 0x182F, 0x202F, 0x202F, 0x202F, 0x202F, 0x202F, 0x202F, 0x202F, 0x202F, 0x100E, 0xD6FF, 0x212E, 0x0002, 0xF81F, 0xF81F,  /* row 22 */
    0xF81F, 0xF81F, 0xF81F, 0x0001, 0xAFFF, 0xA7DF, 0xEFFF, 0xE7FF, 0x8492, 0x0828, 0x0828, 0x0004, 0x182E, 0x182F, 0x202F, 0x182F, 0x202F, 0x202F, 0x202F, 0x202F, 0x202F, 0x202F, 0x202F, 0x202F, 0x202F, 0x202F, 0x202F, 0x202F, 0x202F, 0x202F, 0x202F, 0x202F, 0x202F, 0x202F, 0x202F, 0x202F, 0x202F, 0x202F, 0x100E, 0xE77F, 0x0843, 0x0002, 0xF81F, 0xF81F,  /* row 23 */
    0xF81F, 0xF81F, 0xF81F, 0x0022, 0xAFFF, 0xA7DF, 0xEFFF, 0xE7FF, 0x8492, 0x0828, 0x0828, 0x0004, 0x182E, 0x182F, 0x202F, 0x182F, 0x182F, 0x182F, 0x182F, 0x182F, 0x202F, 0x202F, 0x182F, 0x182F, 0x182F, 0x182F, 0x182F, 0x182F, 0x182F, 0x182F, 0x182F, 0x182F, 0x182F, 0x182F, 0x202F, 0x202F, 0x202F, 0x202F, 0x41D3, 0x4A9A, 0x0002, 0x0002, 0xF81F, 0xF81F,  /* row 24 */
    0xF81F, 0xF81F, 0x1083, 0x4B8F, 0xAFFF, 0xA7DF, 0xEFFF, 0xE7FF, 0x8C93, 0x0828, 0x0829, 0x0004, 0x102A, 0x182E, 0x202F, 0x182F, 0x182F, 0x182F, 0x182F, 0x182F, 0x202F, 0x202F, 0x202F, 0x202F, 0x202F, 0x202F, 0x202F, 0x202F, 0x202F, 0x202F, 0x202F, 0x2030, 0x202F, 0x202F, 0x202F, 0x202F, 0x202F, 0x2050, 0x7378, 0x52DA, 0x0002, 0x0002, 0xF81F, 0xF81F,  /* row 25 */
    0xF81F, 0x0842, 0x7C32, 0x9F9E, 0xA7DF, 0xA7DF, 0xEFFF, 0xE7FF, 0x8493, 0x0828, 0x0829, 0x0005, 0x0003, 0x184E, 0x202F, 0x182F, 0x182F, 0x182F, 0x182F, 0x182F, 0x202F, 0x202F, 0x202F, 0x202F, 0x202F, 0x202F, 0x202F, 0x202F, 0x202F, 0x202F, 0x0005, 0x0827, 0x202F, 0x202F, 0x182F, 0x182F, 0x202F, 0x202F, 0x643A, 0x52DB, 0x0002, 0x1083, 0xF81F, 0xF81F,  /* row 26 */
    0xF81F, 0x0842, 0x7C11, 0x9FBF, 0xA7DF, 0xA7DF, 0xEFFF, 0xE7FF, 0x8472, 0x0828, 0x0829, 0x0004, 0x0003, 0x184E, 0x202F, 0x182F, 0x182F, 0x182F, 0x182F, 0x182F, 0x202F, 0x202F, 0x202F, 0x202F, 0x202F, 0x202F, 0x202F, 0x182D, 0x0827, 0x0003, 0x182C, 0x202F, 0x202F, 0x202F, 0x182F, 0x1830, 0x202F, 0x202F, 0x3175, 0x0847, 0x0863, 0xF81F, 0xF81F, 0xF81F,  /* row 27 */
    0xF81F, 0x0022, 0x7C11, 0x9FBF, 0xA7DF, 0xA7DF, 0xF7FF, 0xB7DF, 0x6411, 0x1911, 0x2132, 0x0003, 0x0003, 0x0002, 0x2050, 0x182F, 0x182F, 0x182F, 0x182F, 0x182F, 0x182F, 0x202F, 0x202F, 0x202F, 0x202F, 0x202F, 0x202F, 0x182D, 0x182C, 0x2030, 0x182F, 0x202F, 0x202F, 0x202F, 0x184F, 0x184F, 0x202F, 0x202F, 0x1028, 0xF81F, 0xF81F, 0xF81F, 0xF81F, 0xF81F,  /* row 28 */
    0xF81F, 0x0022, 0x7C11, 0x9FBF, 0xA7DF, 0xA7DF, 0xAFDF, 0xA7DF, 0x53F0, 0x0024, 0x29F8, 0x2173, 0x1910, 0x0002, 0x0004, 0x2050, 0x202F, 0x202F, 0x202F, 0x202F, 0x202F, 0x202F, 0x202F, 0x202F, 0x202F, 0x202F, 0x202F, 0x202F, 0x202F, 0x202F, 0x202F, 0x202F, 0x202F, 0x202F, 0x184F, 0x184F, 0x202F, 0x202F, 0x0828, 0xF81F, 0xF81F, 0xF81F, 0xF81F, 0xF81F,  /* row 29 */
    0xF81F, 0x1906, 0x526B, 0xBFFF, 0xA7DF, 0xA7DF, 0xA7DF, 0xA7DF, 0xB7FF, 0x3ACD, 0x324B, 0x0001, 0x18EF, 0x29D8, 0x0846, 0x0002, 0x182F, 0x202F, 0x202F, 0x202F, 0x202F, 0x202F, 0x202F, 0x202F, 0x202F, 0x202F, 0x202F, 0x202F, 0x202F, 0x202F, 0x202F, 0x202F, 0x202F, 0x202F, 0x1830, 0x184F, 0x1049, 0x0000, 0x0001, 0xF81F, 0xF81F, 0xF81F, 0xF81F, 0xF81F,  /* row 30 */
    0xF81F, 0xF81F, 0xF81F, 0x0000, 0x538F, 0xB7FF, 0x53F0, 0x96BB, 0xAFFF, 0xAFFF, 0xA7DF, 0x6D15, 0x0001, 0x0026, 0x29F9, 0x18CC, 0x0002, 0x0827, 0x102A, 0x202F, 0x202F, 0x204F, 0x2030, 0x202F, 0x2030, 0x2030, 0x2030, 0x2030, 0x2030, 0x2030, 0x2050, 0x2030, 0x202F, 0x102C, 0x0004, 0x0003, 0x2849, 0x30C8, 0xF81F, 0xF81F, 0xF81F, 0xF81F, 0xF81F, 0xF81F,  /* row 31 */
    0xF81F, 0xF81F, 0xF81F, 0xF81F, 0x0022, 0x1926, 0x0002, 0x0021, 0x0061, 0x0861, 0xAFDF, 0xA7FF, 0x9F7E, 0x432E, 0x0002, 0x0003, 0x31F8, 0x0847, 0x0003, 0x0003, 0x0003, 0x0003, 0x0003, 0x0003, 0x0003, 0x0003, 0x0003, 0x0003, 0x0003, 0x0003, 0x0003, 0x0003, 0x0003, 0x0002, 0x1827, 0xA197, 0x1923, 0xF81F, 0xF81F, 0xF81F, 0xF81F, 0xF81F, 0xF81F, 0xF81F,  /* row 32 */
    0xF81F, 0xF81F, 0xF81F, 0xF81F, 0xF81F, 0x0001, 0x0001, 0x32F1, 0x32B1, 0x2A0D, 0x0000, 0x10E4, 0xA7FF, 0x9FFF, 0x9FFF, 0x0001, 0x0003, 0x29F8, 0x190F, 0x0004, 0x0004, 0x0003, 0x0004, 0x0004, 0x0004, 0x0004, 0x0004, 0x0868, 0x108A, 0x108A, 0x088A, 0x0004, 0x48CC, 0xEA1F, 0xB1F6, 0x0001, 0xF81F, 0xF81F, 0xF81F, 0xF81F, 0xF81F, 0xF81F, 0xF81F, 0xF81F,  /* row 33 */
    0xF81F, 0xF81F, 0xF81F, 0xF81F, 0xF81F, 0x0000, 0x10E6, 0x10C6, 0x0863, 0x1148, 0x19AA, 0x0000, 0x29E9, 0x0862, 0x5CB3, 0x97FF, 0x332D, 0x0846, 0x2172, 0x0887, 0x0866, 0x0004, 0x0005, 0x0005, 0x0005, 0x0005, 0x0004, 0x0848, 0x0004, 0x0004, 0x0848, 0x1068, 0x9174, 0x386A, 0x0044, 0x0864, 0x0044, 0x2106, 0xF81F, 0xF81F, 0xF81F, 0xF81F, 0xF81F, 0xF81F,  /* row 34 */
    0xF81F, 0xF81F, 0xF81F, 0xF81F, 0x0001, 0x0000, 0x0001, 0x0001, 0x1107, 0x2A70, 0x2A4F, 0x0863, 0x0023, 0x08C8, 0x0024, 0x0883, 0x0863, 0x0003, 0x0003, 0x0022, 0x218D, 0x0002, 0x104D, 0x104B, 0x104B, 0x106B, 0x104B, 0x0025, 0x0827, 0x0827, 0x0003, 0x0827, 0x0002, 0x0044, 0x2A4F, 0x32B1, 0x4393, 0x4BB3, 0x0001, 0xF81F, 0xF81F, 0xF81F, 0xF81F, 0xF81F,  /* row 35 */
    0xF81F, 0xF81F, 0xF81F, 0x1083, 0x0021, 0x64D8, 0x5436, 0x2A90, 0x0021, 0x0000, 0x2A6F, 0x2A4F, 0x2A4F, 0x2A4F, 0x2A91, 0x0847, 0x0001, 0x0002, 0x0002, 0x0002, 0x08A3, 0x28D0, 0x0005, 0x104C, 0x104B, 0x104B, 0x104B, 0x0005, 0x0003, 0x0003, 0x0002, 0x0025, 0x2A4F, 0x0863, 0x196B, 0x0023, 0x322D, 0x5BF6, 0x21A9, 0x0001, 0xF81F, 0xF81F, 0xF81F, 0xF81F,  /* row 36 */
    0xF81F, 0xF81F, 0xF81F, 0x1B4F, 0x5C76, 0x4352, 0x224E, 0x224E, 0x2A6F, 0x1148, 0x0864, 0x21CD, 0x21CD, 0x21AD, 0x21CD, 0x110A, 0x2A90, 0x2A2E, 0x10C6, 0x0000, 0x97FF, 0x0001, 0x106C, 0x104B, 0x104B, 0x104C, 0x0829, 0x0004, 0x1025, 0x0000, 0x7FFF, 0x0000, 0x2A4F, 0x10E7, 0x196B, 0x0023, 0x324D, 0x53D5, 0x6CD9, 0x0863, 0xF81F, 0xF81F, 0xF81F, 0xF81F,  /* row 37 */
    0xF81F, 0xF81F, 0x0000, 0x36FD, 0x377F, 0x218B, 0x220D, 0x222D, 0x222E, 0x2A8F, 0x0847, 0x0867, 0x0846, 0x21EE, 0x21CD, 0x2A4F, 0x2A4F, 0x2A4F, 0x2A90, 0x0000, 0x8FFF, 0x0001, 0x106D, 0x106C, 0x104C, 0x0829, 0x0003, 0x70D0, 0xF97F, 0x0000, 0x6FFF, 0x0000, 0x2A91, 0x2A50, 0x196B, 0x0023, 0x10A5, 0x42F0, 0x53D5, 0x5BD5, 0x0001, 0x0022, 0xF81F, 0xF81F,  /* row 38 */
    0xF81F, 0xF81F, 0x18E5, 0x0000, 0x2E5C, 0x367C, 0x3EFD, 0x4517, 0x19CB, 0x0866, 0x0867, 0x0867, 0x0846, 0x2A4F, 0x2A50, 0x21CC, 0x2332, 0x2312, 0x2B53, 0x0000, 0x97FF, 0x0000, 0x0002, 0x0043, 0x0002, 0x408A, 0x60CE, 0xA0D5, 0xF17E, 0x0000, 0x6FFF, 0x0000, 0x2A70, 0x2A4F, 0x1929, 0x10EA, 0x0886, 0x4B11, 0x5394, 0x5C16, 0x0001, 0x0022, 0xF81F, 0xF81F,  /* row 39 */
    0xF81F, 0x18E5, 0x0863, 0x08A5, 0x08A4, 0x1125, 0x1B8F, 0x1B4E, 0x0001, 0x0846, 0x0847, 0x0867, 0x0846, 0x2A50, 0x2A70, 0x0884, 0x3535, 0x2CF4, 0x2D15, 0x0000, 0x9FFF, 0x0000, 0x0002, 0x76BB, 0x0000, 0xF97F, 0x68CE, 0x98D5, 0xF95E, 0x0000, 0x6FFF, 0x0000, 0x21AC, 0x198B, 0x10C7, 0x10C9, 0x0886, 0x0000, 0x4473, 0x3B10, 0x0866, 0x0021, 0xF81F, 0xF81F,  /* row 40 */
    0xF81F, 0x0001, 0x3B11, 0x224E, 0x0043, 0xA442, 0x8BC3, 0x0001, 0x0846, 0x0867, 0x0847, 0x0847, 0x0846, 0x2A70, 0x2A4F, 0x2A4F, 0x1107, 0x1127, 0x1107, 0x0000, 0x9FFF, 0x0000, 0x0002, 0x767A, 0x0000, 0xF95F, 0x68EF, 0x98D4, 0xF17E, 0x0000, 0x77FF, 0x0000, 0x1128, 0x1128, 0x10C7, 0x0886, 0x196E, 0x10C9, 0x0023, 0x328D, 0x4B73, 0x0863, 0x2105, 0xF81F,  /* row 41 */
    0x39EA, 0x196A, 0x3B12, 0x1989, 0x0001, 0x2902, 0x20E2, 0x0001, 0x0847, 0x0847, 0x0847, 0x0847, 0x0846, 0x2A4F, 0x2A4F, 0x2A4F, 0x2A4F, 0x2A4F, 0x2A4F, 0x0002, 0x9FFF, 0x0001, 0x0002, 0x767A, 0x0000, 0xF95F, 0x68CF, 0x90B3, 0xF17E, 0x0000, 0x77DF, 0x0000, 0x2A70, 0x2A4F, 0x198C, 0x0024, 0x10CA, 0x08A9, 0x0023, 0x2A4D, 0x3AF1, 0x5C77, 0x0022, 0x2105,  /* row 42 */
    0x0884, 0x2A91, 0x21AB, 0x0842, 0x0866, 0x1087, 0x0842, 0x1088, 0x0887, 0x0887, 0x0887, 0x0887, 0x0867, 0x1928, 0x1928, 0x1948, 0x1928, 0x1928, 0x1928, 0x0022, 0x434F, 0x0022, 0x0023, 0x322B, 0x0022, 0x58AD, 0x2087, 0x308A, 0x50CD, 0x0022, 0x32CD, 0x0021, 0x10E7, 0x10E6, 0x0885, 0x0023, 0x0866, 0x0866, 0x0023, 0x10E6, 0x1128, 0x21EB, 0x0023, 0x1063,  /* row 43 */
};
static const Sprite NB_SPRITE_HAPPY_1 = {
    44, 44, 0xF81F, nb_happy_1_px
};

static const uint16_t nb_happy_2_px[] = {
    0xF81F, 0xF81F, 0xF81F, 0xF81F, 0xF81F, 0xF81F, 0xF81F, 0xF81F, 0xF81F, 0xF81F, 0xF81F, 0xF81F, 0xF81F, 0xF81F, 0xF81F, 0xF81F, 0xF81F, 0xF81F, 0xF81F, 0x31A9, 0x31C9, 0x31A9, 0x31C9, 0x31C9, 0x31C9, 0x31C9, 0x31A9, 0x31A9, 0x31A9, 0x0003, 0xF81F, 0xF81F, 0xF81F, 0xF81F, 0xF81F, 0xF81F, 0xF81F, 0xF81F, 0xF81F, 0xF81F, 0xF81F, 0xF81F, 0xF81F, 0xF81F,  /* row 0  */
    0xF81F, 0xF81F, 0xF81F, 0xF81F, 0xF81F, 0xF81F, 0xF81F, 0xF81F, 0xF81F, 0xF81F, 0x0842, 0x0002, 0x0002, 0x0844, 0x29F2, 0x21F1, 0x5556, 0x9D35, 0xB618, 0xE7DF, 0xAEDE, 0xAEBE, 0xAEBE, 0xEFFF, 0xEFFF, 0xEFFF, 0xEFFF, 0xEFFF, 0xF7FF, 0x6454, 0x3B52, 0x21B0, 0x8CD4, 0x4B92, 0x0002, 0x0002, 0x0844, 0xF81F, 0xF81F, 0xF81F, 0xF81F, 0xF81F, 0xF81F, 0xF81F,  /* row 1  */
    0xF81F, 0xF81F, 0xF81F, 0xF81F, 0xF81F, 0xF81F, 0xF81F, 0xF81F, 0x0863, 0x0001, 0x2172, 0x9E9C, 0xDF5D, 0xDF7D, 0xFFFF, 0xD75F, 0x967E, 0x85FE, 0x753D, 0x6CBC, 0xAE9E, 0xF7FF, 0xEFFF, 0xEFFF, 0xEFFF, 0xEFFF, 0xEFFF, 0xEFFF, 0xEFFF, 0xEFFF, 0xA6DE, 0xF7FF, 0xA67D, 0x779E, 0xE7FF, 0xB7FF, 0x1905, 0x0003, 0xF81F, 0xF81F, 0xF81F, 0xF81F, 0xF81F, 0xF81F,  /* row 2  */
    0xF81F, 0xF81F, 0xF81F, 0xF81F, 0xF81F, 0xF81F, 0xF81F, 0x2146, 0x8E19, 0xD75E, 0xEFFF, 0xE7FF, 0xE7DF, 0xDF7E, 0x857D, 0xCF7F, 0x9E7E, 0x6C7B, 0x433A, 0xDF5E, 0xEFFF, 0xEFFF, 0xEFFF, 0xEFFF, 0xEFFF, 0xEFFF, 0xEFFF, 0xEFFF, 0xEFFF, 0xEFFF, 0x9EDE, 0xEFBF, 0x5BBA, 0xF7FF, 0xE7FF, 0xEFFF, 0xF7FF, 0x7C32, 0x0825, 0xF81F, 0xF81F, 0xF81F, 0xF81F, 0xF81F,  /* row 3  */
    0xF81F, 0xF81F, 0xF81F, 0xF81F, 0xF81F, 0xF81F, 0x0023, 0x4B91, 0xB7BF, 0xE7FF, 0xEFFF, 0xEFFF, 0xEFFF, 0xDF9F, 0x855E, 0xEFFF, 0xA67D, 0x5BDA, 0x431A, 0xA7FF, 0xB7BF, 0xEFFF, 0xEFFF, 0xEFFF, 0xEFFF, 0xEFFF, 0xEFFF, 0xEFFF, 0xEFFF, 0xEFFF, 0xF7FF, 0x96FE, 0x6C7B, 0x95DC, 0xEFFF, 0xEFFF, 0xEFFF, 0xDEDB, 0x632D, 0xF81F, 0xF81F, 0xF81F, 0xF81F, 0xF81F,  /* row 4  */
    0xF81F, 0xF81F, 0xF81F, 0xF81F, 0x0001, 0xA7DF, 0xF7FF, 0xAFBE, 0xD7FF, 0xEFFF, 0xEFFF, 0xEFFF, 0xEFFF, 0xE7DF, 0xC71F, 0xE7DF, 0x9E3D, 0x955C, 0xEFFF, 0xEFFF, 0xEFFF, 0xEFFF, 0xEFFF, 0xEFFF, 0xEFFF, 0xEFFF, 0xEFFF, 0xEFFF, 0xEFFF, 0xEFFF, 0xEFFF, 0xEFFF, 0xD75F, 0x95BD, 0xEFFF, 0xE7FF, 0xCFFF, 0x6F9F, 0xF7DF, 0x10A3, 0xF81F, 0xF81F, 0xF81F, 0xF81F,  /* row 5  */
    0xF81F, 0xF81F, 0xF81F, 0x0005, 0xB7DF, 0x9FDF, 0xEFFF, 0xE7FF, 0xEFFF, 0xEFFF, 0xEFFF, 0xEFFF, 0xAFBF, 0xA7BF, 0xEFFF, 0xE79F, 0x535A, 0x8D1B, 0xE7FF, 0xEFFF, 0xEFFF, 0xEFFF, 0xEFFF, 0xEFFF, 0xEFFF, 0xEFFF, 0xEFFF, 0xEFFF, 0xEFFF, 0xEFFF, 0xEFFF, 0xEFFF, 0xCF3E, 0x7CFD, 0xBEDE, 0xE7FF, 0xCFDF, 0x67BF, 0xF7FF, 0x5F7E, 0x0022, 0xF81F, 0xF81F, 0xF81F,  /* row 6  */
    0xF81F, 0xF81F, 0xF81F, 0x0001, 0xAFFF, 0xA7DF, 0xEFFF, 0xEFFF, 0xEFFF, 0xEFFF, 0xEFFF, 0xEFFF, 0xEFFF, 0xEFFF, 0xE7FF, 0xE79F, 0x4B39, 0xC77F, 0xEFFF, 0xEFFF, 0xEFFF, 0xEFFF, 0xEFFF, 0xEFFF, 0xEFFF, 0xEFFF, 0xEFFF, 0xEFFF, 0xEFFF, 0xEFFF, 0xF7FF, 0xF7FF, 0xEFFF, 0xD75F, 0xB69E, 0xEFFF, 0xEFFF, 0xF7FF, 0xC7DF, 0x77FF, 0x0022, 0xF81F, 0xF81F, 0xF81F,  /* row 7  */
    0xF81F, 0xF81F, 0xF81F, 0x0001, 0xAFFF, 0xA7DF, 0xEFFF, 0xEFFF, 0xEFFF, 0xEFFF, 0xF7FF, 0xA7BF, 0x9FBF, 0x9FBF, 0xF7FF, 0xEFBF, 0x4B39, 0xA6FF, 0x9EBF, 0x9EBF, 0x9EBF, 0x9E9F, 0x9E9F, 0x9E9F, 0x9E9F, 0x9E9F, 0x9E9F, 0x9E9F, 0x9E9F, 0x9E9F, 0x9E9F, 0x9E9F, 0xAEFF, 0xDF7F, 0xBE9E, 0xEFFF, 0xCFFF, 0x477F, 0xFFFF, 0xEFFF, 0x0842, 0xF81F, 0xF81F, 0xF81F,  /* row 8  */
    0xF81F, 0xF81F, 0xF81F, 0x0001, 0xAFFF, 0xA7DF, 0xEFFF, 0xEFFF, 0xEFFF, 0xEFFF, 0xAFBE, 0xEFFF, 0xF7FF, 0xEFFF, 0xAF5F, 0x7D1E, 0x42DA, 0x10A3, 0x10A3, 0x10A4, 0x10A4, 0x10A4, 0x10A4, 0x10A4, 0x10A4, 0x10A4, 0x10A4, 0x10A4, 0x10A4, 0x10A4, 0x10A5, 0x10A5, 0x10C5, 0x31CA, 0x95FF, 0x8DDF, 0x767F, 0x57DF, 0x67BF, 0xFFFF, 0x0801, 0x0023, 0xF81F, 0xF81F,  /* row 9  */
    0xF81F, 0xF81F, 0xF81F, 0x0001, 0xAFFF, 0xA7DF, 0xEFFF, 0xEFFF, 0xEFFF, 0xEFFF, 0xF7FF, 0x973F, 0x5458, 0x6459, 0x18B1, 0x0001, 0x0003, 0x10A5, 0x4A5C, 0x4A3B, 0x4A3A, 0x4A3A, 0x4A3A, 0x4A3A, 0x4A5B, 0x4A5B, 0x4A5B, 0x525B, 0x527B, 0x527B, 0x527B, 0x527B, 0x527B, 0x4A5B, 0x294D, 0x18C5, 0x18A4, 0x0004, 0x1147, 0x367B, 0x56FD, 0x0001, 0xF81F, 0xF81F,  /* row 10 */
    0xF81F, 0xF81F, 0xF81F, 0x0001, 0xAFFF, 0xA7DF, 0xEFFF, 0xEFFF, 0xEFFF, 0xEFFF, 0xBF3F, 0x18EC, 0x0004, 0x0004, 0x100B, 0x2050, 0x2050, 0x4193, 0x3952, 0x3951, 0x3951, 0x3131, 0x3131, 0x3131, 0x3111, 0x3111, 0x3111, 0x3111, 0x2910, 0x28F0, 0x28F0, 0x28F1, 0x28F1, 0x28F0, 0x28F0, 0x83F7, 0xE71F, 0xD69E, 0x298F, 0x0002, 0x10AB, 0x0002, 0xF81F, 0xF81F,  /* row 11 */
    0xF81F, 0xF81F, 0xF81F, 0x0001, 0xAFFF, 0xA7DF, 0xEFFF, 0xEFFF, 0xF7FF, 0xBE19, 0x0006, 0x0829, 0x0004, 0x0005, 0x202F, 0x202F, 0x202F, 0x204F, 0x204F, 0x204F, 0x204F, 0x204F, 0x204F, 0x204F, 0x204F, 0x204F, 0x204F, 0x204F, 0x204F, 0x204F, 0x204F, 0x204F, 0x204F, 0x204F, 0x204F, 0x180F, 0x080E, 0x7377, 0xD6FF, 0x0002, 0x2977, 0x0001, 0xF81F, 0xF81F,  /* row 12 */
    0xF81F, 0xF81F, 0xF81F, 0x0001, 0xAFFF, 0xA7DF, 0xEFFF, 0xEFFF, 0x7C31, 0x0007, 0x0828, 0x0829, 0x0004, 0x0004, 0x202F, 0x202F, 0x202F, 0x202F, 0x202F, 0x202F, 0x202F, 0x202F, 0x202F, 0x202F, 0x202F, 0x202F, 0x202F, 0x202F, 0x202F, 0x202F, 0x202F, 0x202F, 0x202F, 0x202F, 0x202F, 0x202F, 0x202F, 0x28D0, 0xCEBF, 0x4A78, 0x0001, 0x0022, 0xF81F, 0xF81F,  /* row 13 */
    0xF81F, 0xF81F, 0xF81F, 0x0001, 0xB7FF, 0xA7FF, 0xF7FF, 0xEFFF, 0x8472, 0x0828, 0x0828, 0x0006, 0x0002, 0x2050, 0x182F, 0x202F, 0x200F, 0x200F, 0x2830, 0x2830, 0x202F, 0x202F, 0x202F, 0x202F, 0x202F, 0x202F, 0x202F, 0x202F, 0x202F, 0x202F, 0x202F, 0x202F, 0x2030, 0x2830, 0x202F, 0x202F, 0x202F, 0x28B0, 0xCE9F, 0x5B3B, 0x0001, 0x0022, 0xF81F, 0xF81F,  /* row 14 */
    0xF81F, 0xF81F, 0xF81F, 0x0002, 0x0024, 0x0003, 0x4A4B, 0xEFFF, 0x8472, 0x0828, 0x0828, 0x0004, 0x184F, 0x182F, 0x202F, 0x202F, 0x082E, 0xF81E, 0xF01F, 0xF01F, 0x9038, 0x202F, 0x202F, 0x202F, 0x202F, 0x202F, 0x202F, 0x202F, 0x202F, 0x202F, 0x6835, 0xF01F, 0xF01F, 0xD83D, 0x102E, 0x202F, 0x202F, 0x2030, 0x7BF8, 0xD6DF, 0x39D8, 0x0001, 0xF81F, 0xF81F,  /* row 15 */
    0xF81F, 0x0844, 0x6AE2, 0xACE3, 0x0000, 0x7535, 0x420A, 0xEFDF, 0x8472, 0x0828, 0x0828, 0x0004, 0x182E, 0x182F, 0x202F, 0x182F, 0x082E, 0xF81E, 0xE81F, 0xE81F, 0x8858, 0x202F, 0x202F, 0x202F, 0x202F, 0x202F, 0x202F, 0x202F, 0x202F, 0x202F, 0x6835, 0xE81F, 0xE81F, 0xD83E, 0x102E, 0x202F, 0x202F, 0x202F, 0x3992, 0xCEDF, 0x31B8, 0x0021, 0xF81F, 0xF81F,  /* row 16 */
    0xF81F, 0x0844, 0x9C61, 0xFF41, 0x0000, 0x64B4, 0x4209, 0xEFDF, 0x8472, 0x0828, 0x0828, 0x0004, 0x182E, 0x182F, 0x182F, 0x202F, 0x102E, 0xF81E, 0xE81F, 0xE81F, 0x8838, 0x202F, 0x202F, 0x202F, 0x202F, 0x202F, 0x202F, 0x202F, 0x202F, 0x202F, 0x6835, 0xE81F, 0xE81F, 0xD83D, 0x102E, 0x202F, 0x182F, 0x202F, 0x100E, 0xD6FF, 0x31B7, 0x0001, 0xF81F, 0xF81F,  /* row 17 */
    0xF81F, 0x0844, 0x9C81, 0xFF61, 0x0001, 0x6CD3, 0x4209, 0xEFDF, 0x8472, 0x0828, 0x0828, 0x0004, 0x182E, 0x182F, 0x182F, 0x202F, 0x102E, 0xF81E, 0xE81F, 0xE81F, 0x8858, 0x202F, 0x202F, 0x202F, 0x202F, 0x202F, 0x202F, 0x202F, 0x202F, 0x202F, 0x6836, 0xE81F, 0xE81F, 0xD83D, 0x102E, 0x202F, 0x182F, 0x182F, 0x100E, 0xD6FF, 0x31B7, 0x0001, 0xF81F, 0xF81F,  /* row 18 */
    0xF81F, 0x0843, 0xACE1, 0xFFE0, 0x0001, 0x3135, 0x3A09, 0xEFDF, 0x8472, 0x0828, 0x0828, 0x0004, 0x182E, 0x182F, 0x182F, 0x202F, 0x082E, 0xF81E, 0xE81F, 0xE81F, 0x8838, 0x202F, 0x202F, 0x202F, 0x202F, 0x202F, 0x202F, 0x202F, 0x202F, 0x202F, 0x6835, 0xE81F, 0xE81F, 0xD83D, 0x102E, 0x202F, 0x202F, 0x202F, 0x100E, 0xD6FF, 0x31D8, 0x0001, 0xF81F, 0xF81F,  /* row 19 */
    0xF81F, 0xF81F, 0x0004, 0x0003, 0x0004, 0x0002, 0x3A09, 0xE7DF, 0x8472, 0x0828, 0x0828, 0x0004, 0x182E, 0x182F, 0x202F, 0x202F, 0x102D, 0xF81E, 0xF81E, 0xF81E, 0x9059, 0x202F, 0x202F, 0x202F, 0x202F, 0x202F, 0x202F, 0x202F, 0x202F, 0x202F, 0x6034, 0xF81E, 0xF81E, 0xE83E, 0x102E, 0x202F, 0x202F, 0x202F, 0x100E, 0xD6FF, 0x39D8, 0x0001, 0xF81F, 0xF81F,  /* row 20 */
    0xF81F, 0xF81F, 0xF81F, 0x0002, 0x3A6A, 0xAFFF, 0xF7FF, 0xE7FF, 0x8472, 0x0828, 0x0828, 0x0004, 0x182E, 0x182F, 0x202F, 0x202F, 0x202F, 0x102E, 0x102E, 0x102E, 0x182F, 0x202F, 0x202F, 0x202F, 0x202F, 0x202F, 0x202F, 0x202F, 0x202F, 0x202F, 0x182F, 0x102E, 0x102E, 0x102F, 0x202F, 0x202F, 0x202F, 0x202F, 0x100E, 0xD6FF, 0x39D8, 0x0001, 0xF81F, 0xF81F,  /* row 21 */
    0xF81F, 0xF81F, 0xF81F, 0x0001, 0xAFFF, 0xA7DF, 0xEFFF, 0xEFFF, 0x8C72, 0x0828, 0x0828, 0x0004, 0x182E, 0x182F, 0x202F, 0x182F, 0x202F, 0x202F, 0x202F, 0x202F, 0x202F, 0x202F, 0x202F, 0x202F, 0x202F, 0x202F, 0x202F, 0x202F, 0x202F, 0x202F, 0x202F, 0x202F, 0x202F, 0x202F, 0x202F, 0x202F, 0x202F, 0x202F, 0x100E, 0xD6FF, 0x212E, 0x0002, 0xF81F, 0xF81F,  /* row 22 */
    0xF81F, 0xF81F, 0xF81F, 0x0001, 0xAFFF, 0xA7DF, 0xEFFF, 0xE7FF, 0x8492, 0x0828, 0x0828, 0x0004, 0x182E, 0x182F, 0x202F, 0x182F, 0x182F, 0x182F, 0x182F, 0x182F, 0x202F, 0x202F, 0x202F, 0x202F, 0x202F, 0x202F, 0x202F, 0x202F, 0x202F, 0x202F, 0x202F, 0x202F, 0x202F, 0x202F, 0x202F, 0x202F, 0x202F, 0x202F, 0x100E, 0xE77F, 0x0843, 0x0002, 0xF81F, 0xF81F,  /* row 23 */
    0xF81F, 0xF81F, 0xF81F, 0x0022, 0xAFFF, 0xA7DF, 0xEFFF, 0xE7FF, 0x8492, 0x0828, 0x0828, 0x0004, 0x182E, 0x182F, 0x202F, 0x182F, 0x182F, 0x182F, 0x182F, 0x202F, 0x202F, 0x202F, 0x202F, 0x202F, 0x202F, 0x202F, 0x202F, 0x202F, 0x182F, 0x182F, 0x182F, 0x182F, 0x182F, 0x202F, 0x182F, 0x202F, 0x202F, 0x202F, 0x41D3, 0x4A9A, 0x0002, 0x0002, 0xF81F, 0xF81F,  /* row 24 */
    0xF81F, 0xF81F, 0x1083, 0x4B8F, 0xAFFF, 0xA7DF, 0xEFFF, 0xE7FF, 0x8C93, 0x0828, 0x0829, 0x0004, 0x102A, 0x182E, 0x202F, 0x182F, 0x182F, 0x182F, 0x7097, 0x4875, 0x4854, 0x4093, 0x3893, 0x3852, 0x3051, 0x2850, 0x204F, 0x204F, 0x182F, 0x182E, 0x182E, 0x102E, 0x102D, 0x6858, 0x68BA, 0x180F, 0x202F, 0x2050, 0x7378, 0x52DA, 0x0002, 0x0002, 0xF81F, 0xF81F,  /* row 25 */
    0xF81F, 0x0842, 0x7C32, 0x9F9E, 0xA7DF, 0xA7DF, 0xEFFF, 0xE7FF, 0x8493, 0x0828, 0x0829, 0x0005, 0x0003, 0x184E, 0x202F, 0x182F, 0x182F, 0x182F, 0x7859, 0x985E, 0x983F, 0x983F, 0xA01F, 0xA01F, 0xA01F, 0xA01F, 0xA03F, 0xA05F, 0xA05F, 0xA03F, 0xA03F, 0xA03F, 0xA01F, 0x905E, 0x88BD, 0x182E, 0x202F, 0x202F, 0x643A, 0x52DB, 0x0002, 0x1083, 0xF81F, 0xF81F,  /* row 26 */
    0xF81F, 0x0842, 0x7C11, 0x9FBF, 0xA7DF, 0xA7DF, 0xEFFF, 0xE7FF, 0x8472, 0x0828, 0x0829, 0x0004, 0x0003, 0x184E, 0x202F, 0x182F, 0x182F, 0x182F, 0x3852, 0x885D, 0xA03E, 0xA03E, 0xA03F, 0xA03F, 0xA05E, 0xA05E, 0xA05F, 0xA05F, 0xA05F, 0xA05F, 0xA05F, 0x985F, 0x787A, 0x182E, 0x102E, 0x1830, 0x202F, 0x202F, 0x3175, 0x0847, 0x0863, 0xF81F, 0xF81F, 0xF81F,  /* row 27 */
    0xF81F, 0x0022, 0x7C11, 0x9FBF, 0xA7DF, 0xA7DF, 0xF7FF, 0xB7DF, 0x6411, 0x1911, 0x2132, 0x0003, 0x0003, 0x0002, 0x2050, 0x182F, 0x182F, 0x182F, 0x202F, 0x2851, 0x4053, 0x903D, 0xA81F, 0xA83F, 0xA83F, 0xA03F, 0xA03F, 0xA83F, 0x6058, 0x6079, 0x6859, 0x6859, 0x4873, 0x202F, 0x184F, 0x184F, 0x202F, 0x202F, 0x1028, 0xF81F, 0xF81F, 0xF81F, 0xF81F, 0xF81F,  /* row 28 */
    0xF81F, 0x0022, 0x7C11, 0x9FBF, 0xA7DF, 0xA7DF, 0xAFDF, 0xA7DF, 0x53F0, 0x0024, 0x29F8, 0x2173, 0x1910, 0x0002, 0x0004, 0x2050, 0x202F, 0x202F, 0x202F, 0x202F, 0x202F, 0x182F, 0x202F, 0x202F, 0x2030, 0x2030, 0x202F, 0x182F, 0x202F, 0x202F, 0x202F, 0x202F, 0x202F, 0x202F, 0x184F, 0x184F, 0x202F, 0x202F, 0x0828, 0xF81F, 0xF81F, 0xF81F, 0xF81F, 0xF81F,  /* row 29 */
    0xF81F, 0x1906, 0x526B, 0xBFFF, 0xA7DF, 0xA7DF, 0xA7DF, 0xA7DF, 0xB7FF, 0x3ACD, 0x324B, 0x0001, 0x18EF, 0x29D8, 0x0846, 0x0002, 0x182F, 0x202F, 0x202F, 0x202F, 0x202F, 0x202F, 0x202F, 0x202F, 0x202F, 0x202F, 0x202F, 0x202F, 0x202F, 0x202F, 0x202F, 0x202F, 0x202F, 0x202F, 0x1830, 0x184F, 0x1049, 0x0000, 0x0001, 0xF81F, 0xF81F, 0xF81F, 0xF81F, 0xF81F,  /* row 30 */
    0xF81F, 0xF81F, 0xF81F, 0x0000, 0x538F, 0xB7FF, 0x53F0, 0x96BB, 0xAFFF, 0xAFFF, 0xA7DF, 0x6D15, 0x0001, 0x0026, 0x29F9, 0x18CC, 0x0002, 0x0827, 0x102A, 0x202F, 0x202F, 0x204F, 0x2030, 0x202F, 0x2030, 0x2030, 0x2030, 0x2030, 0x2030, 0x2030, 0x2050, 0x2030, 0x202F, 0x102C, 0x0004, 0x0003, 0x2849, 0x30C8, 0xF81F, 0xF81F, 0xF81F, 0xF81F, 0xF81F, 0xF81F,  /* row 31 */
    0xF81F, 0xF81F, 0xF81F, 0xF81F, 0x0022, 0x1926, 0x0002, 0x0021, 0x0061, 0x0861, 0xAFDF, 0xA7FF, 0x9F7E, 0x432E, 0x0002, 0x0003, 0x31F8, 0x0847, 0x0003, 0x0003, 0x0003, 0x0003, 0x0003, 0x0003, 0x0003, 0x0003, 0x0003, 0x0003, 0x0003, 0x0003, 0x0003, 0x0003, 0x0003, 0x0002, 0x1827, 0xA197, 0x1923, 0xF81F, 0xF81F, 0xF81F, 0xF81F, 0xF81F, 0xF81F, 0xF81F,  /* row 32 */
    0xF81F, 0xF81F, 0xF81F, 0xF81F, 0xF81F, 0x0001, 0x0001, 0x32F1, 0x32B1, 0x2A0D, 0x0000, 0x10E4, 0xA7FF, 0x9FFF, 0x9FFF, 0x0001, 0x0003, 0x29F8, 0x190F, 0x0004, 0x0004, 0x0003, 0x0004, 0x0004, 0x0004, 0x0004, 0x0004, 0x0868, 0x108A, 0x108A, 0x088A, 0x0004, 0x48CC, 0xEA1F, 0xB1F6, 0x0001, 0xF81F, 0xF81F, 0xF81F, 0xF81F, 0xF81F, 0xF81F, 0xF81F, 0xF81F,  /* row 33 */
    0xF81F, 0xF81F, 0xF81F, 0xF81F, 0xF81F, 0x0000, 0x10E6, 0x10C6, 0x0863, 0x1148, 0x19AA, 0x0000, 0x29E9, 0x0862, 0x5CB3, 0x97FF, 0x332D, 0x0846, 0x2172, 0x0887, 0x0866, 0x0004, 0x0005, 0x0005, 0x0005, 0x0005, 0x0004, 0x0848, 0x0004, 0x0004, 0x0848, 0x1068, 0x9174, 0x386A, 0x0044, 0x0864, 0x0044, 0x2106, 0xF81F, 0xF81F, 0xF81F, 0xF81F, 0xF81F, 0xF81F,  /* row 34 */
    0xF81F, 0xF81F, 0xF81F, 0xF81F, 0x0001, 0x0000, 0x0001, 0x0001, 0x1107, 0x2A70, 0x2A4F, 0x0863, 0x0023, 0x08C8, 0x0024, 0x0883, 0x0863, 0x0003, 0x0003, 0x0022, 0x218D, 0x0002, 0x104D, 0x104B, 0x104B, 0x106B, 0x104B, 0x0025, 0x0827, 0x0827, 0x0003, 0x0827, 0x0002, 0x0044, 0x2A4F, 0x32B1, 0x4393, 0x4BB3, 0x0001, 0xF81F, 0xF81F, 0xF81F, 0xF81F, 0xF81F,  /* row 35 */
    0xF81F, 0xF81F, 0xF81F, 0x1083, 0x0021, 0x64D8, 0x5436, 0x2A90, 0x0021, 0x0000, 0x2A6F, 0x2A4F, 0x2A4F, 0x2A4F, 0x2A91, 0x0847, 0x0001, 0x0002, 0x0002, 0x0002, 0x08A3, 0x28D0, 0x0005, 0x104C, 0x104B, 0x104B, 0x104B, 0x0005, 0x0003, 0x0003, 0x0002, 0x0025, 0x2A4F, 0x0863, 0x196B, 0x0023, 0x322D, 0x5BF6, 0x21A9, 0x0001, 0xF81F, 0xF81F, 0xF81F, 0xF81F,  /* row 36 */
    0xF81F, 0xF81F, 0xF81F, 0x1B4F, 0x5C76, 0x4352, 0x224E, 0x224E, 0x2A6F, 0x1148, 0x0864, 0x21CD, 0x21CD, 0x21AD, 0x21CD, 0x110A, 0x2A90, 0x2A2E, 0x10C6, 0x0000, 0x97FF, 0x0001, 0x106C, 0x104B, 0x104B, 0x104C, 0x0829, 0x0004, 0x1025, 0x0000, 0x7FFF, 0x0000, 0x2A4F, 0x10E7, 0x196B, 0x0023, 0x324D, 0x53D5, 0x6CD9, 0x0863, 0xF81F, 0xF81F, 0xF81F, 0xF81F,  /* row 37 */
    0xF81F, 0xF81F, 0x0000, 0x36FD, 0x377F, 0x218B, 0x220D, 0x222D, 0x222E, 0x2A8F, 0x0847, 0x0867, 0x0846, 0x21EE, 0x21CD, 0x2A4F, 0x2A4F, 0x2A4F, 0x2A90, 0x0000, 0x8FFF, 0x0001, 0x106D, 0x106C, 0x104C, 0x0829, 0x0003, 0x70D0, 0xF97F, 0x0000, 0x6FFF, 0x0000, 0x2A91, 0x2A50, 0x196B, 0x0023, 0x10A5, 0x42F0, 0x53D5, 0x5BD5, 0x0001, 0x0022, 0xF81F, 0xF81F,  /* row 38 */
    0xF81F, 0xF81F, 0x18E5, 0x0000, 0x2E5C, 0x367C, 0x3EFD, 0x4517, 0x19CB, 0x0866, 0x0867, 0x0867, 0x0846, 0x2A4F, 0x2A50, 0x21CC, 0x2332, 0x2312, 0x2B53, 0x0000, 0x97FF, 0x0000, 0x0002, 0x0043, 0x0002, 0x408A, 0x60CE, 0xA0D5, 0xF17E, 0x0000, 0x6FFF, 0x0000, 0x2A70, 0x2A4F, 0x1929, 0x10EA, 0x0886, 0x4B11, 0x5394, 0x5C16, 0x0001, 0x0022, 0xF81F, 0xF81F,  /* row 39 */
    0xF81F, 0x18E5, 0x0863, 0x08A5, 0x08A4, 0x1125, 0x1B8F, 0x1B4E, 0x0001, 0x0846, 0x0847, 0x0867, 0x0846, 0x2A50, 0x2A70, 0x0884, 0x3535, 0x2CF4, 0x2D15, 0x0000, 0x9FFF, 0x0000, 0x0002, 0x76BB, 0x0000, 0xF97F, 0x68CE, 0x98D5, 0xF95E, 0x0000, 0x6FFF, 0x0000, 0x21AC, 0x198B, 0x10C7, 0x10C9, 0x0886, 0x0000, 0x4473, 0x3B10, 0x0866, 0x0021, 0xF81F, 0xF81F,  /* row 40 */
    0xF81F, 0x0001, 0x3B11, 0x224E, 0x0043, 0xA442, 0x8BC3, 0x0001, 0x0846, 0x0867, 0x0847, 0x0847, 0x0846, 0x2A70, 0x2A4F, 0x2A4F, 0x1107, 0x1127, 0x1107, 0x0000, 0x9FFF, 0x0000, 0x0002, 0x767A, 0x0000, 0xF95F, 0x68EF, 0x98D4, 0xF17E, 0x0000, 0x77FF, 0x0000, 0x1128, 0x1128, 0x10C7, 0x0886, 0x196E, 0x10C9, 0x0023, 0x328D, 0x4B73, 0x0863, 0x2105, 0xF81F,  /* row 41 */
    0x39EA, 0x196A, 0x3B12, 0x1989, 0x0001, 0x2902, 0x20E2, 0x0001, 0x0847, 0x0847, 0x0847, 0x0847, 0x0846, 0x2A4F, 0x2A4F, 0x2A4F, 0x2A4F, 0x2A4F, 0x2A4F, 0x0002, 0x9FFF, 0x0001, 0x0002, 0x767A, 0x0000, 0xF95F, 0x68CF, 0x90B3, 0xF17E, 0x0000, 0x77DF, 0x0000, 0x2A70, 0x2A4F, 0x198C, 0x0024, 0x10CA, 0x08A9, 0x0023, 0x2A4D, 0x3AF1, 0x5C77, 0x0022, 0x2105,  /* row 42 */
    0x0884, 0x2A91, 0x21AB, 0x0842, 0x0866, 0x1087, 0x0842, 0x1088, 0x0887, 0x0887, 0x0887, 0x0887, 0x0867, 0x1928, 0x1928, 0x1948, 0x1928, 0x1928, 0x1928, 0x0022, 0x434F, 0x0022, 0x0023, 0x322B, 0x0022, 0x58AD, 0x2087, 0x308A, 0x50CD, 0x0022, 0x32CD, 0x0021, 0x10E7, 0x10E6, 0x0885, 0x0023, 0x0866, 0x0866, 0x0023, 0x10E6, 0x1128, 0x21EB, 0x0023, 0x1063,  /* row 43 */
};
static const Sprite NB_SPRITE_HAPPY_2 = {
    44, 44, 0xF81F, nb_happy_2_px
};

static const uint16_t nb_happy_3_px[] = {
    0xF81F, 0xF81F, 0xF81F, 0xF81F, 0xF81F, 0xF81F, 0xF81F, 0xF81F, 0xF81F, 0xF81F, 0xF81F, 0xF81F, 0xF81F, 0xF81F, 0xF81F, 0xF81F, 0xF81F, 0xF81F, 0xF81F, 0x31A9, 0x31C9, 0x31A9, 0x31C9, 0x31C9, 0x31C9, 0x31C9, 0x31A9, 0x31A9, 0x31A9, 0x0003, 0xF81F, 0xF81F, 0xF81F, 0xF81F, 0xF81F, 0xF81F, 0xF81F, 0xF81F, 0xF81F, 0xF81F, 0xF81F, 0xF81F, 0xF81F, 0xF81F,  /* row 0  */
    0xF81F, 0xF81F, 0xF81F, 0xF81F, 0xF81F, 0xF81F, 0xF81F, 0xF81F, 0xF81F, 0xF81F, 0x0842, 0x0002, 0x0002, 0x0844, 0x29F2, 0x21F1, 0x5556, 0x9D35, 0xB618, 0xE7DF, 0xAEDE, 0xAEBE, 0xAEBE, 0xEFFF, 0xEFFF, 0xEFFF, 0xEFFF, 0xEFFF, 0xF7FF, 0x6454, 0x3B52, 0x21B0, 0x8CD4, 0x4B92, 0x0002, 0x0002, 0x0844, 0xF81F, 0xF81F, 0xF81F, 0xF81F, 0xF81F, 0xF81F, 0xF81F,  /* row 1  */
    0xF81F, 0xF81F, 0xF81F, 0xF81F, 0xF81F, 0xF81F, 0xF81F, 0xF81F, 0x0863, 0x0001, 0x2172, 0x9E9C, 0xDF5D, 0xDF7D, 0xFFFF, 0xD75F, 0x967E, 0x85FE, 0x753D, 0x6CBC, 0xAE9E, 0xF7FF, 0xEFFF, 0xEFFF, 0xEFFF, 0xEFFF, 0xEFFF, 0xEFFF, 0xEFFF, 0xEFFF, 0xA6DE, 0xF7FF, 0xA67D, 0x779E, 0xE7FF, 0xB7FF, 0x1905, 0x0003, 0xF81F, 0xF81F, 0xF81F, 0xF81F, 0xF81F, 0xF81F,  /* row 2  */
    0xF81F, 0xF81F, 0xF81F, 0xF81F, 0xF81F, 0xF81F, 0xF81F, 0x2146, 0x8E19, 0xD75E, 0xEFFF, 0xE7FF, 0xE7DF, 0xDF7E, 0x857D, 0xCF7F, 0x9E7E, 0x6C7B, 0x433A, 0xDF5E, 0xEFFF, 0xEFFF, 0xEFFF, 0xEFFF, 0xEFFF, 0xEFFF, 0xEFFF, 0xEFFF, 0xEFFF, 0xEFFF, 0x9EDE, 0xEFBF, 0x5BBA, 0xF7FF, 0xE7FF, 0xEFFF, 0xF7FF, 0x7C32, 0x0825, 0xF81F, 0xF81F, 0xF81F, 0xF81F, 0xF81F,  /* row 3  */
    0xF81F, 0xF81F, 0xF81F, 0xF81F, 0xF81F, 0xF81F, 0x0023, 0x4B91, 0xB7BF, 0xE7FF, 0xEFFF, 0xEFFF, 0xEFFF, 0xDF9F, 0x855E, 0xEFFF, 0xA67D, 0x5BDA, 0x431A, 0xA7FF, 0xB7BF, 0xEFFF, 0xEFFF, 0xEFFF, 0xEFFF, 0xEFFF, 0xEFFF, 0xEFFF, 0xEFFF, 0xEFFF, 0xF7FF, 0x96FE, 0x6C7B, 0x95DC, 0xEFFF, 0xEFFF, 0xEFFF, 0xDEDB, 0x632D, 0xF81F, 0xF81F, 0xF81F, 0xF81F, 0xF81F,  /* row 4  */
    0xF81F, 0xF81F, 0xF81F, 0xF81F, 0x0001, 0xA7DF, 0xF7FF, 0xAFBE, 0xD7FF, 0xEFFF, 0xEFFF, 0xEFFF, 0xEFFF, 0xE7DF, 0xC71F, 0xE7DF, 0x9E3D, 0x955C, 0xEFFF, 0xEFFF, 0xEFFF, 0xEFFF, 0xEFFF, 0xEFFF, 0xEFFF, 0xEFFF, 0xEFFF, 0xEFFF, 0xEFFF, 0xEFFF, 0xEFFF, 0xEFFF, 0xD75F, 0x95BD, 0xEFFF, 0xE7FF, 0xCFFF, 0x6F9F, 0xF7DF, 0x10A3, 0xF81F, 0xF81F, 0xF81F, 0xF81F,  /* row 5  */
    0xF81F, 0xF81F, 0xF81F, 0x0005, 0xB7DF, 0x9FDF, 0xEFFF, 0xE7FF, 0xEFFF, 0xEFFF, 0xEFFF, 0xEFFF, 0xAFBF, 0xA7BF, 0xEFFF, 0xE79F, 0x535A, 0x8D1B, 0xE7FF, 0xEFFF, 0xEFFF, 0xEFFF, 0xEFFF, 0xEFFF, 0xEFFF, 0xEFFF, 0xEFFF, 0xEFFF, 0xEFFF, 0xEFFF, 0xEFFF, 0xEFFF, 0xCF3E, 0x7CFD, 0xBEDE, 0xE7FF, 0xCFDF, 0x67BF, 0xF7FF, 0x5F7E, 0x0022, 0xF81F, 0xF81F, 0xF81F,  /* row 6  */
    0xF81F, 0xF81F, 0xF81F, 0x0001, 0xAFFF, 0xA7DF, 0xEFFF, 0xEFFF, 0xEFFF, 0xEFFF, 0xEFFF, 0xEFFF, 0xEFFF, 0xEFFF, 0xE7FF, 0xE79F, 0x4B39, 0xC77F, 0xEFFF, 0xEFFF, 0xEFFF, 0xEFFF, 0xEFFF, 0xEFFF, 0xEFFF, 0xEFFF, 0xEFFF, 0xEFFF, 0xEFFF, 0xEFFF, 0xF7FF, 0xF7FF, 0xEFFF, 0xD75F, 0xB69E, 0xEFFF, 0xEFFF, 0xF7FF, 0xC7DF, 0x77FF, 0x0022, 0xF81F, 0xF81F, 0xF81F,  /* row 7  */
    0xF81F, 0xF81F, 0xF81F, 0x0001, 0xAFFF, 0xA7DF, 0xEFFF, 0xEFFF, 0xEFFF, 0xEFFF, 0xF7FF, 0xA7BF, 0x9FBF, 0x9FBF, 0xF7FF, 0xEFBF, 0x4B39, 0xA6FF, 0x9EBF, 0x9EBF, 0x9EBF, 0x9E9F, 0x9E9F, 0x9E9F, 0x9E9F, 0x9E9F, 0x9E9F, 0x9E9F, 0x9E9F, 0x9E9F, 0x9E9F, 0x9E9F, 0xAEFF, 0xDF7F, 0xBE9E, 0xEFFF, 0xCFFF, 0x477F, 0xFFFF, 0xEFFF, 0x0842, 0xF81F, 0xF81F, 0xF81F,  /* row 8  */
    0xF81F, 0xF81F, 0xF81F, 0x0001, 0xAFFF, 0xA7DF, 0xEFFF, 0xEFFF, 0xEFFF, 0xEFFF, 0xAFBE, 0xEFFF, 0xF7FF, 0xEFFF, 0xAF5F, 0x7D1E, 0x42DA, 0x10A3, 0x10A3, 0x10A4, 0x10A4, 0x10A4, 0x10A4, 0x10A4, 0x10A4, 0x10A4, 0x10A4, 0x10A4, 0x10A4, 0x10A4, 0x10A5, 0x10A5, 0x10C5, 0x31CA, 0x95FF, 0x8DDF, 0x767F, 0x57DF, 0x67BF, 0xFFFF, 0x0801, 0x0023, 0xF81F, 0xF81F,  /* row 9  */
    0xF81F, 0xF81F, 0xF81F, 0x0001, 0xAFFF, 0xA7DF, 0xEFFF, 0xEFFF, 0xEFFF, 0xEFFF, 0xF7FF, 0x973F, 0x5458, 0x6459, 0x18B1, 0x0001, 0x0003, 0x10A5, 0x4A5C, 0x4A3B, 0x4A3A, 0x4A3A, 0x4A3A, 0x4A3A, 0x4A5B, 0x4A5B, 0x4A5B, 0x525B, 0x527B, 0x527B, 0x527B, 0x527B, 0x527B, 0x4A5B, 0x294D, 0x18C5, 0x18A4, 0x0004, 0x1147, 0x367B, 0x56FD, 0x0001, 0xF81F, 0xF81F,  /* row 10 */
    0xF81F, 0xF81F, 0xF81F, 0x0001, 0xAFFF, 0xA7DF, 0xEFFF, 0xEFFF, 0xEFFF, 0xEFFF, 0xBF3F, 0x18EC, 0x0004, 0x0004, 0x100B, 0x2050, 0x2050, 0x4193, 0x3952, 0x3951, 0x3951, 0x3131, 0x3131, 0x3131, 0x3111, 0x3111, 0x3111, 0x3111, 0x2910, 0x28F0, 0x28F0, 0x28F1, 0x28F1, 0x28F0, 0x28F0, 0x83F7, 0xE71F, 0xD69E, 0x298F, 0x0002, 0x10AB, 0x0002, 0xF81F, 0xF81F,  /* row 11 */
    0xF81F, 0xF81F, 0xF81F, 0x0001, 0xAFFF, 0xA7DF, 0xEFFF, 0xEFFF, 0xF7FF, 0xBE19, 0x0006, 0x0829, 0x0004, 0x0005, 0x202F, 0x202F, 0x202F, 0x204F, 0x204F, 0x204F, 0x204F, 0x204F, 0x204F, 0x204F, 0x204F, 0x204F, 0x204F, 0x204F, 0x204F, 0x204F, 0x204F, 0x204F, 0x204F, 0x204F, 0x204F, 0x180F, 0x080E, 0x7377, 0xD6FF, 0x0002, 0x2977, 0x0001, 0xF81F, 0xF81F,  /* row 12 */
    0xF81F, 0xF81F, 0xF81F, 0x0001, 0xAFFF, 0xA7DF, 0xEFFF, 0xEFFF, 0x7C31, 0x0007, 0x0828, 0x0829, 0x0004, 0x0004, 0x202F, 0x202F, 0x202F, 0x202F, 0x202F, 0x202F, 0x202F, 0x202F, 0x202F, 0x202F, 0x202F, 0x202F, 0x202F, 0x202F, 0x202F, 0x202F, 0x202F, 0x202F, 0x202F, 0x202F, 0x202F, 0x202F, 0x202F, 0x28D0, 0xCEBF, 0x4A78, 0x0001, 0x0022, 0xF81F, 0xF81F,  /* row 13 */
    0xF81F, 0xF81F, 0xF81F, 0x0001, 0xB7FF, 0xA7FF, 0xF7FF, 0xEFFF, 0x8472, 0x0828, 0x0828, 0x0006, 0x0002, 0x2050, 0x182F, 0x202F, 0x202F, 0x202F, 0x2850, 0x2850, 0x202F, 0x202F, 0x202F, 0x202F, 0x202F, 0x202F, 0x202F, 0x202F, 0x202F, 0x202F, 0x202F, 0x202F, 0x202F, 0x202F, 0x2850, 0x202F, 0x202F, 0x28B0, 0xCE9F, 0x5B3B, 0x0001, 0x0022, 0xF81F, 0xF81F,  /* row 14 */
    0xF81F, 0xF81F, 0xF81F, 0x0002, 0x0024, 0x0003, 0x4A4B, 0xEFFF, 0x8472, 0x0828, 0x0828, 0x0004, 0x184F, 0x182F, 0x202F, 0x202F, 0x202F, 0x202F, 0xD0BE, 0x4872, 0x202F, 0x202F, 0x202F, 0x202F, 0x202F, 0x202F, 0x202F, 0x202F, 0x202F, 0x202F, 0x202F, 0x202F, 0x202F, 0x6874, 0xD87D, 0x7876, 0x182F, 0x2030, 0x7BF8, 0xD6DF, 0x39D8, 0x0001, 0xF81F, 0xF81F,  /* row 15 */
    0xF81F, 0x0844, 0x6AE2, 0xACE3, 0x0000, 0x7535, 0x420A, 0xEFDF, 0x8472, 0x0828, 0x0828, 0x0004, 0x182E, 0x182F, 0x202F, 0x182F, 0x102E, 0xD0FE, 0xB0DC, 0x184F, 0x182F, 0x182F, 0x182F, 0x202F, 0x182F, 0x182F, 0x182F, 0x182F, 0x202F, 0x202F, 0x202F, 0x202F, 0x204F, 0x2890, 0xB87C, 0xE97F, 0x080E, 0x202F, 0x3992, 0xCEDF, 0x31B8, 0x0021, 0xF81F, 0xF81F,  /* row 16 */
    0xF81F, 0x0844, 0x9C61, 0xFF41, 0x0000, 0x64B4, 0x4209, 0xEFDF, 0x8472, 0x0828, 0x0828, 0x0004, 0x182E, 0x182F, 0x182F, 0x202F, 0x184F, 0xC87D, 0x31AF, 0xD03F, 0x9099, 0x2850, 0x202F, 0x202F, 0x202F, 0x202F, 0x202F, 0x202F, 0x202F, 0x202F, 0x202F, 0x182F, 0x88F8, 0xB0FD, 0x68B1, 0xE9DF, 0x080E, 0x202F, 0x100E, 0xD6FF, 0x31B7, 0x0001, 0xF81F, 0xF81F,  /* row 17 */
    0xF81F, 0x0844, 0x9C81, 0xFF61, 0x0001, 0x6CD3, 0x4209, 0xEFDF, 0x8472, 0x0828, 0x0828, 0x0004, 0x182E, 0x182F, 0x182F, 0x180F, 0x81B9, 0xE85F, 0xF01F, 0xC87F, 0xB1DD, 0x5053, 0x202F, 0x202F, 0x202F, 0x202F, 0x202F, 0x202F, 0x202F, 0x202F, 0x182F, 0x6095, 0xA8BB, 0xD95E, 0xD05E, 0xD0BE, 0x102E, 0x182F, 0x100E, 0xD6FF, 0x31B7, 0x0001, 0xF81F, 0xF81F,  /* row 18 */
    0xF81F, 0x0843, 0xACE1, 0xFFE0, 0x0001, 0x3135, 0x3A09, 0xEFDF, 0x8472, 0x0828, 0x0828, 0x0004, 0x182E, 0x182F, 0x182F, 0x202F, 0x202F, 0x204F, 0x204F, 0x7876, 0xA11B, 0xD09E, 0x2891, 0x182F, 0x202F, 0x202F, 0x202F, 0x202F, 0x202F, 0x182F, 0x6095, 0xC99E, 0xB0DC, 0x182E, 0x182E, 0x182F, 0x202F, 0x202F, 0x100E, 0xD6FF, 0x31D8, 0x0001, 0xF81F, 0xF81F,  /* row 19 */
    0xF81F, 0xF81F, 0x0004, 0x0003, 0x0004, 0x0002, 0x3A09, 0xE7DF, 0x8472, 0x0828, 0x0828, 0x0004, 0x182E, 0x182F, 0x202F, 0x202F, 0x202F, 0x202F, 0x202F, 0x202F, 0x182F, 0x5894, 0xD87F, 0x98DA, 0x182F, 0x202F, 0x202F, 0x202F, 0x202F, 0x6896, 0xF19F, 0x6075, 0x182F, 0x202F, 0x202F, 0x202F, 0x202F, 0x202F, 0x100E, 0xD6FF, 0x39D8, 0x0001, 0xF81F, 0xF81F,  /* row 20 */
    0xF81F, 0xF81F, 0xF81F, 0x0002, 0x3A6A, 0xAFFF, 0xF7FF, 0xE7FF, 0x8472, 0x0828, 0x0828, 0x0004, 0x182E, 0x182F, 0x202F, 0x202F, 0x202F, 0x202F, 0x202F, 0x202F, 0x202F, 0x202F, 0x182F, 0x50D4, 0x182F, 0x202F, 0x202F, 0x202F, 0x202F, 0x58D5, 0x182E, 0x202F, 0x202F, 0x202F, 0x202F, 0x202F, 0x202F, 0x202F, 0x100E, 0xD6FF, 0x39D8, 0x0001, 0xF81F, 0xF81F,  /* row 21 */
    0xF81F, 0xF81F, 0xF81F, 0x0001, 0xAFFF, 0xA7DF, 0xEFFF, 0xEFFF, 0x8C72, 0x0828, 0x0828, 0x0004, 0x182E, 0x182F, 0x202F, 0x182F, 0x202F, 0x202F, 0x202F, 0x202F, 0x202F, 0x202F, 0x202F, 0x202F, 0x202F, 0x202F, 0x202F, 0x202F, 0x202F, 0x202F, 0x202F, 0x202F, 0x202F, 0x202F, 0x202F, 0x202F, 0x202F, 0x202F, 0x100E, 0xD6FF, 0x212E, 0x0002, 0xF81F, 0xF81F,  /* row 22 */
    0xF81F, 0xF81F, 0xF81F, 0x0001, 0xAFFF, 0xA7DF, 0xEFFF, 0xE7FF, 0x8492, 0x0828, 0x0828, 0x0004, 0x182E, 0x182F, 0x202F, 0x182F, 0x182F, 0x182F, 0x182F, 0x182F, 0x202F, 0x202F, 0x202F, 0x202F, 0x202F, 0x202F, 0x202F, 0x202F, 0x202F, 0x202F, 0x202F, 0x202F, 0x202F, 0x202F, 0x182F, 0x202F, 0x202F, 0x202F, 0x100E, 0xE77F, 0x0843, 0x0002, 0xF81F, 0xF81F,  /* row 23 */
    0xF81F, 0xF81F, 0xF81F, 0x0022, 0xAFFF, 0xA7DF, 0xEFFF, 0xE7FF, 0x8492, 0x0828, 0x0828, 0x0004, 0x182E, 0x182F, 0x202F, 0x182F, 0x182F, 0x182F, 0x20D3, 0x182F, 0x202F, 0x202F, 0x182F, 0x182F, 0x182F, 0x182F, 0x184F, 0x184F, 0x184F, 0x182F, 0x182F, 0x184F, 0x202F, 0x204F, 0x229C, 0x1850, 0x202F, 0x202F, 0x41D3, 0x4A9A, 0x0002, 0x0002, 0xF81F, 0xF81F,  /* row 24 */
    0xF81F, 0xF81F, 0x1083, 0x4B8F, 0xAFFF, 0xA7DF, 0xEFFF, 0xE7FF, 0x8C93, 0x0828, 0x0829, 0x0004, 0x102A, 0x182E, 0x202F, 0x182F, 0x182F, 0x182F, 0x1BBD, 0x1BBC, 0x202F, 0x202F, 0x1A9A, 0x180E, 0x202F, 0x202F, 0x1A38, 0x19F6, 0x1934, 0x2198, 0x2050, 0x18D1, 0x200E, 0x1C7D, 0x877F, 0x2112, 0x2030, 0x2050, 0x7378, 0x52DA, 0x0002, 0x0002, 0xF81F, 0xF81F,  /* row 25 */
    0xF81F, 0x0842, 0x7C32, 0x9F9E, 0xA7DF, 0xA7DF, 0xEFFF, 0xE7FF, 0x8493, 0x0828, 0x0829, 0x0005, 0x0003, 0x184E, 0x202F, 0x182F, 0x182F, 0x31F9, 0x2E9D, 0x5F5F, 0x28B1, 0x3173, 0x1F1F, 0x317A, 0x227A, 0x31DA, 0x3FFF, 0x67FF, 0x679F, 0x227A, 0x239A, 0x1F1F, 0x200E, 0x4F5F, 0xA75F, 0x1953, 0x2050, 0x202F, 0x643A, 0x52DB, 0x0002, 0x1083, 0xF81F, 0xF81F,  /* row 26 */
    0xF81F, 0x0842, 0x7C11, 0x9FBF, 0xA7DF, 0xA7DF, 0xEFFF, 0xE7FF, 0x8472, 0x0828, 0x0829, 0x0004, 0x0003, 0x184E, 0x202F, 0x182F, 0x182F, 0x2A55, 0x673D, 0x469E, 0x1BBC, 0x35BD, 0x67FF, 0x57FF, 0x31FA, 0x47FF, 0x1DFF, 0x2915, 0x57FF, 0x29D9, 0x5F1F, 0x8F7E, 0x1BDF, 0x4EFF, 0x32F6, 0x1830, 0x202F, 0x202F, 0x3175, 0x0847, 0x0863, 0xF81F, 0xF81F, 0xF81F,  /* row 27 */
    0xF81F, 0x0022, 0x7C11, 0x9FBF, 0xA7DF, 0xA7DF, 0xF7FF, 0xB7DF, 0x6411, 0x1911, 0x2132, 0x0003, 0x0003, 0x0002, 0x2050, 0x182F, 0x182F, 0x182F, 0x2071, 0x1258, 0x1C9E, 0x3D7F, 0x251C, 0x47FF, 0x2D5C, 0x271E, 0x1359, 0x2956, 0x2E5E, 0x257E, 0x6FBE, 0x3D1F, 0x1D3E, 0x1934, 0x182E, 0x184F, 0x202F, 0x202F, 0x1028, 0xF81F, 0xF81F, 0xF81F, 0xF81F, 0xF81F,  /* row 28 */
    0xF81F, 0x0022, 0x7C11, 0x9FBF, 0xA7DF, 0xA7DF, 0xAFDF, 0xA7DF, 0x53F0, 0x0024, 0x29F8, 0x2173, 0x1910, 0x0002, 0x0004, 0x2050, 0x202F, 0x202F, 0x202F, 0x184D, 0x2091, 0x18B1, 0x18B1, 0x19B6, 0x21B8, 0x2156, 0x2176, 0x20F3, 0x2135, 0x2197, 0x2196, 0x1916, 0x18D4, 0x202F, 0x184F, 0x184F, 0x202F, 0x202F, 0x0828, 0xF81F, 0xF81F, 0xF81F, 0xF81F, 0xF81F,  /* row 29 */
    0xF81F, 0x1906, 0x526B, 0xBFFF, 0xA7DF, 0xA7DF, 0xA7DF, 0xA7DF, 0xB7FF, 0x3ACD, 0x324B, 0x0001, 0x18EF, 0x29D8, 0x0846, 0x0002, 0x182F, 0x202F, 0x202F, 0x202F, 0x202F, 0x202F, 0x202F, 0x202F, 0x202F, 0x202F, 0x202F, 0x202F, 0x202F, 0x202F, 0x202F, 0x202F, 0x202F, 0x202F, 0x1830, 0x184F, 0x1049, 0x0000, 0x0001, 0xF81F, 0xF81F, 0xF81F, 0xF81F, 0xF81F,  /* row 30 */
    0xF81F, 0xF81F, 0xF81F, 0x0000, 0x538F, 0xB7FF, 0x53F0, 0x96BB, 0xAFFF, 0xAFFF, 0xA7DF, 0x6D15, 0x0001, 0x0026, 0x29F9, 0x18CC, 0x0002, 0x0827, 0x102A, 0x202F, 0x202F, 0x204F, 0x2030, 0x202F, 0x2030, 0x2030, 0x2030, 0x2030, 0x2030, 0x2030, 0x2050, 0x2030, 0x202F, 0x102C, 0x0004, 0x0003, 0x2849, 0x30C8, 0xF81F, 0xF81F, 0xF81F, 0xF81F, 0xF81F, 0xF81F,  /* row 31 */
    0xF81F, 0xF81F, 0xF81F, 0xF81F, 0x0022, 0x1926, 0x0002, 0x0021, 0x0061, 0x0861, 0xAFDF, 0xA7FF, 0x9F7E, 0x432E, 0x0002, 0x0003, 0x31F8, 0x0847, 0x0003, 0x0003, 0x0003, 0x0003, 0x0003, 0x0003, 0x0003, 0x0003, 0x0003, 0x0003, 0x0003, 0x0003, 0x0003, 0x0003, 0x0003, 0x0002, 0x1827, 0xA197, 0x1923, 0xF81F, 0xF81F, 0xF81F, 0xF81F, 0xF81F, 0xF81F, 0xF81F,  /* row 32 */
    0xF81F, 0xF81F, 0xF81F, 0xF81F, 0xF81F, 0x0001, 0x0001, 0x32F1, 0x32B1, 0x2A0D, 0x0000, 0x10E4, 0xA7FF, 0x9FFF, 0x9FFF, 0x0001, 0x0003, 0x29F8, 0x190F, 0x0004, 0x0004, 0x0003, 0x0004, 0x0004, 0x0004, 0x0004, 0x0004, 0x0868, 0x108A, 0x108A, 0x088A, 0x0004, 0x48CC, 0xEA1F, 0xB1F6, 0x0001, 0xF81F, 0xF81F, 0xF81F, 0xF81F, 0xF81F, 0xF81F, 0xF81F, 0xF81F,  /* row 33 */
    0xF81F, 0xF81F, 0xF81F, 0xF81F, 0xF81F, 0x0000, 0x10E6, 0x10C6, 0x0863, 0x1148, 0x19AA, 0x0000, 0x29E9, 0x0862, 0x5CB3, 0x97FF, 0x332D, 0x0846, 0x2172, 0x0887, 0x0866, 0x0004, 0x0005, 0x0005, 0x0005, 0x0005, 0x0004, 0x0848, 0x0004, 0x0004, 0x0848, 0x1068, 0x9174, 0x386A, 0x0044, 0x0864, 0x0044, 0x2106, 0xF81F, 0xF81F, 0xF81F, 0xF81F, 0xF81F, 0xF81F,  /* row 34 */
    0xF81F, 0xF81F, 0xF81F, 0xF81F, 0x0001, 0x0000, 0x0001, 0x0001, 0x1107, 0x2A70, 0x2A4F, 0x0863, 0x0023, 0x08C8, 0x0024, 0x0883, 0x0863, 0x0003, 0x0003, 0x0022, 0x218D, 0x0002, 0x104D, 0x104B, 0x104B, 0x106B, 0x104B, 0x0025, 0x0827, 0x0827, 0x0003, 0x0827, 0x0002, 0x0044, 0x2A4F, 0x32B1, 0x4393, 0x4BB3, 0x0001, 0xF81F, 0xF81F, 0xF81F, 0xF81F, 0xF81F,  /* row 35 */
    0xF81F, 0xF81F, 0xF81F, 0x1083, 0x0021, 0x64D8, 0x5436, 0x2A90, 0x0021, 0x0000, 0x2A6F, 0x2A4F, 0x2A4F, 0x2A4F, 0x2A91, 0x0847, 0x0001, 0x0002, 0x0002, 0x0002, 0x08A3, 0x28D0, 0x0005, 0x104C, 0x104B, 0x104B, 0x104B, 0x0005, 0x0003, 0x0003, 0x0002, 0x0025, 0x2A4F, 0x0863, 0x196B, 0x0023, 0x322D, 0x5BF6, 0x21A9, 0x0001, 0xF81F, 0xF81F, 0xF81F, 0xF81F,  /* row 36 */
    0xF81F, 0xF81F, 0xF81F, 0x1B4F, 0x5C76, 0x4352, 0x224E, 0x224E, 0x2A6F, 0x1148, 0x0864, 0x21CD, 0x21CD, 0x21AD, 0x21CD, 0x110A, 0x2A90, 0x2A2E, 0x10C6, 0x0000, 0x97FF, 0x0001, 0x106C, 0x104B, 0x104B, 0x104C, 0x0829, 0x0004, 0x1025, 0x0000, 0x7FFF, 0x0000, 0x2A4F, 0x10E7, 0x196B, 0x0023, 0x324D, 0x53D5, 0x6CD9, 0x0863, 0xF81F, 0xF81F, 0xF81F, 0xF81F,  /* row 37 */
    0xF81F, 0xF81F, 0x0000, 0x36FD, 0x377F, 0x218B, 0x220D, 0x222D, 0x222E, 0x2A8F, 0x0847, 0x0867, 0x0846, 0x21EE, 0x21CD, 0x2A4F, 0x2A4F, 0x2A4F, 0x2A90, 0x0000, 0x8FFF, 0x0001, 0x106D, 0x106C, 0x104C, 0x0829, 0x0003, 0x70D0, 0xF97F, 0x0000, 0x6FFF, 0x0000, 0x2A91, 0x2A50, 0x196B, 0x0023, 0x10A5, 0x42F0, 0x53D5, 0x5BD5, 0x0001, 0x0022, 0xF81F, 0xF81F,  /* row 38 */
    0xF81F, 0xF81F, 0x18E5, 0x0000, 0x2E5C, 0x367C, 0x3EFD, 0x4517, 0x19CB, 0x0866, 0x0867, 0x0867, 0x0846, 0x2A4F, 0x2A50, 0x21CC, 0x2332, 0x2312, 0x2B53, 0x0000, 0x97FF, 0x0000, 0x0002, 0x0043, 0x0002, 0x408A, 0x60CE, 0xA0D5, 0xF17E, 0x0000, 0x6FFF, 0x0000, 0x2A70, 0x2A4F, 0x1929, 0x10EA, 0x0886, 0x4B11, 0x5394, 0x5C16, 0x0001, 0x0022, 0xF81F, 0xF81F,  /* row 39 */
    0xF81F, 0x18E5, 0x0863, 0x08A5, 0x08A4, 0x1125, 0x1B8F, 0x1B4E, 0x0001, 0x0846, 0x0847, 0x0867, 0x0846, 0x2A50, 0x2A70, 0x0884, 0x3535, 0x2CF4, 0x2D15, 0x0000, 0x9FFF, 0x0000, 0x0002, 0x76BB, 0x0000, 0xF97F, 0x68CE, 0x98D5, 0xF95E, 0x0000, 0x6FFF, 0x0000, 0x21AC, 0x198B, 0x10C7, 0x10C9, 0x0886, 0x0000, 0x4473, 0x3B10, 0x0866, 0x0021, 0xF81F, 0xF81F,  /* row 40 */
    0xF81F, 0x0001, 0x3B11, 0x224E, 0x0043, 0xA442, 0x8BC3, 0x0001, 0x0846, 0x0867, 0x0847, 0x0847, 0x0846, 0x2A70, 0x2A4F, 0x2A4F, 0x1107, 0x1127, 0x1107, 0x0000, 0x9FFF, 0x0000, 0x0002, 0x767A, 0x0000, 0xF95F, 0x68EF, 0x98D4, 0xF17E, 0x0000, 0x77FF, 0x0000, 0x1128, 0x1128, 0x10C7, 0x0886, 0x196E, 0x10C9, 0x0023, 0x328D, 0x4B73, 0x0863, 0x2105, 0xF81F,  /* row 41 */
    0x39EA, 0x196A, 0x3B12, 0x1989, 0x0001, 0x2902, 0x20E2, 0x0001, 0x0847, 0x0847, 0x0847, 0x0847, 0x0846, 0x2A4F, 0x2A4F, 0x2A4F, 0x2A4F, 0x2A4F, 0x2A4F, 0x0002, 0x9FFF, 0x0001, 0x0002, 0x767A, 0x0000, 0xF95F, 0x68CF, 0x90B3, 0xF17E, 0x0000, 0x77DF, 0x0000, 0x2A70, 0x2A4F, 0x198C, 0x0024, 0x10CA, 0x08A9, 0x0023, 0x2A4D, 0x3AF1, 0x5C77, 0x0022, 0x2105,  /* row 42 */
    0x0884, 0x2A91, 0x21AB, 0x0842, 0x0866, 0x1087, 0x0842, 0x1088, 0x0887, 0x0887, 0x0887, 0x0887, 0x0867, 0x1928, 0x1928, 0x1948, 0x1928, 0x1928, 0x1928, 0x0022, 0x434F, 0x0022, 0x0023, 0x322B, 0x0022, 0x58AD, 0x2087, 0x308A, 0x50CD, 0x0022, 0x32CD, 0x0021, 0x10E7, 0x10E6, 0x0885, 0x0023, 0x0866, 0x0866, 0x0023, 0x10E7, 0x1128, 0x21EB, 0x0023, 0x1083,  /* row 43 */
};
static const Sprite NB_SPRITE_HAPPY_3 = {
    44, 44, 0xF81F, nb_happy_3_px
};

static const uint16_t nb_happy_4_px[] = {
    0xF81F, 0xF81F, 0xF81F, 0xF81F, 0xF81F, 0xF81F, 0xF81F, 0xF81F, 0xF81F, 0xF81F, 0xF81F, 0xF81F, 0xF81F, 0xF81F, 0xF81F, 0xF81F, 0xF81F, 0xF81F, 0xF81F, 0x31A9, 0x31C9, 0x31A9, 0x31C9, 0x31C9, 0x31C9, 0x31C9, 0x31A9, 0x31A9, 0x31A9, 0x0003, 0xF81F, 0xF81F, 0xF81F, 0xF81F, 0xF81F, 0xF81F, 0xF81F, 0xF81F, 0xF81F, 0xF81F, 0xF81F, 0xF81F, 0xF81F, 0xF81F,  /* row 0  */
    0xF81F, 0xF81F, 0xF81F, 0xF81F, 0xF81F, 0xF81F, 0xF81F, 0xF81F, 0xF81F, 0xF81F, 0x0842, 0x0002, 0x0002, 0x0844, 0x29F2, 0x21F1, 0x5556, 0x9D35, 0xB618, 0xE7DF, 0xAEDE, 0xAEBE, 0xAEBE, 0xEFFF, 0xEFFF, 0xEFFF, 0xEFFF, 0xEFFF, 0xF7FF, 0x6454, 0x3B52, 0x21B0, 0x8CD4, 0x4B92, 0x0002, 0x0002, 0x0844, 0xF81F, 0xF81F, 0xF81F, 0xF81F, 0xF81F, 0xF81F, 0xF81F,  /* row 1  */
    0xF81F, 0xF81F, 0xF81F, 0xF81F, 0xF81F, 0xF81F, 0xF81F, 0xF81F, 0x0863, 0x0001, 0x2172, 0x9E9C, 0xDF5D, 0xDF7D, 0xFFFF, 0xD75F, 0x967E, 0x85FE, 0x753D, 0x6CBC, 0xAE9E, 0xF7FF, 0xEFFF, 0xEFFF, 0xEFFF, 0xEFFF, 0xEFFF, 0xEFFF, 0xEFFF, 0xEFFF, 0xA6DE, 0xF7FF, 0xA67D, 0x779E, 0xE7FF, 0xB7FF, 0x1905, 0x0003, 0xF81F, 0xF81F, 0xF81F, 0xF81F, 0xF81F, 0xF81F,  /* row 2  */
    0xF81F, 0xF81F, 0xF81F, 0xF81F, 0xF81F, 0xF81F, 0xF81F, 0x2146, 0x8E19, 0xD75E, 0xEFFF, 0xE7FF, 0xE7DF, 0xDF7E, 0x857D, 0xCF7F, 0x9E7E, 0x6C7B, 0x433A, 0xDF5E, 0xEFFF, 0xEFFF, 0xEFFF, 0xEFFF, 0xEFFF, 0xEFFF, 0xEFFF, 0xEFFF, 0xEFFF, 0xEFFF, 0x9EDE, 0xEFBF, 0x5BBA, 0xF7FF, 0xE7FF, 0xEFFF, 0xF7FF, 0x7C32, 0x0825, 0xF81F, 0xF81F, 0xF81F, 0xF81F, 0xF81F,  /* row 3  */
    0xF81F, 0xF81F, 0xF81F, 0xF81F, 0xF81F, 0xF81F, 0x0023, 0x4B91, 0xB7BF, 0xE7FF, 0xEFFF, 0xEFFF, 0xEFFF, 0xDF9F, 0x855E, 0xEFFF, 0xA67D, 0x5BDA, 0x431A, 0xA7FF, 0xB7BF, 0xEFFF, 0xEFFF, 0xEFFF, 0xEFFF, 0xEFFF, 0xEFFF, 0xEFFF, 0xEFFF, 0xEFFF, 0xF7FF, 0x96FE, 0x6C7B, 0x95DC, 0xEFFF, 0xEFFF, 0xEFFF, 0xDEDB, 0x632D, 0xF81F, 0xF81F, 0xF81F, 0xF81F, 0xF81F,  /* row 4  */
    0xF81F, 0xF81F, 0xF81F, 0xF81F, 0x0001, 0xA7DF, 0xF7FF, 0xAFBE, 0xD7FF, 0xEFFF, 0xEFFF, 0xEFFF, 0xEFFF, 0xE7DF, 0xC71F, 0xE7DF, 0x9E3D, 0x955C, 0xEFFF, 0xEFFF, 0xEFFF, 0xEFFF, 0xEFFF, 0xEFFF, 0xEFFF, 0xEFFF, 0xEFFF, 0xEFFF, 0xEFFF, 0xEFFF, 0xEFFF, 0xEFFF, 0xD75F, 0x95BD, 0xEFFF, 0xE7FF, 0xCFFF, 0x6F9F, 0xF7DF, 0x10A3, 0xF81F, 0xF81F, 0xF81F, 0xF81F,  /* row 5  */
    0xF81F, 0xF81F, 0xF81F, 0x0005, 0xB7DF, 0x9FDF, 0xEFFF, 0xE7FF, 0xEFFF, 0xEFFF, 0xEFFF, 0xEFFF, 0xAFBF, 0xA7BF, 0xEFFF, 0xE79F, 0x535A, 0x8D1B, 0xE7FF, 0xEFFF, 0xEFFF, 0xEFFF, 0xEFFF, 0xEFFF, 0xEFFF, 0xEFFF, 0xEFFF, 0xEFFF, 0xEFFF, 0xEFFF, 0xEFFF, 0xEFFF, 0xCF3E, 0x7CFD, 0xBEDE, 0xE7FF, 0xCFDF, 0x67BF, 0xF7FF, 0x5F7E, 0x0022, 0xF81F, 0xF81F, 0xF81F,  /* row 6  */
    0xF81F, 0xF81F, 0xF81F, 0x0001, 0xAFFF, 0xA7DF, 0xEFFF, 0xEFFF, 0xEFFF, 0xEFFF, 0xEFFF, 0xEFFF, 0xEFFF, 0xEFFF, 0xE7FF, 0xE79F, 0x4B39, 0xC77F, 0xEFFF, 0xEFFF, 0xEFFF, 0xEFFF, 0xEFFF, 0xEFFF, 0xEFFF, 0xEFFF, 0xEFFF, 0xEFFF, 0xEFFF, 0xEFFF, 0xF7FF, 0xF7FF, 0xEFFF, 0xD75F, 0xB69E, 0xEFFF, 0xEFFF, 0xF7FF, 0xC7DF, 0x77FF, 0x0022, 0xF81F, 0xF81F, 0xF81F,  /* row 7  */
    0xF81F, 0xF81F, 0xF81F, 0x0001, 0xAFFF, 0xA7DF, 0xEFFF, 0xEFFF, 0xEFFF, 0xEFFF, 0xF7FF, 0xA7BF, 0x9FBF, 0x9FBF, 0xF7FF, 0xEFBF, 0x4B39, 0xA6FF, 0x9EBF, 0x9EBF, 0x9EBF, 0x9E9F, 0x9E9F, 0x9E9F, 0x9E9F, 0x9E9F, 0x9E9F, 0x9E9F, 0x9E9F, 0x9E9F, 0x9E9F, 0x9E9F, 0xAEFF, 0xDF7F, 0xBE9E, 0xEFFF, 0xCFFF, 0x477F, 0xFFFF, 0xEFFF, 0x0842, 0xF81F, 0xF81F, 0xF81F,  /* row 8  */
    0xF81F, 0xF81F, 0xF81F, 0x0001, 0xAFFF, 0xA7DF, 0xEFFF, 0xEFFF, 0xEFFF, 0xEFFF, 0xAFBE, 0xEFFF, 0xF7FF, 0xEFFF, 0xAF5F, 0x7D1E, 0x42DA, 0x10A3, 0x10A3, 0x10A4, 0x10A4, 0x10A4, 0x10A4, 0x10A4, 0x10A4, 0x10A4, 0x10A4, 0x10A4, 0x10A4, 0x10A4, 0x10A5, 0x10A5, 0x10C5, 0x31CA, 0x95FF, 0x8DDF, 0x767F, 0x57DF, 0x67BF, 0xFFFF, 0x0801, 0x0023, 0xF81F, 0xF81F,  /* row 9  */
    0xF81F, 0xF81F, 0xF81F, 0x0001, 0xAFFF, 0xA7DF, 0xEFFF, 0xEFFF, 0xEFFF, 0xEFFF, 0xF7FF, 0x973F, 0x5458, 0x6459, 0x18B1, 0x0001, 0x0003, 0x10A5, 0x4A5C, 0x4A3B, 0x4A3A, 0x4A3A, 0x4A3A, 0x4A3A, 0x4A5B, 0x4A5B, 0x4A5B, 0x525B, 0x527B, 0x527B, 0x527B, 0x527B, 0x527B, 0x4A5B, 0x294D, 0x18C5, 0x18A4, 0x0004, 0x1147, 0x367B, 0x56FD, 0x0001, 0xF81F, 0xF81F,  /* row 10 */
    0xF81F, 0xF81F, 0xF81F, 0x0001, 0xAFFF, 0xA7DF, 0xEFFF, 0xEFFF, 0xEFFF, 0xEFFF, 0xBF3F, 0x18EC, 0x0004, 0x0004, 0x100B, 0x2050, 0x2050, 0x4193, 0x3952, 0x3951, 0x3951, 0x3131, 0x3131, 0x3131, 0x3111, 0x3111, 0x3111, 0x3111, 0x2910, 0x28F0, 0x28F0, 0x28F1, 0x28F1, 0x28F0, 0x28F0, 0x83F7, 0xE71F, 0xD69E, 0x298F, 0x0002, 0x10AB, 0x0002, 0xF81F, 0xF81F,  /* row 11 */
    0xF81F, 0xF81F, 0xF81F, 0x0001, 0xAFFF, 0xA7DF, 0xEFFF, 0xEFFF, 0xF7FF, 0xBE19, 0x0006, 0x0829, 0x0004, 0x0005, 0x202F, 0x202F, 0x202F, 0x204F, 0x204F, 0x204F, 0x204F, 0x204F, 0x204F, 0x204F, 0x204F, 0x204F, 0x204F, 0x204F, 0x204F, 0x204F, 0x204F, 0x204F, 0x204F, 0x204F, 0x202F, 0x180F, 0x080E, 0x7377, 0xD6FF, 0x0002, 0x2977, 0x0001, 0xF81F, 0xF81F,  /* row 12 */
    0xF81F, 0xF81F, 0xF81F, 0x0001, 0xAFFF, 0xA7DF, 0xEFFF, 0xEFFF, 0x7C31, 0x0007, 0x0828, 0x0829, 0x0004, 0x0004, 0x202F, 0x202F, 0x202F, 0x204F, 0x20F0, 0x1930, 0x202F, 0x202F, 0x202F, 0x202F, 0x202F, 0x202F, 0x202F, 0x202F, 0x202F, 0x202F, 0x202F, 0x200E, 0x1CF8, 0x0D38, 0x2395, 0x202F, 0x202F, 0x28D0, 0xCEBF, 0x4A78, 0x0001, 0x0022, 0xF81F, 0xF81F,  /* row 13 */
    0xF81F, 0xF81F, 0xF81F, 0x0001, 0xB7FF, 0xA7FF, 0xF7FF, 0xEFFF, 0x8472, 0x0828, 0x0828, 0x0006, 0x0002, 0x2050, 0x182F, 0x202F, 0x202F, 0x1A52, 0x07FC, 0x0FFE, 0x200E, 0x202F, 0x202F, 0x202F, 0x202F, 0x202F, 0x202F, 0x202F, 0x202F, 0x202F, 0x202F, 0x200E, 0x0F9D, 0x07DC, 0x14D7, 0x202F, 0x202F, 0x28B0, 0xCE9F, 0x5B3B, 0x0001, 0x0022, 0xF81F, 0xF81F,  /* row 14 */
    0xF81F, 0xF81F, 0xF81F, 0x0002, 0x0024, 0x0003, 0x4A4B, 0xEFFF, 0x8472, 0x0828, 0x0828, 0x0004, 0x184F, 0x182F, 0x202F, 0x202F, 0x202F, 0x19F2, 0x07FC, 0x07FE, 0x200E, 0x202F, 0x202F, 0x202F, 0x202F, 0x202F, 0x202F, 0x202F, 0x202F, 0x202F, 0x202F, 0x200E, 0x0FBD, 0x07FC, 0x1518, 0x202F, 0x202F, 0x2030, 0x7BF8, 0xD6DF, 0x39D8, 0x0001, 0xF81F, 0xF81F,  /* row 15 */
    0xF81F, 0x0844, 0x6AE2, 0xACE3, 0x0000, 0x7535, 0x420A, 0xEFDF, 0x8472, 0x0828, 0x0828, 0x0004, 0x182E, 0x182F, 0x202F, 0x182F, 0x182F, 0x19B2, 0x07FC, 0x07FE, 0x200E, 0x182F, 0x182F, 0x202F, 0x182F, 0x182F, 0x182F, 0x182F, 0x202F, 0x202F, 0x202F, 0x200E, 0x0F7C, 0x07FC, 0x15B8, 0x200F, 0x202F, 0x202F, 0x3992, 0xCEDF, 0x31B8, 0x0021, 0xF81F, 0xF81F,  /* row 16 */
    0xF81F, 0x0844, 0x9C61, 0xFF41, 0x0000, 0x64B4, 0x4209, 0xEFDF, 0x8472, 0x0828, 0x0828, 0x0004, 0x182E, 0x182F, 0x182F, 0x202F, 0x202F, 0x1951, 0x07FC, 0x07FE, 0x200E, 0x202F, 0x202F, 0x202F, 0x202F, 0x202F, 0x202F, 0x202F, 0x202F, 0x202F, 0x202F, 0x200E, 0x0F5C, 0x07FC, 0x15F9, 0x200F, 0x182F, 0x202F, 0x100E, 0xD6FF, 0x31B7, 0x0001, 0xF81F, 0xF81F,  /* row 17 */
    0xF81F, 0x0844, 0x9C81, 0xFF61, 0x0001, 0x6CD3, 0x4209, 0xEFDF, 0x8472, 0x0828, 0x0828, 0x0004, 0x182E, 0x182F, 0x182F, 0x202F, 0x202F, 0x1931, 0x07FC, 0x07FE, 0x200E, 0x202F, 0x202F, 0x202F, 0x202F, 0x202F, 0x202F, 0x202F, 0x202F, 0x202F, 0x202F, 0x200E, 0x0F3C, 0x07FC, 0x165A, 0x200F, 0x182F, 0x182F, 0x100E, 0xD6FF, 0x31B7, 0x0001, 0xF81F, 0xF81F,  /* row 18 */
    0xF81F, 0x0843, 0xACE1, 0xFFE0, 0x0001, 0x3135, 0x3A09, 0xEFDF, 0x8472, 0x0828, 0x0828, 0x0004, 0x182E, 0x182F, 0x182F, 0x202F, 0x202F, 0x18F0, 0x07FC, 0x07FE, 0x180E, 0x202F, 0x202F, 0x202F, 0x202F, 0x202F, 0x202F, 0x202F, 0x202F, 0x202F, 0x202F, 0x200E, 0x0F3C, 0x07FC, 0x169A, 0x200F, 0x202F, 0x202F, 0x100E, 0xD6FF, 0x31D8, 0x0001, 0xF81F, 0xF81F,  /* row 19 */
    0xF81F, 0xF81F, 0x0004, 0x0003, 0x0004, 0x0002, 0x3A09, 0xE7DF, 0x8472, 0x0828, 0x0828, 0x0004, 0x182E, 0x182F, 0x202F, 0x202F, 0x202F, 0x20D0, 0x07FD, 0x0FFD, 0x204F, 0x204F, 0x202F, 0x202F, 0x202F, 0x202F, 0x202F, 0x202F, 0x202F, 0x202F, 0x202F, 0x200F, 0x173C, 0x07FC, 0x0F3B, 0x200F, 0x202F, 0x202F, 0x100E, 0xD6FF, 0x39D8, 0x0001, 0xF81F, 0xF81F,  /* row 20 */
    0xF81F, 0xF81F, 0xF81F, 0x0002, 0x3A6A, 0xAFFF, 0xF7FF, 0xE7FF, 0x8472, 0x0828, 0x0828, 0x0004, 0x182E, 0x182F, 0x202F, 0x202F, 0x202F, 0x206F, 0x07FE, 0x07FE, 0x188F, 0x204F, 0x202F, 0x202F, 0x202F, 0x202F, 0x202F, 0x202F, 0x202F, 0x202F, 0x202F, 0x200F, 0x0F7C, 0x07FE, 0x0FBC, 0x200F, 0x202F, 0x202F, 0x100E, 0xD6FF, 0x39D8, 0x0001, 0xF81F, 0xF81F,  /* row 21 */
    0xF81F, 0xF81F, 0xF81F, 0x0001, 0xAFFF, 0xA7DF, 0xEFFF, 0xEFFF, 0x8C72, 0x0828, 0x0828, 0x0004, 0x182E, 0x182F, 0x202F, 0x182F, 0x202F, 0x202F, 0x2171, 0x1930, 0x202F, 0x202F, 0x202F, 0x202F, 0x202F, 0x202F, 0x202F, 0x202F, 0x202F, 0x202F, 0x202F, 0x202F, 0x200E, 0x200E, 0x200E, 0x202F, 0x202F, 0x202F, 0x100E, 0xD6FF, 0x212E, 0x0002, 0xF81F, 0xF81F,  /* row 22 */
    0xF81F, 0xF81F, 0xF81F, 0x0001, 0xAFFF, 0xA7DF, 0xEFFF, 0xE7FF, 0x8492, 0x0828, 0x0828, 0x0004, 0x182E, 0x182F, 0x202F, 0x182F, 0x182F, 0x182F, 0x184F, 0x2050, 0x202F, 0x202F, 0x202F, 0x202F, 0x202F, 0x202F, 0x202F, 0x202F, 0x202F, 0x202F, 0x202F, 0x202F, 0x202F, 0x202F, 0x202F, 0x202F, 0x204F, 0x202F, 0x100E, 0xE77F, 0x0843, 0x0002, 0xF81F, 0xF81F,  /* row 23 */
    0xF81F, 0xF81F, 0xF81F, 0x0022, 0xAFFF, 0xA7DF, 0xEFFF, 0xE7FF, 0x8492, 0x0828, 0x0828, 0x0004, 0x182E, 0x182F, 0x202F, 0x182F, 0x182F, 0x182F, 0x6896, 0x4074, 0x3853, 0x3072, 0x3071, 0x3051, 0x2050, 0x204F, 0x182F, 0x184F, 0x102E, 0x102E, 0x102E, 0x102E, 0x102D, 0x6056, 0x60B8, 0x180F, 0x202F, 0x202F, 0x41D3, 0x4A9A, 0x0002, 0x0002, 0xF81F, 0xF81F,  /* row 24 */
    0xF81F, 0xF81F, 0x1083, 0x4B8F, 0xAFFF, 0xA7DF, 0xEFFF, 0xE7FF, 0x8C93, 0x0828, 0x0829, 0x0004, 0x102A, 0x182E, 0x202F, 0x182F, 0x182F, 0x182F, 0x7079, 0x985E, 0x985F, 0xA03F, 0xA01F, 0xA01F, 0xA01F, 0xA01F, 0xA03F, 0xA05F, 0xA05F, 0xA03F, 0xA03F, 0xA03F, 0x983F, 0x903F, 0x88BE, 0x182E, 0x202F, 0x2050, 0x7378, 0x52DA, 0x0002, 0x0002, 0xF81F, 0xF81F,  /* row 25 */
    0xF81F, 0x0842, 0x7C32, 0x9F9E, 0xA7DF, 0xA7DF, 0xEFFF, 0xE7FF, 0x8493, 0x0828, 0x0829, 0x0005, 0x0003, 0x184E, 0x202F, 0x182F, 0x182F, 0x182F, 0x4073, 0x885D, 0xA03E, 0xA03E, 0xA03F, 0xA03F, 0xA05E, 0x985E, 0xA05F, 0xA05F, 0xA05F, 0xA05F, 0x985F, 0x985F, 0x789A, 0x182E, 0x100E, 0x182F, 0x202F, 0x202F, 0x643A, 0x52DB, 0x0002, 0x1083, 0xF81F, 0xF81F,  /* row 26 */
    0xF81F, 0x0842, 0x7C11, 0x9FBF, 0xA7DF, 0xA7DF, 0xEFFF, 0xE7FF, 0x8472, 0x0828, 0x0829, 0x0004, 0x0003, 0x184E, 0x202F, 0x182F, 0x182F, 0x182F, 0x202F, 0x3052, 0x5055, 0x903D, 0xA01F, 0xA03F, 0xA03F, 0xA03F, 0xA03F, 0xA83F, 0x707A, 0x707B, 0x787B, 0x785A, 0x5074, 0x202F, 0x182F, 0x1830, 0x202F, 0x202F, 0x3175, 0x0847, 0x0863, 0xF81F, 0xF81F, 0xF81F,  /* row 27 */
    0xF81F, 0x0022, 0x7C11, 0x9FBF, 0xA7DF, 0xA7DF, 0xF7FF, 0xB7DF, 0x6411, 0x1911, 0x2132, 0x0003, 0x0003, 0x0002, 0x2050, 0x182F, 0x182F, 0x182F, 0x182F, 0x182F, 0x202F, 0x202F, 0x2830, 0x2830, 0x2831, 0x3031, 0x2830, 0x202F, 0x202F, 0x202F, 0x202F, 0x202F, 0x202F, 0x202F, 0x184F, 0x184F, 0x202F, 0x202F, 0x1028, 0xF81F, 0xF81F, 0xF81F, 0xF81F, 0xF81F,  /* row 28 */
    0xF81F, 0x0022, 0x7C11, 0x9FBF, 0xA7DF, 0xA7DF, 0xAFDF, 0xA7DF, 0x53F0, 0x0024, 0x29F8, 0x2173, 0x1910, 0x0002, 0x0004, 0x2050, 0x202F, 0x202F, 0x202F, 0x202F, 0x202F, 0x202F, 0x202F, 0x202F, 0x202F, 0x202F, 0x202F, 0x202F, 0x202F, 0x202F, 0x202F, 0x202F, 0x202F, 0x202F, 0x184F, 0x184F, 0x202F, 0x202F, 0x0828, 0xF81F, 0xF81F, 0xF81F, 0xF81F, 0xF81F,  /* row 29 */
    0xF81F, 0x1906, 0x526B, 0xBFFF, 0xA7DF, 0xA7DF, 0xA7DF, 0xA7DF, 0xB7FF, 0x3ACD, 0x324B, 0x0001, 0x18EF, 0x29D8, 0x0846, 0x0002, 0x182F, 0x202F, 0x202F, 0x202F, 0x202F, 0x202F, 0x202F, 0x202F, 0x202F, 0x202F, 0x202F, 0x202F, 0x202F, 0x202F, 0x202F, 0x202F, 0x202F, 0x202F, 0x1830, 0x184F, 0x1049, 0x0000, 0x0001, 0xF81F, 0xF81F, 0xF81F, 0xF81F, 0xF81F,  /* row 30 */
    0xF81F, 0xF81F, 0xF81F, 0x0000, 0x538F, 0xB7FF, 0x53F0, 0x96BB, 0xAFFF, 0xAFFF, 0xA7DF, 0x6D15, 0x0001, 0x0026, 0x29F9, 0x18CC, 0x0002, 0x0827, 0x102A, 0x202F, 0x202F, 0x204F, 0x2030, 0x202F, 0x2030, 0x2030, 0x2030, 0x2030, 0x2030, 0x2030, 0x2050, 0x2030, 0x202F, 0x102C, 0x0004, 0x0003, 0x2849, 0x30C8, 0xF81F, 0xF81F, 0xF81F, 0xF81F, 0xF81F, 0xF81F,  /* row 31 */
    0xF81F, 0xF81F, 0xF81F, 0xF81F, 0x0022, 0x1926, 0x0002, 0x0021, 0x0061, 0x0861, 0xAFDF, 0xA7FF, 0x9F7E, 0x432E, 0x0002, 0x0003, 0x31F8, 0x0847, 0x0003, 0x0003, 0x0003, 0x0003, 0x0003, 0x0003, 0x0003, 0x0003, 0x0003, 0x0003, 0x0003, 0x0003, 0x0003, 0x0003, 0x0003, 0x0002, 0x1827, 0xA197, 0x1923, 0xF81F, 0xF81F, 0xF81F, 0xF81F, 0xF81F, 0xF81F, 0xF81F,  /* row 32 */
    0xF81F, 0xF81F, 0xF81F, 0xF81F, 0xF81F, 0x0001, 0x0001, 0x32F1, 0x32B1, 0x2A0D, 0x0000, 0x10E4, 0xA7FF, 0x9FFF, 0x9FFF, 0x0001, 0x0003, 0x29F8, 0x190F, 0x0004, 0x0004, 0x0003, 0x0004, 0x0004, 0x0004, 0x0004, 0x0004, 0x0868, 0x108A, 0x108A, 0x088A, 0x0004, 0x48CC, 0xEA1F, 0xB1F6, 0x0001, 0xF81F, 0xF81F, 0xF81F, 0xF81F, 0xF81F, 0xF81F, 0xF81F, 0xF81F,  /* row 33 */
    0xF81F, 0xF81F, 0xF81F, 0xF81F, 0xF81F, 0x0000, 0x10E6, 0x10C6, 0x0863, 0x1148, 0x19AA, 0x0000, 0x29E9, 0x0862, 0x5CB3, 0x97FF, 0x332D, 0x0846, 0x2172, 0x0887, 0x0866, 0x0004, 0x0005, 0x0005, 0x0005, 0x0005, 0x0004, 0x0848, 0x0004, 0x0004, 0x0848, 0x1068, 0x9174, 0x386A, 0x0044, 0x0864, 0x0044, 0x2106, 0xF81F, 0xF81F, 0xF81F, 0xF81F, 0xF81F, 0xF81F,  /* row 34 */
    0xF81F, 0xF81F, 0xF81F, 0xF81F, 0x0001, 0x0000, 0x0001, 0x0001, 0x1107, 0x2A70, 0x2A4F, 0x0863, 0x0023, 0x08C8, 0x0024, 0x0883, 0x0863, 0x0003, 0x0003, 0x0022, 0x218D, 0x0002, 0x104D, 0x104B, 0x104B, 0x106B, 0x104B, 0x0025, 0x0827, 0x0827, 0x0003, 0x0827, 0x0002, 0x0044, 0x2A4F, 0x32B1, 0x4393, 0x4BB3, 0x0001, 0xF81F, 0xF81F, 0xF81F, 0xF81F, 0xF81F,  /* row 35 */
    0xF81F, 0xF81F, 0xF81F, 0x1083, 0x0021, 0x64D8, 0x5436, 0x2A90, 0x0021, 0x0000, 0x2A6F, 0x2A4F, 0x2A4F, 0x2A4F, 0x2A91, 0x0847, 0x0001, 0x0002, 0x0002, 0x0002, 0x08A3, 0x28D0, 0x0005, 0x104C, 0x104B, 0x104B, 0x104B, 0x0005, 0x0003, 0x0003, 0x0002, 0x0025, 0x2A4F, 0x0863, 0x196B, 0x0023, 0x322D, 0x5BF6, 0x21A9, 0x0001, 0xF81F, 0xF81F, 0xF81F, 0xF81F,  /* row 36 */
    0xF81F, 0xF81F, 0xF81F, 0x1B4F, 0x5C76, 0x4352, 0x224E, 0x224E, 0x2A6F, 0x1148, 0x0864, 0x21CD, 0x21CD, 0x21AD, 0x21CD, 0x110A, 0x2A90, 0x2A2E, 0x10C6, 0x0000, 0x97FF, 0x0001, 0x106C, 0x104B, 0x104B, 0x104C, 0x0829, 0x0004, 0x1025, 0x0000, 0x7FFF, 0x0000, 0x2A4F, 0x10E7, 0x196B, 0x0023, 0x324D, 0x53D5, 0x6CD9, 0x0863, 0xF81F, 0xF81F, 0xF81F, 0xF81F,  /* row 37 */
    0xF81F, 0xF81F, 0x0000, 0x36FD, 0x377F, 0x218B, 0x220D, 0x222D, 0x222E, 0x2A8F, 0x0847, 0x0867, 0x0846, 0x21EE, 0x21CD, 0x2A4F, 0x2A4F, 0x2A4F, 0x2A90, 0x0000, 0x8FFF, 0x0001, 0x106D, 0x106C, 0x104C, 0x0829, 0x0003, 0x70D0, 0xF97F, 0x0000, 0x6FFF, 0x0000, 0x2A91, 0x2A50, 0x196B, 0x0023, 0x10A5, 0x42F0, 0x53D5, 0x5BD5, 0x0001, 0x0022, 0xF81F, 0xF81F,  /* row 38 */
    0xF81F, 0xF81F, 0x18E5, 0x0000, 0x2E5C, 0x367C, 0x3EFD, 0x4517, 0x19CB, 0x0866, 0x0867, 0x0867, 0x0846, 0x2A4F, 0x2A50, 0x21CC, 0x2332, 0x2312, 0x2B53, 0x0000, 0x97FF, 0x0000, 0x0002, 0x0043, 0x0002, 0x408A, 0x60CE, 0xA0D5, 0xF17E, 0x0000, 0x6FFF, 0x0000, 0x2A70, 0x2A4F, 0x1929, 0x10EA, 0x0886, 0x4B11, 0x5394, 0x5C16, 0x0001, 0x0022, 0xF81F, 0xF81F,  /* row 39 */
    0xF81F, 0x18E5, 0x0863, 0x08A5, 0x08A4, 0x1125, 0x1B8F, 0x1B4E, 0x0001, 0x0846, 0x0847, 0x0867, 0x0846, 0x2A50, 0x2A70, 0x0884, 0x3535, 0x2CF4, 0x2D15, 0x0000, 0x9FFF, 0x0000, 0x0002, 0x76BB, 0x0000, 0xF97F, 0x68CE, 0x98D5, 0xF95E, 0x0000, 0x6FFF, 0x0000, 0x21AC, 0x198B, 0x10C7, 0x10C9, 0x0886, 0x0000, 0x4473, 0x3B10, 0x0866, 0x0021, 0xF81F, 0xF81F,  /* row 40 */
    0xF81F, 0x0001, 0x3B11, 0x224E, 0x0043, 0xA442, 0x8BC3, 0x0001, 0x0846, 0x0867, 0x0847, 0x0847, 0x0846, 0x2A70, 0x2A4F, 0x2A4F, 0x1107, 0x1127, 0x1107, 0x0000, 0x9FFF, 0x0000, 0x0002, 0x767A, 0x0000, 0xF95F, 0x68EF, 0x98D4, 0xF17E, 0x0000, 0x77FF, 0x0000, 0x1128, 0x1128, 0x10C7, 0x0886, 0x196E, 0x10C9, 0x0023, 0x328D, 0x4B73, 0x0863, 0x2105, 0xF81F,  /* row 41 */
    0x39EA, 0x196A, 0x3B12, 0x1989, 0x0001, 0x2902, 0x20E2, 0x0001, 0x0847, 0x0847, 0x0847, 0x0847, 0x0846, 0x2A4F, 0x2A4F, 0x2A4F, 0x2A4F, 0x2A4F, 0x2A4F, 0x0002, 0x9FFF, 0x0001, 0x0002, 0x767A, 0x0000, 0xF95F, 0x68CF, 0x90B3, 0xF17E, 0x0000, 0x77DF, 0x0000, 0x2A70, 0x2A4F, 0x198C, 0x0024, 0x10CA, 0x08A9, 0x0023, 0x2A4D, 0x3AF1, 0x5C77, 0x0022, 0x2105,  /* row 42 */
    0x0884, 0x2A91, 0x21AB, 0x0842, 0x0866, 0x1087, 0x0842, 0x1088, 0x0887, 0x0887, 0x0887, 0x0887, 0x0867, 0x1928, 0x1928, 0x1948, 0x1928, 0x1928, 0x1928, 0x0022, 0x434F, 0x0022, 0x0023, 0x322B, 0x0022, 0x58AD, 0x2087, 0x308A, 0x50CD, 0x0022, 0x32CD, 0x0021, 0x10E7, 0x10E6, 0x0885, 0x0023, 0x0866, 0x0866, 0x0023, 0x10E7, 0x1128, 0x21EB, 0x0023, 0x1083,  /* row 43 */
};
static const Sprite NB_SPRITE_HAPPY_4 = {
    44, 44, 0xF81F, nb_happy_4_px
};

static const uint16_t nb_happy_5_px[] = {
    0xF81F, 0xF81F, 0xF81F, 0xF81F, 0xF81F, 0xF81F, 0xF81F, 0xF81F, 0xF81F, 0xF81F, 0xF81F, 0xF81F, 0xF81F, 0xF81F, 0xF81F, 0xF81F, 0xF81F, 0xF81F, 0xF81F, 0x31A9, 0x31C9, 0x31A9, 0x31C9, 0x31C9, 0x31C9, 0x31C9, 0x31A9, 0x31A9, 0x31A9, 0x0003, 0xF81F, 0xF81F, 0xF81F, 0xF81F, 0xF81F, 0xF81F, 0xF81F, 0xF81F, 0xF81F, 0xF81F, 0xF81F, 0xF81F, 0xF81F, 0xF81F,  /* row 0  */
    0xF81F, 0xF81F, 0xF81F, 0xF81F, 0xF81F, 0xF81F, 0xF81F, 0xF81F, 0xF81F, 0xF81F, 0x0842, 0x0002, 0x0002, 0x0844, 0x29F2, 0x21F1, 0x5556, 0x9D35, 0xB618, 0xE7DF, 0xAEDE, 0xAEBE, 0xAEBE, 0xEFFF, 0xEFFF, 0xEFFF, 0xEFFF, 0xEFFF, 0xF7FF, 0x6454, 0x3B52, 0x21B0, 0x8CD4, 0x4B92, 0x0002, 0x0002, 0x0844, 0xF81F, 0xF81F, 0xF81F, 0xF81F, 0xF81F, 0xF81F, 0xF81F,  /* row 1  */
    0xF81F, 0xF81F, 0xF81F, 0xF81F, 0xF81F, 0xF81F, 0xF81F, 0xF81F, 0x0863, 0x0001, 0x2172, 0x9E9C, 0xDF5D, 0xDF7D, 0xFFFF, 0xD75F, 0x967E, 0x85FE, 0x753D, 0x6CBC, 0xAE9E, 0xF7FF, 0xEFFF, 0xEFFF, 0xEFFF, 0xEFFF, 0xEFFF, 0xEFFF, 0xEFFF, 0xEFFF, 0xA6DE, 0xF7FF, 0xA67D, 0x779E, 0xE7FF, 0xB7FF, 0x1905, 0x0003, 0xF81F, 0xF81F, 0xF81F, 0xF81F, 0xF81F, 0xF81F,  /* row 2  */
    0xF81F, 0xF81F, 0xF81F, 0xF81F, 0xF81F, 0xF81F, 0xF81F, 0x2146, 0x8E19, 0xD75E, 0xEFFF, 0xE7FF, 0xE7DF, 0xDF7E, 0x857D, 0xCF7F, 0x9E7E, 0x6C7B, 0x433A, 0xDF5E, 0xEFFF, 0xEFFF, 0xEFFF, 0xEFFF, 0xEFFF, 0xEFFF, 0xEFFF, 0xEFFF, 0xEFFF, 0xEFFF, 0x9EDE, 0xEFBF, 0x5BBA, 0xF7FF, 0xE7FF, 0xEFFF, 0xF7FF, 0x7C32, 0x0825, 0xF81F, 0xF81F, 0xF81F, 0xF81F, 0xF81F,  /* row 3  */
    0xF81F, 0xF81F, 0xF81F, 0xF81F, 0xF81F, 0xF81F, 0x0023, 0x4B91, 0xB7BF, 0xE7FF, 0xEFFF, 0xEFFF, 0xEFFF, 0xDF9F, 0x855E, 0xEFFF, 0xA67D, 0x5BDA, 0x431A, 0xA7FF, 0xB7BF, 0xEFFF, 0xEFFF, 0xEFFF, 0xEFFF, 0xEFFF, 0xEFFF, 0xEFFF, 0xEFFF, 0xEFFF, 0xF7FF, 0x96FE, 0x6C7B, 0x95DC, 0xEFFF, 0xEFFF, 0xEFFF, 0xDEDB, 0x632D, 0xF81F, 0xF81F, 0xF81F, 0xF81F, 0xF81F,  /* row 4  */
    0xF81F, 0xF81F, 0xF81F, 0xF81F, 0x0001, 0xA7DF, 0xF7FF, 0xAFBE, 0xD7FF, 0xEFFF, 0xEFFF, 0xEFFF, 0xEFFF, 0xE7DF, 0xC71F, 0xE7DF, 0x9E3D, 0x955C, 0xEFFF, 0xEFFF, 0xEFFF, 0xEFFF, 0xEFFF, 0xEFFF, 0xEFFF, 0xEFFF, 0xEFFF, 0xEFFF, 0xEFFF, 0xEFFF, 0xEFFF, 0xEFFF, 0xD75F, 0x95BD, 0xEFFF, 0xE7FF, 0xCFFF, 0x6F9F, 0xF7DF, 0x10A3, 0xF81F, 0xF81F, 0xF81F, 0xF81F,  /* row 5  */
    0xF81F, 0xF81F, 0xF81F, 0x0005, 0xB7DF, 0x9FDF, 0xEFFF, 0xE7FF, 0xEFFF, 0xEFFF, 0xEFFF, 0xEFFF, 0xAFBF, 0xA7BF, 0xEFFF, 0xE79F, 0x535A, 0x8D1B, 0xE7FF, 0xEFFF, 0xEFFF, 0xEFFF, 0xEFFF, 0xEFFF, 0xEFFF, 0xEFFF, 0xEFFF, 0xEFFF, 0xEFFF, 0xEFFF, 0xEFFF, 0xEFFF, 0xCF3E, 0x7CFD, 0xBEDE, 0xE7FF, 0xCFDF, 0x67BF, 0xF7FF, 0x5F7E, 0x0022, 0xF81F, 0xF81F, 0xF81F,  /* row 6  */
    0xF81F, 0xF81F, 0xF81F, 0x0001, 0xAFFF, 0xA7DF, 0xEFFF, 0xEFFF, 0xEFFF, 0xEFFF, 0xEFFF, 0xEFFF, 0xEFFF, 0xEFFF, 0xE7FF, 0xE79F, 0x4B39, 0xC77F, 0xEFFF, 0xEFFF, 0xEFFF, 0xEFFF, 0xEFFF, 0xEFFF, 0xEFFF, 0xEFFF, 0xEFFF, 0xEFFF, 0xEFFF, 0xEFFF, 0xF7FF, 0xF7FF, 0xEFFF, 0xD75F, 0xB69E, 0xEFFF, 0xEFFF, 0xF7FF, 0xC7DF, 0x77FF, 0x0022, 0xF81F, 0xF81F, 0xF81F,  /* row 7  */
    0xF81F, 0xF81F, 0xF81F, 0x0001, 0xAFFF, 0xA7DF, 0xEFFF, 0xEFFF, 0xEFFF, 0xEFFF, 0xF7FF, 0xA7BF, 0x9FBF, 0x9FBF, 0xF7FF, 0xEFBF, 0x4B39, 0xA6FF, 0x9EBF, 0x9EBF, 0x9EBF, 0x9E9F, 0x9E9F, 0x9E9F, 0x9E9F, 0x9E9F, 0x9E9F, 0x9E9F, 0x9E9F, 0x9E9F, 0x9E9F, 0x9E9F, 0xAEFF, 0xDF7F, 0xBE9E, 0xEFFF, 0xCFFF, 0x477F, 0xFFFF, 0xEFFF, 0x0842, 0xF81F, 0xF81F, 0xF81F,  /* row 8  */
    0xF81F, 0xF81F, 0xF81F, 0x0001, 0xAFFF, 0xA7DF, 0xEFFF, 0xEFFF, 0xEFFF, 0xEFFF, 0xAFBE, 0xEFFF, 0xF7FF, 0xEFFF, 0xAF5F, 0x7D1E, 0x42DA, 0x10A3, 0x10A3, 0x10A4, 0x10A4, 0x10A4, 0x10A4, 0x10A4, 0x10A4, 0x10A4, 0x10A4, 0x10A4, 0x10A4, 0x10A4, 0x10A5, 0x10A5, 0x10C5, 0x31CA, 0x95FF, 0x8DDF, 0x767F, 0x57DF, 0x67BF, 0xFFFF, 0x0801, 0x0023, 0xF81F, 0xF81F,  /* row 9  */
    0xF81F, 0xF81F, 0xF81F, 0x0001, 0xAFFF, 0xA7DF, 0xEFFF, 0xEFFF, 0xEFFF, 0xEFFF, 0xF7FF, 0x973F, 0x5458, 0x6459, 0x18B1, 0x0001, 0x0003, 0x10A5, 0x4A5C, 0x4A3B, 0x4A3A, 0x4A3A, 0x4A3A, 0x4A3A, 0x4A5B, 0x4A5B, 0x4A5B, 0x525B, 0x527B, 0x527B, 0x527B, 0x527B, 0x527B, 0x4A5B, 0x294D, 0x18C5, 0x18A4, 0x0004, 0x1147, 0x367B, 0x56FD, 0x0001, 0xF81F, 0xF81F,  /* row 10 */
    0xF81F, 0xF81F, 0xF81F, 0x0001, 0xAFFF, 0xA7DF, 0xEFFF, 0xEFFF, 0xEFFF, 0xEFFF, 0xBF3F, 0x18EC, 0x0004, 0x0004, 0x100B, 0x2050, 0x2050, 0x4193, 0x3952, 0x3951, 0x3951, 0x3131, 0x3131, 0x3131, 0x3111, 0x3111, 0x3111, 0x3111, 0x2910, 0x28F0, 0x28F0, 0x28F1, 0x28F1, 0x28F0, 0x28F0, 0x83F7, 0xE71F, 0xD69E, 0x298F, 0x0002, 0x10AB, 0x0002, 0xF81F, 0xF81F,  /* row 11 */
    0xF81F, 0xF81F, 0xF81F, 0x0001, 0xAFFF, 0xA7DF, 0xEFFF, 0xEFFF, 0xF7FF, 0xBE19, 0x0006, 0x0829, 0x0004, 0x0005, 0x202F, 0x202F, 0x202F, 0x204F, 0x204F, 0x204F, 0x204F, 0x204F, 0x204F, 0x204F, 0x204F, 0x204F, 0x204F, 0x204F, 0x204F, 0x204F, 0x204F, 0x204F, 0x204F, 0x204F, 0x204F, 0x180F, 0x080E, 0x7377, 0xD6FF, 0x0002, 0x2977, 0x0001, 0xF81F, 0xF81F,  /* row 12 */
    0xF81F, 0xF81F, 0xF81F, 0x0001, 0xAFFF, 0xA7DF, 0xEFFF, 0xEFFF, 0x7C31, 0x0007, 0x0828, 0x0829, 0x0004, 0x0004, 0x202F, 0x202F, 0x202F, 0x202F, 0x202F, 0x202F, 0x202F, 0x202F, 0x202F, 0x202F, 0x202F, 0x202F, 0x202F, 0x202F, 0x202F, 0x202F, 0x202F, 0x202F, 0x202F, 0x202F, 0x202F, 0x202F, 0x2050, 0x28D0, 0xCEBF, 0x4A78, 0x0001, 0x0022, 0xF81F, 0xF81F,  /* row 13 */
    0xF81F, 0xF81F, 0xF81F, 0x0001, 0xB7FF, 0xA7FF, 0xF7FF, 0xEFFF, 0x8472, 0x0828, 0x0828, 0x0006, 0x0002, 0x2050, 0x182F, 0x202F, 0x202F, 0x202F, 0x182E, 0x6076, 0x6096, 0x182F, 0x202F, 0x202F, 0x202F, 0x202F, 0x202F, 0x202F, 0x202F, 0x202F, 0x202F, 0x202F, 0x202F, 0x182F, 0x5074, 0x5054, 0x3872, 0x28B0, 0xCE9F, 0x5B3B, 0x0001, 0x0022, 0xF81F, 0xF81F,  /* row 14 */
    0xF81F, 0xF81F, 0xF81F, 0x0002, 0x0024, 0x0003, 0x4A4B, 0xEFFF, 0x8472, 0x0828, 0x0828, 0x0004, 0x184F, 0x182F, 0x202F, 0x202F, 0x202F, 0x202F, 0x182E, 0xB05F, 0xB05F, 0x102E, 0x202F, 0x202F, 0x202F, 0x202F, 0x202F, 0x202F, 0x202F, 0x202F, 0x202F, 0x202F, 0x202F, 0x102E, 0xA83F, 0xA05F, 0x7078, 0x1830, 0x7BF8, 0xD6DF, 0x39D8, 0x0001, 0xF81F, 0xF81F,  /* row 15 */
    0xF81F, 0x0844, 0x6AE2, 0xACE3, 0x0000, 0x7535, 0x420A, 0xEFDF, 0x8472, 0x0828, 0x0828, 0x0004, 0x182E, 0x182F, 0x202F, 0x182F, 0x182F, 0x202F, 0x182E, 0xB83F, 0xB85F, 0x102E, 0x182F, 0x202F, 0x182F, 0x182F, 0x182F, 0x182F, 0x202F, 0x202F, 0x202F, 0x202F, 0x202F, 0x102E, 0xB03F, 0xA85F, 0x7858, 0x202F, 0x3992, 0xCEDF, 0x31B8, 0x0021, 0xF81F, 0xF81F,  /* row 16 */
    0xF81F, 0x0844, 0x9C61, 0xFF41, 0x0000, 0x64B4, 0x4209, 0xEFDF, 0x8472, 0x0828, 0x0828, 0x0004, 0x182E, 0x182F, 0x182F, 0x202F, 0x202F, 0x202F, 0x182F, 0xB83F, 0xC05F, 0x102E, 0x202F, 0x202F, 0x202F, 0x202F, 0x202F, 0x202F, 0x202F, 0x202F, 0x202F, 0x202F, 0x202F, 0x102E, 0xB83F, 0xA85F, 0x7879, 0x182F, 0x100E, 0xD6FF, 0x31B7, 0x0001, 0xF81F, 0xF81F,  /* row 17 */
    0xF81F, 0x0844, 0x9C81, 0xFF61, 0x0001, 0x6CD3, 0x4209, 0xEFDF, 0x8472, 0x0828, 0x0828, 0x0004, 0x182E, 0x182F, 0x182F, 0x202F, 0x202F, 0x202F, 0x182E, 0xC03F, 0xB85F, 0x102E, 0x202F, 0x202F, 0x202F, 0x202F, 0x202F, 0x202F, 0x202F, 0x202F, 0x202F, 0x202F, 0x202F, 0x102E, 0xB83F, 0xA85F, 0x807A, 0x182F, 0x100E, 0xD6FF, 0x31B7, 0x0001, 0xF81F, 0xF81F,  /* row 18 */
    0xF81F, 0x0843, 0xACE1, 0xFFE0, 0x0001, 0x3135, 0x3A09, 0xEFDF, 0x8472, 0x0828, 0x0828, 0x0004, 0x182E, 0x182F, 0x182F, 0x202F, 0x202F, 0x202F, 0x182E, 0xC05F, 0xB85F, 0x102E, 0x202F, 0x202F, 0x202F, 0x202F, 0x202F, 0x202F, 0x202F, 0x202F, 0x202F, 0x202F, 0x202F, 0x102E, 0xB03F, 0xA85F, 0x7078, 0x202F, 0x100E, 0xD6FF, 0x31D8, 0x0001, 0xF81F, 0xF81F,  /* row 19 */
    0xF81F, 0xF81F, 0x0004, 0x0003, 0x0004, 0x0002, 0x3A09, 0xE7DF, 0x8472, 0x0828, 0x0828, 0x0004, 0x182E, 0x182F, 0x202F, 0x202F, 0x202F, 0x202F, 0x184E, 0xB85F, 0xB85F, 0x102E, 0x202F, 0x202F, 0x202F, 0x202F, 0x202F, 0x202F, 0x202F, 0x202F, 0x202F, 0x202F, 0x202F, 0x102E, 0xB03F, 0xA85F, 0x7078, 0x202F, 0x100E, 0xD6FF, 0x39D8, 0x0001, 0xF81F, 0xF81F,  /* row 20 */
    0xF81F, 0xF81F, 0xF81F, 0x0002, 0x3A6A, 0xAFFF, 0xF7FF, 0xE7FF, 0x8472, 0x0828, 0x0828, 0x0004, 0x182E, 0x182F, 0x202F, 0x202F, 0x202F, 0x202F, 0x184E, 0xB85F, 0xB85F, 0x102E, 0x202F, 0x202F, 0x202F, 0x202F, 0x202F, 0x202F, 0x202F, 0x202F, 0x202F, 0x202F, 0x202F, 0x102E, 0xB03F, 0xA85F, 0x7858, 0x182F, 0x100E, 0xD6FF, 0x39D8, 0x0001, 0xF81F, 0xF81F,  /* row 21 */
    0xF81F, 0xF81F, 0xF81F, 0x0001, 0xAFFF, 0xA7DF, 0xEFFF, 0xEFFF, 0x8C72, 0x0828, 0x0828, 0x0004, 0x182E, 0x182F, 0x202F, 0x182F, 0x202F, 0x202F, 0x182E, 0xB83F, 0xB85F, 0x102E, 0x202F, 0x202F, 0x202F, 0x202F, 0x202F, 0x202F, 0x202F, 0x202F, 0x202F, 0x202F, 0x202F, 0x102E, 0xB01E, 0xA85F, 0x7058, 0x202F, 0x100E, 0xD6FF, 0x212E, 0x0002, 0xF81F, 0xF81F,  /* row 22 */
    0xF81F, 0xF81F, 0xF81F, 0x0001, 0xAFFF, 0xA7DF, 0xEFFF, 0xE7FF, 0x8492, 0x0828, 0x0828, 0x0004, 0x182E, 0x182F, 0x202F, 0x182F, 0x182F, 0x182F, 0x182F, 0x985B, 0x885A, 0x182E, 0x202F, 0x202F, 0x202F, 0x202F, 0x202F, 0x202F, 0x202F, 0x202F, 0x202F, 0x202F, 0x202F, 0x182E, 0x905B, 0x803A, 0x5855, 0x202F, 0x100E, 0xE77F, 0x0843, 0x0002, 0xF81F, 0xF81F,  /* row 23 */
    0xF81F, 0xF81F, 0xF81F, 0x0022, 0xAFFF, 0xA7DF, 0xEFFF, 0xE7FF, 0x8492, 0x0828, 0x0828, 0x0004, 0x182E, 0x182F, 0x202F, 0x182F, 0x182F, 0x182F, 0x182F, 0x182F, 0x200F, 0x200F, 0x202F, 0x182F, 0x182F, 0x182F, 0x182F, 0x182F, 0x182F, 0x182F, 0x182F, 0x182F, 0x182F, 0x202F, 0x182F, 0x202F, 0x2090, 0x202F, 0x41D3, 0x4A9A, 0x0002, 0x0002, 0xF81F, 0xF81F,  /* row 24 */
    0xF81F, 0xF81F, 0x1083, 0x4B8F, 0xAFFF, 0xA7DF, 0xEFFF, 0xE7FF, 0x8C93, 0x0828, 0x0829, 0x0004, 0x102A, 0x182E, 0x202F, 0x182F, 0x182F, 0x182F, 0x182F, 0x182F, 0x200F, 0x182F, 0x180F, 0x202F, 0x202F, 0x202F, 0x202F, 0x202F, 0x202F, 0x202F, 0x202F, 0x202F, 0x202F, 0x200F, 0x180F, 0x180F, 0x180F, 0x2050, 0x7378, 0x52DA, 0x0002, 0x0002, 0xF81F, 0xF81F,  /* row 25 */
    0xF81F, 0x0842, 0x7C32, 0x9F9E, 0xA7DF, 0xA7DF, 0xEFFF, 0xE7FF, 0x8493, 0x0828, 0x0829, 0x0005, 0x0003, 0x184E, 0x202F, 0x182F, 0x182F, 0x182F, 0x182F, 0x182F, 0x180F, 0x1AD5, 0x200E, 0x200E, 0x200E, 0x200E, 0x200E, 0x200E, 0x200E, 0x200E, 0x200E, 0x200E, 0x200E, 0x200D, 0x180F, 0x180F, 0x202F, 0x202F, 0x643A, 0x52DB, 0x0002, 0x1083, 0xF81F, 0xF81F,  /* row 26 */
    0xF81F, 0x0842, 0x7C11, 0x9FBF, 0xA7DF, 0xA7DF, 0xEFFF, 0xE7FF, 0x8472, 0x0828, 0x0829, 0x0004, 0x0003, 0x184E, 0x202F, 0x182F, 0x182F, 0x182F, 0x182F, 0x182F, 0x180F, 0x2315, 0x17FF, 0x0FFF, 0x17FF, 0x17FF, 0x0FFF, 0x0FFF, 0x0FFF, 0x0FFF, 0x0FFF, 0x0FFF, 0x0FFF, 0x07FF, 0x200E, 0x1830, 0x202F, 0x202F, 0x3175, 0x0847, 0x0863, 0xF81F, 0xF81F, 0xF81F,  /* row 27 */
    0xF81F, 0x0022, 0x7C11, 0x9FBF, 0xA7DF, 0xA7DF, 0xF7FF, 0xB7DF, 0x6411, 0x1911, 0x2132, 0x0003, 0x0003, 0x0002, 0x2050, 0x182F, 0x182F, 0x182F, 0x182F, 0x182F, 0x182F, 0x2233, 0x0FDF, 0x0FFF, 0x17FF, 0x0FFF, 0x0FFF, 0x0FFF, 0x0FFF, 0x0FFF, 0x0FFF, 0x0FFF, 0x0FFF, 0x07FF, 0x180E, 0x184F, 0x202F, 0x202F, 0x1028, 0xF81F, 0xF81F, 0xF81F, 0xF81F, 0xF81F,  /* row 28 */
    0xF81F, 0x0022, 0x7C11, 0x9FBF, 0xA7DF, 0xA7DF, 0xAFDF, 0xA7DF, 0x53F0, 0x0024, 0x29F8, 0x2173, 0x1910, 0x0002, 0x0004, 0x2050, 0x202F, 0x202F, 0x202F, 0x202F, 0x202F, 0x202F, 0x2090, 0x208F, 0x2090, 0x2090, 0x2090, 0x2090, 0x208F, 0x208F, 0x206F, 0x206F, 0x206F, 0x206F, 0x184F, 0x184F, 0x202F, 0x202F, 0x0828, 0xF81F, 0xF81F, 0xF81F, 0xF81F, 0xF81F,  /* row 29 */
    0xF81F, 0x1906, 0x526B, 0xBFFF, 0xA7DF, 0xA7DF, 0xA7DF, 0xA7DF, 0xB7FF, 0x3ACD, 0x324B, 0x0001, 0x18EF, 0x29D8, 0x0846, 0x0002, 0x182F, 0x202F, 0x202F, 0x202F, 0x202F, 0x202F, 0x202F, 0x202F, 0x202F, 0x202F, 0x202F, 0x202F, 0x202F, 0x202F, 0x202F, 0x202F, 0x202F, 0x202F, 0x1830, 0x184F, 0x1049, 0x0000, 0x0001, 0xF81F, 0xF81F, 0xF81F, 0xF81F, 0xF81F,  /* row 30 */
    0xF81F, 0xF81F, 0xF81F, 0x0000, 0x538F, 0xB7FF, 0x53F0, 0x96BB, 0xAFFF, 0xAFFF, 0xA7DF, 0x6D15, 0x0001, 0x0026, 0x29F9, 0x18CC, 0x0002, 0x0827, 0x102A, 0x202F, 0x202F, 0x204F, 0x2030, 0x202F, 0x2030, 0x2030, 0x2030, 0x2030, 0x2030, 0x2030, 0x2050, 0x2030, 0x202F, 0x102C, 0x0004, 0x0003, 0x2849, 0x30C8, 0xF81F, 0xF81F, 0xF81F, 0xF81F, 0xF81F, 0xF81F,  /* row 31 */
    0xF81F, 0xF81F, 0xF81F, 0xF81F, 0x0022, 0x1926, 0x0002, 0x0021, 0x0061, 0x0861, 0xAFDF, 0xA7FF, 0x9F7E, 0x432E, 0x0002, 0x0003, 0x31F8, 0x0847, 0x0003, 0x0003, 0x0003, 0x0003, 0x0003, 0x0003, 0x0003, 0x0003, 0x0003, 0x0003, 0x0003, 0x0003, 0x0003, 0x0003, 0x0003, 0x0002, 0x1827, 0xA197, 0x1923, 0xF81F, 0xF81F, 0xF81F, 0xF81F, 0xF81F, 0xF81F, 0xF81F,  /* row 32 */
    0xF81F, 0xF81F, 0xF81F, 0xF81F, 0xF81F, 0x0001, 0x0001, 0x32F1, 0x32B1, 0x2A0D, 0x0000, 0x10E4, 0xA7FF, 0x9FFF, 0x9FFF, 0x0001, 0x0003, 0x29F8, 0x190F, 0x0004, 0x0004, 0x0003, 0x0004, 0x0004, 0x0004, 0x0004, 0x0004, 0x0868, 0x108A, 0x108A, 0x088A, 0x0004, 0x48CC, 0xEA1F, 0xB1F6, 0x0001, 0xF81F, 0xF81F, 0xF81F, 0xF81F, 0xF81F, 0xF81F, 0xF81F, 0xF81F,  /* row 33 */
    0xF81F, 0xF81F, 0xF81F, 0xF81F, 0xF81F, 0x0000, 0x10E6, 0x10C6, 0x0863, 0x1148, 0x19AA, 0x0000, 0x29E9, 0x0862, 0x5CB3, 0x97FF, 0x332D, 0x0846, 0x2172, 0x0887, 0x0866, 0x0004, 0x0005, 0x0005, 0x0005, 0x0005, 0x0004, 0x0848, 0x0004, 0x0004, 0x0848, 0x1068, 0x9174, 0x386A, 0x0044, 0x0864, 0x0044, 0x2106, 0xF81F, 0xF81F, 0xF81F, 0xF81F, 0xF81F, 0xF81F,  /* row 34 */
    0xF81F, 0xF81F, 0xF81F, 0xF81F, 0x0001, 0x0000, 0x0001, 0x0001, 0x1107, 0x2A70, 0x2A4F, 0x0863, 0x0023, 0x08C8, 0x0024, 0x0883, 0x0863, 0x0003, 0x0003, 0x0022, 0x218D, 0x0002, 0x104D, 0x104B, 0x104B, 0x106B, 0x104B, 0x0025, 0x0827, 0x0827, 0x0003, 0x0827, 0x0002, 0x0044, 0x2A4F, 0x32B1, 0x4393, 0x4BB3, 0x0001, 0xF81F, 0xF81F, 0xF81F, 0xF81F, 0xF81F,  /* row 35 */
    0xF81F, 0xF81F, 0xF81F, 0x1083, 0x0021, 0x64D8, 0x5436, 0x2A90, 0x0021, 0x0000, 0x2A6F, 0x2A4F, 0x2A4F, 0x2A4F, 0x2A91, 0x0847, 0x0001, 0x0002, 0x0002, 0x0002, 0x08A3, 0x28D0, 0x0005, 0x104C, 0x104B, 0x104B, 0x104B, 0x0005, 0x0003, 0x0003, 0x0002, 0x0025, 0x2A4F, 0x0863, 0x196B, 0x0023, 0x322D, 0x5BF6, 0x21A9, 0x0001, 0xF81F, 0xF81F, 0xF81F, 0xF81F,  /* row 36 */
    0xF81F, 0xF81F, 0xF81F, 0x1B4F, 0x5C76, 0x4352, 0x224E, 0x224E, 0x2A6F, 0x1148, 0x0864, 0x21CD, 0x21CD, 0x21AD, 0x21CD, 0x110A, 0x2A90, 0x2A2E, 0x10C6, 0x0000, 0x97FF, 0x0001, 0x106C, 0x104B, 0x104B, 0x104C, 0x0829, 0x0004, 0x1025, 0x0000, 0x7FFF, 0x0000, 0x2A4F, 0x10E7, 0x196B, 0x0023, 0x324D, 0x53D5, 0x6CD9, 0x0863, 0xF81F, 0xF81F, 0xF81F, 0xF81F,  /* row 37 */
    0xF81F, 0xF81F, 0x0000, 0x36FD, 0x377F, 0x218B, 0x220D, 0x222D, 0x222E, 0x2A8F, 0x0847, 0x0867, 0x0846, 0x21EE, 0x21CD, 0x2A4F, 0x2A4F, 0x2A4F, 0x2A90, 0x0000, 0x8FFF, 0x0001, 0x106D, 0x106C, 0x104C, 0x0829, 0x0003, 0x70D0, 0xF97F, 0x0000, 0x6FFF, 0x0000, 0x2A91, 0x2A50, 0x196B, 0x0023, 0x10A5, 0x42F0, 0x53D5, 0x5BD5, 0x0001, 0x0022, 0xF81F, 0xF81F,  /* row 38 */
    0xF81F, 0xF81F, 0x18E5, 0x0000, 0x2E5C, 0x367C, 0x3EFD, 0x4517, 0x19CB, 0x0866, 0x0867, 0x0867, 0x0846, 0x2A4F, 0x2A50, 0x21CC, 0x2332, 0x2312, 0x2B53, 0x0000, 0x97FF, 0x0000, 0x0002, 0x0043, 0x0002, 0x408A, 0x60CE, 0xA0D5, 0xF17E, 0x0000, 0x6FFF, 0x0000, 0x2A70, 0x2A4F, 0x1929, 0x10EA, 0x0886, 0x4B11, 0x5394, 0x5C16, 0x0001, 0x0022, 0xF81F, 0xF81F,  /* row 39 */
    0xF81F, 0x18E5, 0x0863, 0x08A5, 0x08A4, 0x1125, 0x1B8F, 0x1B4E, 0x0001, 0x0846, 0x0847, 0x0867, 0x0846, 0x2A50, 0x2A70, 0x0884, 0x3535, 0x2CF4, 0x2D15, 0x0000, 0x9FFF, 0x0000, 0x0002, 0x76BB, 0x0000, 0xF97F, 0x68CE, 0x98D5, 0xF95E, 0x0000, 0x6FFF, 0x0000, 0x21AC, 0x198B, 0x10C7, 0x10C9, 0x0886, 0x0000, 0x4473, 0x3B10, 0x0866, 0x0021, 0xF81F, 0xF81F,  /* row 40 */
    0xF81F, 0x0001, 0x3B11, 0x224E, 0x0043, 0xA442, 0x8BC3, 0x0001, 0x0846, 0x0867, 0x0847, 0x0847, 0x0846, 0x2A70, 0x2A4F, 0x2A4F, 0x1107, 0x1127, 0x1107, 0x0000, 0x9FFF, 0x0000, 0x0002, 0x767A, 0x0000, 0xF95F, 0x68EF, 0x98D4, 0xF17E, 0x0000, 0x77FF, 0x0000, 0x1128, 0x1128, 0x10C7, 0x0886, 0x196E, 0x10C9, 0x0023, 0x328D, 0x4B73, 0x0863, 0x2105, 0xF81F,  /* row 41 */
    0x39EA, 0x196A, 0x3B12, 0x1989, 0x0001, 0x2902, 0x20E2, 0x0001, 0x0847, 0x0847, 0x0847, 0x0847, 0x0846, 0x2A4F, 0x2A4F, 0x2A4F, 0x2A4F, 0x2A4F, 0x2A4F, 0x0002, 0x9FFF, 0x0001, 0x0002, 0x767A, 0x0000, 0xF95F, 0x68CF, 0x90B3, 0xF17E, 0x0000, 0x77DF, 0x0000, 0x2A70, 0x2A4F, 0x198C, 0x0024, 0x10CA, 0x08A9, 0x0023, 0x2A4D, 0x3AF1, 0x5C77, 0x0022, 0x2105,  /* row 42 */
    0x0884, 0x2A91, 0x21AB, 0x0842, 0x0866, 0x1087, 0x0842, 0x1088, 0x0887, 0x0887, 0x0887, 0x0887, 0x0867, 0x1928, 0x1928, 0x1948, 0x1928, 0x1928, 0x1928, 0x0022, 0x434F, 0x0022, 0x0023, 0x322B, 0x0022, 0x58AD, 0x2087, 0x308A, 0x50CD, 0x0022, 0x32CD, 0x0021, 0x10E7, 0x10E6, 0x0885, 0x0023, 0x0866, 0x0866, 0x0023, 0x10E7, 0x1128, 0x21EB, 0x0023, 0x1083,  /* row 43 */
};
static const Sprite NB_SPRITE_HAPPY_5 = {
    44, 44, 0xF81F, nb_happy_5_px
};

static const Sprite *NB_MOOD_HAPPY[] = {
    &NB_SPRITE_HAPPY_0, &NB_SPRITE_HAPPY_1, &NB_SPRITE_HAPPY_2, &NB_SPRITE_HAPPY_3, &NB_SPRITE_HAPPY_4, &NB_SPRITE_HAPPY_5
};
#define NB_MOOD_HAPPY_COUNT 6

/* =================================================================== */
/*  MOOD: HUNGRY -- 4 variants, 44x44 each                */
/* =================================================================== */
static const uint16_t nb_hungry_0_px[] = {
    0xF81F, 0xF81F, 0xF81F, 0xF81F, 0xF81F, 0xF81F, 0xF81F, 0xF81F, 0xF81F, 0xF81F, 0xF81F, 0xF81F, 0xF81F, 0xF81F, 0xF81F, 0x0024, 0x634F, 0x6370, 0x6370, 0x636F, 0x636F, 0x636F, 0x636F, 0x634F, 0x634F, 0x634F, 0x634F, 0x634F, 0x634F, 0x5AED, 0x10A7, 0xF81F, 0xF81F, 0xF81F, 0xF81F, 0xF81F, 0xF81F, 0xF81F, 0xF81F, 0xF81F, 0xF81F, 0xF81F, 0xF81F, 0xF81F,  /* row 0  */
    0xF81F, 0xF81F, 0xF81F, 0xF81F, 0xF81F, 0xF81F, 0xF81F, 0xF81F, 0xF81F, 0x18E6, 0x18C6, 0x0863, 0x0863, 0x6B70, 0x73F2, 0x73D1, 0xE7DF, 0xE7FF, 0xEFFF, 0xEFFF, 0xEFDF, 0xEFFF, 0xEFDF, 0xEFFF, 0xEFFF, 0xEFFF, 0xEFFF, 0xEFFF, 0xE7DF, 0xDF7E, 0x7C32, 0x8432, 0x0023, 0x1086, 0x1086, 0x10A6, 0xF81F, 0xF81F, 0xF81F, 0xF81F, 0xF81F, 0xF81F, 0xF81F, 0xF81F,  /* row 1  */
    0xF81F, 0xF81F, 0xF81F, 0xF81F, 0xF81F, 0xF81F, 0xF81F, 0x0003, 0x2968, 0x422B, 0x422A, 0xEFDF, 0xFFFF, 0xEFFF, 0xE7DF, 0xE7DF, 0xEFFF, 0xEFFF, 0xEFFF, 0xEFFF, 0xEFFF, 0xEFFF, 0xEFFF, 0xEFFF, 0xEFFF, 0xEFFF, 0xEFFF, 0xEFFF, 0xEFFF, 0xEFFF, 0xE7DF, 0xE7DF, 0xCEFC, 0x422A, 0x422A, 0x422B, 0x39EA, 0x0865, 0xF81F, 0xF81F, 0xF81F, 0xF81F, 0xF81F, 0xF81F,  /* row 2  */
    0xF81F, 0xF81F, 0xF81F, 0xF81F, 0xF81F, 0x0843, 0xBDF9, 0xBE5A, 0xD71C, 0xEFFF, 0xEFFF, 0xEFFF, 0xEFFF, 0xEFFF, 0xEFFF, 0xEFFF, 0xEFFF, 0xEFFF, 0xEFFF, 0xEFFF, 0xEFFF, 0xEFFF, 0xEFFF, 0xEFFF, 0xEFFF, 0xEFFF, 0xEFFF, 0xEFFF, 0xEFFF, 0xEFFF, 0xEFFF, 0xEFFF, 0xEFFF, 0xEFFF, 0xEFFF, 0xEFFF, 0xE7BE, 0x9D15, 0xF81F, 0xF81F, 0xF81F, 0xF81F, 0xF81F, 0xF81F,  /* row 3  */
    0xF81F, 0xF81F, 0xF81F, 0xF81F, 0x0001, 0xEF7E, 0xEFFF, 0xE7FF, 0xEFFF, 0xEFFF, 0xEFFF, 0xEFFF, 0xEFFF, 0xEFFF, 0xEFFF, 0xEFFF, 0xEFFF, 0xEFFF, 0xEFFF, 0xEFFF, 0xEFFF, 0xEFFF, 0xEFFF, 0xEFFF, 0xEFFF, 0xEFFF, 0xEFFF, 0xEFFF, 0xEFFF, 0xEFFF, 0xEFFF, 0xEFFF, 0xEFFF, 0xEFFF, 0xEFFF, 0xEFFF, 0xE7DF, 0xCE9B, 0x20E6, 0xF81F, 0xF81F, 0xF81F, 0xF81F, 0xF81F,  /* row 4  */
    0xF81F, 0xF81F, 0xF81F, 0x0002, 0xF7DF, 0xEFFF, 0xEFFF, 0xEFFF, 0xEFFF, 0xEFFF, 0xEFFF, 0xEFFF, 0xEFFF, 0xEFFF, 0xEFFF, 0xEFFF, 0xEFFF, 0xEFFF, 0xEFFF, 0xEFFF, 0xEFFF, 0xEFFF, 0xEFFF, 0xEFFF, 0xEFFF, 0xEFFF, 0xEFFF, 0xEFFF, 0xEFFF, 0xEFFF, 0xEFFF, 0xEFFF, 0xEFFF, 0xEFFF, 0xEFFF, 0xEFFF, 0xEFDF, 0xB5F8, 0x0845, 0xF81F, 0xF81F, 0xF81F, 0xF81F, 0xF81F,  /* row 5  */
    0xF81F, 0xF81F, 0xF81F, 0x0002, 0xF7FF, 0xEFFF, 0xEFFF, 0xEFFF, 0xEFFF, 0xEFFF, 0xEFFF, 0xEFFF, 0xEFFF, 0xEFFF, 0xEFFF, 0xEFFF, 0xEFFF, 0xEFFF, 0xEFFF, 0xEFFF, 0xEFFF, 0xEFFF, 0xEFFF, 0xEFFF, 0xEFFF, 0xEFFF, 0xEFFF, 0xEFFF, 0xEFFF, 0xEFFF, 0xEFFF, 0xEFFF, 0xEFFF, 0xEFFF, 0xEFFF, 0xEFFF, 0xEFFF, 0xEFFF, 0x4A8D, 0x0005, 0xF81F, 0xF81F, 0xF81F, 0xF81F,  /* row 6  */
    0xF81F, 0xF81F, 0xF81F, 0x0002, 0xF7FF, 0xEFFF, 0xEFFF, 0xEFFF, 0xEFFF, 0xEFFF, 0xEFFF, 0xEFFF, 0xEFFF, 0xEFFF, 0xEFFF, 0xEFFF, 0xEFFF, 0xEFFF, 0xEFFF, 0xEFFF, 0xE7DF, 0xE7FF, 0xEFDF, 0xEFFF, 0xEFFF, 0xEFDF, 0xEFDF, 0xE7FF, 0xE7FF, 0xE7DF, 0xE7FF, 0xEFDF, 0xE7FF, 0xEFFF, 0xEFFF, 0xEFFF, 0xEFFF, 0xEFFF, 0xFFFF, 0x0865, 0xF81F, 0xF81F, 0xF81F, 0xF81F,  /* row 7  */
    0xF81F, 0xF81F, 0xF81F, 0x0002, 0xF7FF, 0xEFFF, 0xEFFF, 0xEFFF, 0xEFFF, 0xEFFF, 0xEFFF, 0xEFFF, 0xEFFF, 0xEFFF, 0xEFDF, 0xEFFF, 0xBE5A, 0xA598, 0xA598, 0xA598, 0xA598, 0xA5B8, 0xA5B8, 0xA5B8, 0xADD8, 0xADD8, 0xADD8, 0xA5B8, 0xA5B8, 0xA5B8, 0xA5B8, 0xA5B8, 0xA5B8, 0xA5B8, 0xA5B8, 0xADB8, 0xEFFF, 0xEFFF, 0xF7FF, 0x0865, 0xF81F, 0xF81F, 0xF81F, 0xF81F,  /* row 8  */
    0xF81F, 0xF81F, 0xF81F, 0x0002, 0xF7FF, 0xEFFF, 0xEFFF, 0xEFFF, 0xEFFF, 0xEFFF, 0xEFFF, 0xEFFF, 0xF7FF, 0xAD97, 0x6350, 0x634F, 0x3A0C, 0x31CB, 0x31CB, 0x31CB, 0x31CB, 0x31CB, 0x31CB, 0x31CA, 0x31AA, 0x31AA, 0x31CA, 0x31CA, 0x31CA, 0x31CA, 0x31CB, 0x31EB, 0x31EB, 0x31EB, 0x39EB, 0x3A0B, 0x7BD1, 0xADB8, 0xF7FF, 0xA535, 0x0023, 0xF81F, 0xF81F, 0xF81F,  /* row 9  */
    0xF81F, 0xF81F, 0xF81F, 0x0002, 0xF7FF, 0xEFFF, 0xEFFF, 0xEFFF, 0xEFFF, 0xEFFF, 0xEFFF, 0xCEBB, 0x2126, 0x5AED, 0xD69B, 0xD69B, 0xD69B, 0xD69A, 0xD69B, 0xD69B, 0xD69B, 0xD69B, 0xD69B, 0xD69B, 0xD69B, 0xD69B, 0xD69B, 0xD69B, 0xD69B, 0xD69B, 0xD69B, 0xD69B, 0xD69B, 0xD69B, 0xD69B, 0xD69B, 0xD69B, 0x7BF0, 0xBE19, 0xF7BE, 0xE71D, 0x0003, 0xF81F, 0xF81F,  /* row 10 */
    0xF81F, 0xF81F, 0xF81F, 0x0002, 0xF7FF, 0xEFFF, 0xEFFF, 0xEFFF, 0xEFFF, 0xC67A, 0xCE7A, 0x422A, 0xFFFF, 0xFFFF, 0xFFDF, 0xFFDF, 0xFFDF, 0xFFDF, 0xFFDF, 0xFFDF, 0xFFDF, 0xFFDF, 0xFFDF, 0xFFDF, 0xFFDF, 0xFFDF, 0xFFDF, 0xFFDF, 0xFFDF, 0xFFDF, 0xFFDF, 0xFFDF, 0xFFDF, 0xFFDF, 0xFFDF, 0xFFDF, 0xFFDF, 0xFFFF, 0x4209, 0xAD77, 0xF7BE, 0x0003, 0xF81F, 0xF81F,  /* row 11 */
    0xF81F, 0xF81F, 0xF81F, 0x0002, 0xF7FF, 0xEFFF, 0xEFFF, 0xEFFF, 0xFFFF, 0x0002, 0xCE59, 0xFFFF, 0xFFFF, 0xFFFF, 0xFFFF, 0xFFFF, 0xFFFF, 0xFFFF, 0xFFFF, 0xFFFF, 0xFFFF, 0xFFFF, 0xFFFF, 0xFFFF, 0xFFFF, 0xFFFF, 0xFFFF, 0xFFFF, 0xFFFF, 0xFFFF, 0xFFFF, 0xFFFF, 0xFFFF, 0xFFFF, 0xFFFF, 0xFFFF, 0xFFFF, 0xFFFF, 0xFFFF, 0x0003, 0xF7BE, 0x0003, 0xF81F, 0xF81F,  /* row 12 */
    0xF81F, 0xF81F, 0xF81F, 0x0002, 0xF7FF, 0xEFFF, 0xEFFF, 0xEFFF, 0xFFFF, 0x0002, 0xFFFF, 0xFFFF, 0xFFFF, 0xFFFF, 0xFFFF, 0xFFFF, 0xFFFF, 0xFFFF, 0xFFFF, 0xFFFF, 0xFFFF, 0xFFFF, 0xFFFF, 0xFFFF, 0xFFFF, 0xFFFF, 0xFFFF, 0xFFFF, 0xFFFF, 0xFFFF, 0xFFFF, 0xFFFF, 0xFFFF, 0xFFFF, 0xFFFF, 0xFFFF, 0xFFFF, 0xFFFF, 0xFFFF, 0x0003, 0xEFBE, 0x0003, 0xF81F, 0xF81F,  /* row 13 */
    0xF81F, 0xF81F, 0xF81F, 0x0002, 0xF7FF, 0xEFFF, 0xEFFF, 0xEFFF, 0xFFFF, 0x0002, 0xFFFF, 0xFFFF, 0xFFFF, 0xFFFF, 0xFFFF, 0xFFFF, 0xFFFF, 0xFFFF, 0xFFFF, 0xFFFF, 0xFFFF, 0xFFFF, 0xFFFF, 0xFFFF, 0xFFFF, 0xFFFF, 0xFFFF, 0xFFFF, 0xFFFF, 0xFFFF, 0xFFFF, 0xFFFF, 0xFFFF, 0xFFFF, 0xFFFF, 0xFFFF, 0xFFFF, 0xFFFF, 0xFFFF, 0x0003, 0xFFFF, 0x0003, 0xF81F, 0xF81F,  /* row 14 */
    0xF81F, 0xF81F, 0xF81F, 0x0002, 0xF7DF, 0xEFBF, 0xEFDF, 0xEFFF, 0xFFFF, 0x0002, 0xFFFF, 0xFFFF, 0xFFFF, 0xFFFF, 0xFFFF, 0xFFFF, 0xFFFF, 0xFFFF, 0xFFFF, 0xFFFF, 0xFFFF, 0xFFFF, 0xFFFF, 0xFFFF, 0xFFFF, 0xFFFF, 0xFFFF, 0xFFFF, 0xFFFF, 0xFFFF, 0xFFFF, 0xFFFF, 0xFFFF, 0xFFFF, 0xFFFF, 0xFFFF, 0xFFFF, 0xFFFF, 0xFFFF, 0xD6DB, 0x0864, 0x0025, 0xF81F, 0xF81F,  /* row 15 */
    0xF81F, 0xF81F, 0xF81F, 0x0024, 0x0003, 0x0001, 0xCE5A, 0xEFFF, 0xFFFF, 0x0002, 0xFFFF, 0xFFFF, 0xFFFF, 0xFFFF, 0xFFFF, 0xFFFF, 0xFFFF, 0xFFFF, 0xFFFF, 0xFFFF, 0xFFFF, 0xFFFF, 0xFFFF, 0xFFFF, 0xFFFF, 0xFFFF, 0xFFFF, 0xFFFF, 0xFFFF, 0xFFFF, 0xFFFF, 0xFFFF, 0xFFFF, 0xFFFF, 0xFFFF, 0xFFFF, 0xFFFF, 0xFFFF, 0xFFFF, 0xFFFF, 0x10A5, 0x0025, 0xF81F, 0xF81F,  /* row 16 */
    0xF81F, 0xF81F, 0xF81F, 0x5ACE, 0xB5D8, 0xC639, 0x0004, 0xF7FF, 0xFFFF, 0x0002, 0xFFFF, 0xFFFF, 0xFFFF, 0xFFFF, 0xFFFF, 0xFFFF, 0xFFFF, 0xFFFF, 0xFFFF, 0xFFFF, 0xFFFF, 0xFFFF, 0xFFFF, 0xFFFF, 0xFFFF, 0xFFFF, 0xFFFF, 0xFFFF, 0xFFFF, 0xFFFF, 0xFFFF, 0xFFFF, 0xFFFF, 0xFFFF, 0xFFFF, 0xFFFF, 0xFFFF, 0xFFFF, 0xFFFF, 0xFFFF, 0x10A5, 0x0025, 0xF81F, 0xF81F,  /* row 17 */
    0xF81F, 0xF81F, 0xF81F, 0x73B0, 0xF7DF, 0xFFFF, 0x0004, 0xFFFF, 0x2968, 0x1084, 0xFFFF, 0xFFFF, 0xFFFF, 0xFFFF, 0xFFFF, 0xFFFF, 0xFFFF, 0xFFFF, 0xFFDF, 0x5AAD, 0x0003, 0x0003, 0x10A6, 0xDEFC, 0xFFDF, 0xFFFF, 0xFFFF, 0xFFFF, 0xFFFF, 0xFFFF, 0xE71D, 0x0001, 0x0864, 0x0002, 0xD69B, 0xFFDF, 0xFFFF, 0xFFFF, 0xFFFF, 0xFFFF, 0x10A6, 0x0025, 0xF81F, 0xF81F,  /* row 18 */
    0xF81F, 0xF81F, 0xF81F, 0x73D1, 0xFFFF, 0xFFFF, 0x0004, 0xFFFF, 0x10A4, 0xFFFF, 0xFFFF, 0xFFFF, 0xFFFF, 0xFFFF, 0xFFFF, 0xFFFF, 0xFFFF, 0x52AC, 0x630E, 0x5ACE, 0xEF5D, 0xD6BB, 0xAD36, 0x31AA, 0x9493, 0xFFFF, 0xFFFF, 0xFFFF, 0xFFFF, 0x52AC, 0x0002, 0xCE7A, 0xFFFF, 0x8C73, 0x0004, 0x8412, 0xFFFF, 0xFFFF, 0xFFFF, 0xFFFF, 0x10A6, 0x0025, 0xF81F, 0xF81F,  /* row 19 */
    0xF81F, 0xF81F, 0xF81F, 0x0845, 0x10A5, 0x10C6, 0x0005, 0xFFFF, 0xD6BB, 0x2967, 0xFFFF, 0xFFFF, 0xFFFF, 0xFFFF, 0xFFFF, 0xFFFF, 0xFFFF, 0xCE5A, 0xD69A, 0xE73D, 0xFFFF, 0xFFFF, 0xF7BF, 0xCE7A, 0xDEFC, 0xFFFF, 0xFFFF, 0xFFFF, 0xFFFF, 0xCE7A, 0xCE5A, 0xFFFF, 0xFFFF, 0xE73C, 0xCE7A, 0xD69B, 0xFFFF, 0xFFFF, 0xFFFF, 0xFFFF, 0x10A5, 0x0025, 0xF81F, 0xF81F,  /* row 20 */
    0xF81F, 0xF81F, 0xF81F, 0x0003, 0xE71D, 0xDF1C, 0xDEFC, 0xF7FF, 0xFFFF, 0x0002, 0xFFFF, 0xFFFF, 0xFFFF, 0xFFFF, 0xFFFF, 0xFFFF, 0xFFFF, 0xFFFF, 0xFFDF, 0xFFFF, 0xFFFF, 0xFFFF, 0xFFFF, 0xFFFF, 0xFFFF, 0xFFFF, 0xFFFF, 0xFFFF, 0xFFFF, 0xFFDF, 0xFFDF, 0xFFFF, 0xFFFF, 0xFFFF, 0xFFDF, 0xFFFF, 0xFFFF, 0xFFFF, 0xFFFF, 0xFFFF, 0x10A5, 0x0025, 0xF81F, 0xF81F,  /* row 21 */
    0xF81F, 0xF81F, 0xF81F, 0x0001, 0xFFFF, 0xF7FF, 0xF7FF, 0xF7FF, 0xFFFF, 0x0001, 0xFFFF, 0xFFFF, 0xFFFF, 0xFFFF, 0xFFFF, 0xFFFF, 0xFFFF, 0xFFFF, 0xFFFF, 0xFFFF, 0xFFFF, 0xFFFF, 0xFFFF, 0xFFFF, 0xFFFF, 0xFFFF, 0xFFFF, 0xFFFF, 0xFFFF, 0xFFFF, 0xFFFF, 0xFFFF, 0xFFFF, 0xFFFF, 0xFFFF, 0xFFFF, 0xFFFF, 0xFFFF, 0xFFFF, 0xFFFF, 0x18C6, 0x0025, 0xF81F, 0xF81F,  /* row 22 */
    0xF81F, 0xF81F, 0xF81F, 0x0001, 0xFFFF, 0xF7FF, 0xF7FF, 0xF7FF, 0xFFFF, 0x0001, 0xFFFF, 0xFFFF, 0xFFFF, 0xFFFF, 0xFFFF, 0xFFFF, 0xFFFF, 0xFFFF, 0xFFFF, 0xFFFF, 0xFFFF, 0xFFFF, 0xFFFF, 0xFFFF, 0xFFFF, 0xFFFF, 0xFFFF, 0xFFFF, 0xFFFF, 0xFFFF, 0xFFFF, 0xFFFF, 0xFFFF, 0xFFFF, 0xFFFF, 0xFFFF, 0xFFFF, 0xFFFF, 0xFFFF, 0xFFFF, 0x10A6, 0x0025, 0xF81F, 0xF81F,  /* row 23 */
    0xF81F, 0xF81F, 0xF81F, 0x0000, 0xFFFF, 0xF7FF, 0xF7FF, 0xF7FF, 0xFFFF, 0x0000, 0xFFFF, 0xFFFF, 0xFFFF, 0xFFFF, 0xFFFF, 0xFFFF, 0xFFFF, 0xFFFF, 0xFFFF, 0xFFFF, 0xFFFF, 0xFFFF, 0xFFFF, 0xFFFF, 0xFFFF, 0xFFFF, 0xFFFF, 0xFFFF, 0xFFFF, 0xFFFF, 0xFFFF, 0xFFFF, 0xFFFF, 0xFFFF, 0xFFFF, 0xFFFF, 0xFFFF, 0xFFFF, 0xFFFF, 0xFFFF, 0x10A5, 0x0025, 0xF81F, 0xF81F,  /* row 24 */
    0xF81F, 0xF81F, 0x0003, 0xE71D, 0xF7FF, 0xF7FF, 0xF7FF, 0xF7FF, 0xF7FF, 0xFFFF, 0x0001, 0xFFFF, 0xFFFF, 0xFFFF, 0xFFFF, 0xFFFF, 0xFFFF, 0xFFFF, 0xFFFF, 0xFFFF, 0xFFFF, 0xFFFF, 0xFFFF, 0xFFDF, 0xFFDF, 0xFFFF, 0xFFFF, 0xFFFF, 0xFFFF, 0xFFFF, 0xFFFF, 0xFFFF, 0xFFFF, 0xFFDF, 0xFFFF, 0xFFFF, 0xFFFF, 0xFFFF, 0xFFFF, 0xFFFF, 0x10A5, 0x0025, 0xF81F, 0xF81F,  /* row 25 */
    0xF81F, 0xF81F, 0x0003, 0xF79E, 0xFFFF, 0xFFFF, 0xFFFF, 0xFFFF, 0xF7FF, 0xF7BF, 0x2105, 0xD69B, 0xFFFF, 0xFFFF, 0xFFFF, 0xFFFF, 0xFFFF, 0xFFFF, 0xFFFF, 0xFFFF, 0xFFFF, 0xFFFF, 0xF7BF, 0xAD56, 0xB597, 0x0843, 0x1084, 0x1085, 0x1085, 0x10A5, 0x10A5, 0x10A5, 0x18E5, 0xB598, 0xF7BE, 0xFFFF, 0xFFFF, 0xFFFF, 0xFFFF, 0xE71C, 0x1085, 0x0025, 0xF81F, 0xF81F,  /* row 26 */
    0x1085, 0x5ACE, 0xCE7A, 0xFFFF, 0xFFFF, 0xFFFF, 0xFFFF, 0xFFFF, 0xF7FF, 0xF7FF, 0xE75D, 0x1086, 0xFFFF, 0xFFFF, 0xFFFF, 0xFFFF, 0xFFFF, 0xFFFF, 0xFFFF, 0xFFFF, 0xBE18, 0x39EA, 0x39EA, 0xCE7A, 0xCE7A, 0xF7BE, 0xFFFF, 0xFFFF, 0xFFFF, 0xFFFF, 0xFFFF, 0xFFFF, 0xFFDF, 0x9494, 0x39E8, 0xFFFF, 0xFFFF, 0xFFFF, 0xFFFF, 0x0001, 0xF81F, 0xF81F, 0xF81F, 0xF81F,  /* row 27 */
    0x0002, 0xFFFF, 0xFFFF, 0xFFFF, 0xFFFF, 0xF7FF, 0xFFFF, 0xFFFF, 0xF7FF, 0xF7FF, 0xEF5E, 0x1085, 0xFFFF, 0xFFFF, 0xFFFF, 0xFFFF, 0xFFFF, 0xFFFF, 0x10A6, 0x0004, 0x630E, 0xF79E, 0xF79E, 0xFFFF, 0xFFFF, 0xFFFF, 0xFFFF, 0xFFFF, 0xFFFF, 0xFFFF, 0xFFFF, 0xFFFF, 0xFFFF, 0xFFDF, 0xEF7E, 0x0863, 0xFFFF, 0xFFFF, 0x5ACD, 0xF81F, 0xF81F, 0xF81F, 0xF81F, 0xF81F,  /* row 28 */
    0x0002, 0xFFFF, 0xFFFF, 0xFFFF, 0xF7FF, 0xFFFF, 0xFFFF, 0xFFFF, 0xF7FF, 0xFFFF, 0x1085, 0xE71D, 0x6B4E, 0xFFFF, 0xFFFF, 0xFFFF, 0xF7BF, 0x0844, 0xAD56, 0xFFDF, 0xFFFF, 0xFFFF, 0xFFFF, 0xFFFF, 0xFFFF, 0xFFFF, 0xFFFF, 0xFFFF, 0xFFFF, 0xFFFF, 0xFFFF, 0xFFFF, 0xFFFF, 0xFFFF, 0xFFFF, 0xEF7E, 0x18E6, 0x94B4, 0x0846, 0xF81F, 0xF81F, 0xF81F, 0xF81F, 0xF81F,  /* row 29 */
    0x0002, 0xFFFF, 0xFFFF, 0xFFFF, 0xF7FF, 0xF7FF, 0xFFFF, 0xFFFF, 0xFFFF, 0xFFFF, 0x0003, 0x39EA, 0xBDF9, 0x18C4, 0xFFFF, 0xFFFF, 0x6B6F, 0x7BD1, 0xFFFF, 0xFFFF, 0xFFFF, 0xFFFF, 0xFFFF, 0xFFFF, 0xFFFF, 0xFFFF, 0xFFFF, 0xFFFF, 0xFFFF, 0xFFFF, 0xFFFF, 0xFFFF, 0xFFFF, 0xFFFF, 0xFFFF, 0x4A4B, 0x0003, 0x73B0, 0x39EA, 0xF81F, 0xF81F, 0xF81F, 0xF81F, 0xF81F,  /* row 30 */
    0x0004, 0xB597, 0xFFFF, 0xFFFF, 0xDEFC, 0xD69B, 0xCE7B, 0xFFFF, 0xF7FF, 0xF7DF, 0xAD77, 0x630E, 0x3188, 0xE71D, 0x0000, 0x630F, 0xA535, 0xFFDF, 0xFFFF, 0xFFFF, 0xFFFF, 0xFFFF, 0xFFFF, 0xFFFF, 0xFFFF, 0xFFFF, 0xFFFF, 0xFFFF, 0xFFFF, 0xFFFF, 0xFFFF, 0xFFFF, 0xD6BB, 0x94B4, 0x0865, 0x9CD4, 0xFFDF, 0xC659, 0x39CA, 0xF81F, 0xF81F, 0xF81F, 0xF81F, 0xF81F,  /* row 31 */
    0xF81F, 0x2928, 0x2107, 0xE73D, 0x18E7, 0x0005, 0x0003, 0xD6BB, 0xCE7A, 0xCE7A, 0xC65A, 0xC659, 0xB5B7, 0x7BF1, 0x420A, 0xAD77, 0x0023, 0x39EA, 0x39CA, 0x39CA, 0x39CA, 0x39CA, 0x39CA, 0x39CA, 0x39CA, 0x39CA, 0x39CA, 0x39EB, 0x420B, 0x420B, 0x41EB, 0x41EB, 0x73B0, 0x94D5, 0xFFFF, 0xF7DF, 0xCE9A, 0x1085, 0xF81F, 0xF81F, 0xF81F, 0xF81F, 0xF81F, 0xF81F,  /* row 32 */
    0xF81F, 0xF81F, 0xF81F, 0x18E6, 0x2107, 0x0004, 0x6B4F, 0xC639, 0xC639, 0xC619, 0x7BD1, 0x0002, 0x39CA, 0xC639, 0xAD97, 0x10A4, 0x2967, 0x39CB, 0x2968, 0x2968, 0x2968, 0x2968, 0x2968, 0x2968, 0x2968, 0x31A9, 0x39C9, 0x39C9, 0x39C9, 0x39C9, 0x31C9, 0x31C9, 0x94B4, 0xF7DF, 0xF7DF, 0xFFFF, 0x31A9, 0xF81F, 0xF81F, 0xF81F, 0xF81F, 0xF81F, 0xF81F, 0xF81F,  /* row 33 */
    0xF81F, 0xF81F, 0xF81F, 0xF81F, 0xF81F, 0x2107, 0x6B50, 0x31A9, 0x2127, 0x2126, 0xEF7E, 0xE77E, 0xF7BF, 0x2947, 0x0885, 0xB5B8, 0xBDD8, 0x4A8B, 0xAD97, 0xFFFF, 0xFFFF, 0xFFFF, 0xFFFF, 0xFFFF, 0xFFFF, 0xFFFF, 0xFFFF, 0xFFFF, 0xFFFF, 0xFFFF, 0xFFFF, 0xFFFF, 0xFFFF, 0xFFFF, 0x9493, 0x0000, 0x0003, 0xF81F, 0xF81F, 0xF81F, 0xF81F, 0xF81F, 0xF81F, 0xF81F,  /* row 34 */
    0xF81F, 0xF81F, 0xF81F, 0xF81F, 0x0865, 0x0005, 0x0000, 0x0001, 0x9CF5, 0xE77D, 0x9CF5, 0xA515, 0xA516, 0xD6BB, 0x8C73, 0x0846, 0x0004, 0xFFFF, 0xF7DF, 0x9CF5, 0x422B, 0xF7DF, 0xF7DF, 0xFFFF, 0xFFFF, 0xFFFF, 0xFFFF, 0xFFFF, 0xFFFF, 0xFFFF, 0xF7DF, 0xF7DF, 0xFFFF, 0x0003, 0x0865, 0xFFFF, 0xFFFF, 0x31A8, 0xF81F, 0xF81F, 0xF81F, 0xF81F, 0xF81F, 0xF81F,  /* row 35 */
    0xF81F, 0xF81F, 0xF81F, 0x0865, 0x0004, 0x630D, 0xFFFF, 0xFFFF, 0x422A, 0xA536, 0xEFBF, 0xF7DF, 0xF7DF, 0xF7DF, 0xCE7A, 0x94D5, 0x424C, 0x52CE, 0x6B6F, 0xC639, 0xBDF8, 0x8C53, 0x9CD4, 0xFFDF, 0xF7DF, 0xF7DF, 0xF7DF, 0xF7DF, 0xF7DF, 0xFFFF, 0x8452, 0x8432, 0x2128, 0x0025, 0x4A4A, 0xB5B7, 0xFFFF, 0xFFFF, 0x18C5, 0xF81F, 0xF81F, 0xF81F, 0xF81F, 0xF81F,  /* row 36 */
    0xF81F, 0xF81F, 0x0864, 0x8C94, 0xCE9A, 0x9CD5, 0xB597, 0x0000, 0xFFFF, 0x7C11, 0xFFFF, 0xF7FF, 0xF7FF, 0xDEFC, 0xBDF8, 0x39C8, 0xFFFF, 0xFFFF, 0x424B, 0x1086, 0x18C6, 0x18E7, 0x10A7, 0xC619, 0xC619, 0xBE18, 0xC619, 0xC618, 0xC618, 0xBDF8, 0x4A6C, 0x0024, 0x4A6D, 0x52AD, 0xFFFF, 0x18E6, 0xEF7E, 0xF7FF, 0xFFFF, 0x0845, 0xF81F, 0xF81F, 0xF81F, 0xF81F,  /* row 37 */
    0xF81F, 0xF81F, 0x0003, 0xF7DF, 0x0000, 0x0000, 0xF7BF, 0xF7DF, 0xF7FF, 0xF7FF, 0xF7FF, 0xF7FF, 0xF7FF, 0xDF1C, 0xCE7A, 0xF7DF, 0xF7FF, 0xF7FF, 0xFFFF, 0x52AC, 0x7BF1, 0x5AED, 0x0025, 0x10A6, 0x39EA, 0x3A0A, 0x0004, 0x20E7, 0x20E7, 0x2829, 0xDEDC, 0x0001, 0xF7DF, 0xF7DF, 0xF79E, 0x0003, 0x18C6, 0xFFFF, 0xF7FF, 0xF7BF, 0x0000, 0xF81F, 0xF81F, 0xF81F,  /* row 38 */
    0xF81F, 0xF81F, 0x0845, 0x18C5, 0xF79F, 0xFFDF, 0xF7FF, 0xF7DF, 0xE75D, 0xEF9E, 0xF7FF, 0xF7FF, 0xF7FF, 0xF7FF, 0xF7FF, 0xE75D, 0xE71C, 0xF7FF, 0xF7FF, 0x528C, 0x7BD1, 0x5AED, 0x0866, 0x528D, 0x630E, 0xD91B, 0x0001, 0xF7DF, 0xF01F, 0x302A, 0xDEDC, 0x0001, 0xF7DF, 0xF7DF, 0xF7BE, 0x4A4C, 0x528D, 0x9494, 0xF7BE, 0xF7DF, 0xFFFF, 0x1085, 0xF81F, 0xF81F,  /* row 39 */
    0xF81F, 0xF81F, 0x0004, 0xEF9E, 0x0001, 0x9494, 0xA515, 0xA515, 0x18C7, 0xCE5A, 0xF7FF, 0xF7FF, 0xF7FF, 0xF7FF, 0xFFFF, 0x5B0D, 0x0024, 0x9CF5, 0x94D4, 0x3189, 0x73D1, 0x5AED, 0x1086, 0x4A6C, 0x52AD, 0xD0FB, 0x0001, 0xF7BE, 0xF01F, 0x302A, 0xD6BC, 0x0002, 0xAD56, 0xAD77, 0xAD56, 0x4A4C, 0x8C73, 0x10A6, 0x8C53, 0x9D15, 0xA536, 0x0865, 0xF81F, 0xF81F,  /* row 40 */
    0xF81F, 0x2108, 0x8C52, 0xE73D, 0x0004, 0x7BD2, 0xA536, 0x1907, 0x94D4, 0xF7FF, 0xF7FF, 0xF7FF, 0xF7FF, 0xF7FF, 0xF7FF, 0xFFFF, 0x9493, 0x94B4, 0x94B4, 0x3189, 0x73D1, 0x5AED, 0x10A7, 0x528D, 0x4A8C, 0xD8FB, 0x0001, 0xF7BE, 0xF01F, 0x302A, 0xD6BC, 0x0002, 0x2108, 0x18E8, 0x2128, 0x4A8D, 0xFFFF, 0xBE19, 0x0004, 0x8432, 0x8C73, 0x10A6, 0x2128, 0xF81F,  /* row 41 */
    0x1905, 0xE75D, 0xFFFF, 0x2106, 0x0005, 0x18C7, 0x2108, 0x31C9, 0xFFFF, 0xFFFF, 0xFFFF, 0xFFFF, 0xFFFF, 0xFFFF, 0xFFFF, 0xFFFF, 0xFFFF, 0xFFFF, 0xFFFF, 0x528C, 0x7C11, 0x632E, 0x18C7, 0x5AEE, 0x528C, 0xE91C, 0x0001, 0xFFFF, 0xF81E, 0x382B, 0xE73D, 0x0001, 0xFFFF, 0xFFFF, 0xFFFF, 0x9CF5, 0xAD97, 0xFFFF, 0x0002, 0xF7DF, 0xFFFF, 0xCE7A, 0x422C, 0x0865,  /* row 42 */
    0x0845, 0x0003, 0x0003, 0x1086, 0x1086, 0x1086, 0x10A6, 0x0845, 0x0003, 0x0003, 0x0003, 0x0003, 0x0003, 0x0003, 0x0003, 0x0003, 0x0003, 0x0003, 0x0003, 0x0825, 0x0025, 0x0845, 0x0865, 0x0825, 0x0845, 0x0064, 0x0866, 0x0003, 0x0064, 0x0865, 0x0004, 0x0866, 0x0003, 0x0003, 0x0003, 0x0004, 0x0025, 0x0003, 0x0866, 0x0004, 0x0003, 0x0003, 0x0825, 0x10A6,  /* row 43 */
};
static const Sprite NB_SPRITE_HUNGRY_0 = {
    44, 44, 0xF81F, nb_hungry_0_px
};

static const uint16_t nb_hungry_1_px[] = {
    0xF81F, 0xF81F, 0xF81F, 0xF81F, 0xF81F, 0xF81F, 0xF81F, 0xF81F, 0xF81F, 0xF81F, 0xF81F, 0xF81F, 0xF81F, 0xF81F, 0xF81F, 0xF81F, 0xF81F, 0xF81F, 0xF81F, 0x31A9, 0x31C9, 0x31A9, 0x31C9, 0x31C9, 0x31C9, 0x31C9, 0x31A9, 0x31A9, 0x31A9, 0x0003, 0xF81F, 0xF81F, 0xF81F, 0xF81F, 0xF81F, 0xF81F, 0xF81F, 0xF81F, 0xF81F, 0xF81F, 0xF81F, 0xF81F, 0xF81F, 0xF81F,  /* row 0  */
    0xF81F, 0xF81F, 0xF81F, 0xF81F, 0xF81F, 0xF81F, 0xF81F, 0xF81F, 0xF81F, 0xF81F, 0x0842, 0x0002, 0x0002, 0x0844, 0x29F2, 0x21F1, 0x5556, 0x9D35, 0xB618, 0xE7DF, 0xAEDE, 0xAEBE, 0xAEBE, 0xEFFF, 0xEFFF, 0xEFFF, 0xEFFF, 0xEFFF, 0xF7FF, 0x6454, 0x3B52, 0x21B0, 0x8CD4, 0x4B92, 0x0002, 0x0002, 0x0844, 0xF81F, 0xF81F, 0xF81F, 0xF81F, 0xF81F, 0xF81F, 0xF81F,  /* row 1  */
    0xF81F, 0xF81F, 0xF81F, 0xF81F, 0xF81F, 0xF81F, 0xF81F, 0xF81F, 0x0863, 0x0001, 0x2172, 0x9E9C, 0xDF5D, 0xDF7D, 0xFFFF, 0xD75F, 0x967E, 0x85FE, 0x753D, 0x6CBC, 0xAE9E, 0xF7FF, 0xEFFF, 0xEFFF, 0xEFFF, 0xEFFF, 0xEFFF, 0xEFFF, 0xEFFF, 0xEFFF, 0xA6DE, 0xF7FF, 0xA67D, 0x779E, 0xE7FF, 0xB7FF, 0x1905, 0x0003, 0xF81F, 0xF81F, 0xF81F, 0xF81F, 0xF81F, 0xF81F,  /* row 2  */
    0xF81F, 0xF81F, 0xF81F, 0xF81F, 0xF81F, 0xF81F, 0xF81F, 0x2146, 0x8E19, 0xD75E, 0xEFFF, 0xE7FF, 0xE7DF, 0xDF7E, 0x857D, 0xCF7F, 0x9E7E, 0x6C7B, 0x433A, 0xDF5E, 0xEFFF, 0xEFFF, 0xEFFF, 0xEFFF, 0xEFFF, 0xEFFF, 0xEFFF, 0xEFFF, 0xEFFF, 0xEFFF, 0x9EDE, 0xEFBF, 0x5BBA, 0xF7FF, 0xE7FF, 0xEFFF, 0xF7FF, 0x7C32, 0x0825, 0xF81F, 0xF81F, 0xF81F, 0xF81F, 0xF81F,  /* row 3  */
    0xF81F, 0xF81F, 0xF81F, 0xF81F, 0xF81F, 0xF81F, 0x0023, 0x4B91, 0xB7BF, 0xE7FF, 0xEFFF, 0xEFFF, 0xEFFF, 0xDF9F, 0x855E, 0xEFFF, 0xA67D, 0x5BDA, 0x431A, 0xA7FF, 0xB7BF, 0xEFFF, 0xEFFF, 0xEFFF, 0xEFFF, 0xEFFF, 0xEFFF, 0xEFFF, 0xEFFF, 0xEFFF, 0xF7FF, 0x96FE, 0x6C7B, 0x95DC, 0xEFFF, 0xEFFF, 0xEFFF, 0xDEDB, 0x632D, 0xF81F, 0xF81F, 0xF81F, 0xF81F, 0xF81F,  /* row 4  */
    0xF81F, 0xF81F, 0xF81F, 0xF81F, 0x0001, 0xA7DF, 0xF7FF, 0xAFBE, 0xD7FF, 0xEFFF, 0xEFFF, 0xEFFF, 0xEFFF, 0xE7DF, 0xC71F, 0xE7DF, 0x9E3D, 0x955C, 0xEFFF, 0xEFFF, 0xEFFF, 0xEFFF, 0xEFFF, 0xEFFF, 0xEFFF, 0xEFFF, 0xEFFF, 0xEFFF, 0xEFFF, 0xEFFF, 0xEFFF, 0xEFFF, 0xD75F, 0x95BD, 0xEFFF, 0xE7FF, 0xCFFF, 0x6F9F, 0xF7DF, 0x10A3, 0xF81F, 0xF81F, 0xF81F, 0xF81F,  /* row 5  */
    0xF81F, 0xF81F, 0xF81F, 0x0005, 0xB7DF, 0x9FDF, 0xEFFF, 0xE7FF, 0xEFFF, 0xEFFF, 0xEFFF, 0xEFFF, 0xAFBF, 0xA7BF, 0xEFFF, 0xE79F, 0x535A, 0x8D1B, 0xE7FF, 0xEFFF, 0xEFFF, 0xEFFF, 0xEFFF, 0xEFFF, 0xEFFF, 0xEFFF, 0xEFFF, 0xEFFF, 0xEFFF, 0xEFFF, 0xEFFF, 0xEFFF, 0xCF3E, 0x7CFD, 0xBEDE, 0xE7FF, 0xCFDF, 0x67BF, 0xF7FF, 0x5F7E, 0x0022, 0xF81F, 0xF81F, 0xF81F,  /* row 6  */
    0xF81F, 0xF81F, 0xF81F, 0x0001, 0xAFFF, 0xA7DF, 0xEFFF, 0xEFFF, 0xEFFF, 0xEFFF, 0xEFFF, 0xEFFF, 0xEFFF, 0xEFFF, 0xE7FF, 0xE79F, 0x4B39, 0xC77F, 0xEFFF, 0xEFFF, 0xEFFF, 0xEFFF, 0xEFFF, 0xEFFF, 0xEFFF, 0xEFFF, 0xEFFF, 0xEFFF, 0xEFFF, 0xEFFF, 0xF7FF, 0xF7FF, 0xEFFF, 0xD75F, 0xB69E, 0xEFFF, 0xEFFF, 0xF7FF, 0xC7DF, 0x77FF, 0x0022, 0xF81F, 0xF81F, 0xF81F,  /* row 7  */
    0xF81F, 0xF81F, 0xF81F, 0x0001, 0xAFFF, 0xA7DF, 0xEFFF, 0xEFFF, 0xEFFF, 0xEFFF, 0xF7FF, 0xA7BF, 0x9FBF, 0x9FBF, 0xF7FF, 0xEFBF, 0x4B39, 0xA6FF, 0x9EBF, 0x9EBF, 0x9EBF, 0x9E9F, 0x9E9F, 0x9E9F, 0x9E9F, 0x9E9F, 0x9E9F, 0x9E9F, 0x9E9F, 0x9E9F, 0x9E9F, 0x9E9F, 0xAEFF, 0xDF7F, 0xBE9E, 0xEFFF, 0xCFFF, 0x477F, 0xFFFF, 0xEFFF, 0x0842, 0xF81F, 0xF81F, 0xF81F,  /* row 8  */
    0xF81F, 0xF81F, 0xF81F, 0x0001, 0xAFFF, 0xA7DF, 0xEFFF, 0xEFFF, 0xEFFF, 0xEFFF, 0xAFBE, 0xEFFF, 0xF7FF, 0xEFFF, 0xAF5F, 0x7D1E, 0x42DA, 0x10A3, 0x10A3, 0x10A4, 0x10A4, 0x10A4, 0x10A4, 0x10A4, 0x10A4, 0x10A4, 0x10A4, 0x10A4, 0x10A4, 0x10A4, 0x10A5, 0x10A5, 0x10C5, 0x31CA, 0x95FF, 0x8DDF, 0x767F, 0x57DF, 0x67BF, 0xFFFF, 0x0801, 0x0023, 0xF81F, 0xF81F,  /* row 9  */
    0xF81F, 0xF81F, 0xF81F, 0x0001, 0xAFFF, 0xA7DF, 0xEFFF, 0xEFFF, 0xEFFF, 0xEFFF, 0xF7FF, 0x973F, 0x5458, 0x6459, 0x18B1, 0x0001, 0x0003, 0x10A5, 0x4A5C, 0x4A3B, 0x4A3A, 0x4A3A, 0x4A3A, 0x4A3A, 0x4A5B, 0x4A5B, 0x4A5B, 0x525B, 0x527B, 0x527B, 0x527B, 0x527B, 0x527B, 0x4A5B, 0x294D, 0x18C5, 0x18A4, 0x0004, 0x1147, 0x367B, 0x56FD, 0x0001, 0xF81F, 0xF81F,  /* row 10 */
    0xF81F, 0xF81F, 0xF81F, 0x0001, 0xAFFF, 0xA7DF, 0xEFFF, 0xEFFF, 0xEFFF, 0xEFFF, 0xBF3F, 0x18EC, 0x0004, 0x0004, 0x100B, 0x2050, 0x2050, 0x4193, 0x3952, 0x3951, 0x3951, 0x3131, 0x3131, 0x3131, 0x3111, 0x3111, 0x3111, 0x3111, 0x2910, 0x28F0, 0x28F0, 0x28F1, 0x28F1, 0x28F0, 0x28F0, 0x83F7, 0xE71F, 0xD69E, 0x298F, 0x0002, 0x10AB, 0x0002, 0xF81F, 0xF81F,  /* row 11 */
    0xF81F, 0xF81F, 0xF81F, 0x0001, 0xAFFF, 0xA7DF, 0xEFFF, 0xEFFF, 0xF7FF, 0xBE19, 0x0006, 0x0829, 0x0004, 0x0005, 0x202F, 0x202F, 0x202F, 0x204F, 0x204F, 0x204F, 0x204F, 0x204F, 0x204F, 0x204F, 0x204F, 0x204F, 0x204F, 0x204F, 0x204F, 0x204F, 0x204F, 0x204F, 0x204F, 0x204F, 0x204F, 0x180F, 0x080E, 0x7377, 0xD6FF, 0x0002, 0x2977, 0x0001, 0xF81F, 0xF81F,  /* row 12 */
    0xF81F, 0xF81F, 0xF81F, 0x0001, 0xAFFF, 0xA7DF, 0xEFFF, 0xEFFF, 0x7C31, 0x0007, 0x0828, 0x0829, 0x0004, 0x0004, 0x202F, 0x202F, 0x202F, 0x202F, 0x202F, 0x202F, 0x202F, 0x202F, 0x202F, 0x202F, 0x202F, 0x202F, 0x202F, 0x202F, 0x202F, 0x202F, 0x202F, 0x202F, 0x202F, 0x202F, 0x202F, 0x202F, 0x202F, 0x28D0, 0xCEBF, 0x4A78, 0x0001, 0x0022, 0xF81F, 0xF81F,  /* row 13 */
    0xF81F, 0xF81F, 0xF81F, 0x0001, 0xB7FF, 0xA7FF, 0xF7FF, 0xEFFF, 0x8472, 0x0828, 0x0828, 0x0006, 0x0002, 0x2050, 0x182F, 0x202F, 0x202F, 0x202F, 0x202F, 0x202F, 0x202F, 0x202F, 0x202F, 0x202F, 0x202F, 0x202F, 0x202F, 0x202F, 0x202F, 0x202F, 0x202F, 0x202F, 0x202F, 0x202F, 0x202F, 0x202F, 0x202F, 0x28B0, 0xCE9F, 0x5B3B, 0x0001, 0x0022, 0xF81F, 0xF81F,  /* row 14 */
    0xF81F, 0xF81F, 0xF81F, 0x0002, 0x0024, 0x0003, 0x4A4B, 0xEFFF, 0x8472, 0x0828, 0x0828, 0x0004, 0x184F, 0x182F, 0x202F, 0x202F, 0x202F, 0x202F, 0x202F, 0x202F, 0x202F, 0x202F, 0x202F, 0x202F, 0x202F, 0x202F, 0x202F, 0x202F, 0x202F, 0x202F, 0x202F, 0x202F, 0x202F, 0x202F, 0x202F, 0x202F, 0x202F, 0x2030, 0x7BF8, 0xD6DF, 0x39D8, 0x0001, 0xF81F, 0xF81F,  /* row 15 */
    0xF81F, 0x0844, 0x6AE2, 0xACE3, 0x0000, 0x7535, 0x420A, 0xEFDF, 0x8472, 0x0828, 0x0828, 0x0004, 0x182E, 0x182F, 0x202F, 0x182F, 0x182F, 0x182F, 0x182F, 0x182F, 0x182F, 0x182F, 0x182F, 0x202F, 0x182F, 0x182F, 0x182F, 0x182F, 0x202F, 0x202F, 0x202F, 0x202F, 0x202F, 0x202F, 0x202F, 0x202F, 0x202F, 0x202F, 0x3992, 0xCEDF, 0x31B8, 0x0021, 0xF81F, 0xF81F,  /* row 16 */
    0xF81F, 0x0844, 0x9C61, 0xFF41, 0x0000, 0x64B4, 0x4209, 0xEFDF, 0x8472, 0x0828, 0x0828, 0x0004, 0x182E, 0x182F, 0x182F, 0x202F, 0x202F, 0x202F, 0x202F, 0x202F, 0x202F, 0x202F, 0x202F, 0x202F, 0x202F, 0x202F, 0x202F, 0x202F, 0x202F, 0x202F, 0x202F, 0x202F, 0x202F, 0x202F, 0x202F, 0x202F, 0x182F, 0x202F, 0x100E, 0xD6FF, 0x31B7, 0x0001, 0xF81F, 0xF81F,  /* row 17 */
    0xF81F, 0x0844, 0x9C81, 0xFF61, 0x0001, 0x6CD3, 0x4209, 0xEFDF, 0x8472, 0x0828, 0x0828, 0x0004, 0x182E, 0x182F, 0x182F, 0x202F, 0x202F, 0x202F, 0x202F, 0x202F, 0x202F, 0x202F, 0x202F, 0x202F, 0x202F, 0x202F, 0x202F, 0x202F, 0x202F, 0x202F, 0x202F, 0x202F, 0x202F, 0x202F, 0x202F, 0x202F, 0x182F, 0x182F, 0x100E, 0xD6FF, 0x31B7, 0x0001, 0xF81F, 0xF81F,  /* row 18 */
    0xF81F, 0x0843, 0xACE1, 0xFFE0, 0x0001, 0x3135, 0x3A09, 0xEFDF, 0x8472, 0x0828, 0x0828, 0x0004, 0x182E, 0x182F, 0x182F, 0x202F, 0x202F, 0x202F, 0x202F, 0x202F, 0x202F, 0x202F, 0x202F, 0x202F, 0x202F, 0x202F, 0x202F, 0x202F, 0x202F, 0x202F, 0x202F, 0x202F, 0x202F, 0x202F, 0x202F, 0x202F, 0x202F, 0x202F, 0x100E, 0xD6FF, 0x31D8, 0x0001, 0xF81F, 0xF81F,  /* row 19 */
    0xF81F, 0xF81F, 0x0004, 0x0003, 0x0004, 0x0002, 0x3A09, 0xE7DF, 0x8472, 0x0828, 0x0828, 0x0004, 0x182E, 0x182F, 0x202F, 0x102E, 0x182E, 0x202F, 0x202F, 0x202F, 0x182F, 0x182E, 0x202F, 0x202F, 0x202F, 0x202F, 0x202F, 0x202F, 0x182E, 0x202F, 0x202F, 0x202F, 0x202F, 0x102E, 0x182F, 0x202F, 0x202F, 0x202F, 0x100E, 0xD6FF, 0x39D8, 0x0001, 0xF81F, 0xF81F,  /* row 20 */
    0xF81F, 0xF81F, 0xF81F, 0x0002, 0x3A6A, 0xAFFF, 0xF7FF, 0xE7FF, 0x8472, 0x0828, 0x0828, 0x0004, 0x182E, 0x182F, 0x202F, 0x6873, 0xB85B, 0xC85C, 0xC81C, 0xC85C, 0x9839, 0x9097, 0x182F, 0x202F, 0x202F, 0x202F, 0x202F, 0x182E, 0xA879, 0xC85B, 0xC05B, 0xB85B, 0xB87B, 0xB87B, 0x3030, 0x202F, 0x202F, 0x202F, 0x100E, 0xD6FF, 0x39D8, 0x0001, 0xF81F, 0xF81F,  /* row 21 */
    0xF81F, 0xF81F, 0xF81F, 0x0001, 0xAFFF, 0xA7DF, 0xEFFF, 0xEFFF, 0x8C72, 0x0828, 0x0828, 0x0004, 0x182E, 0x182F, 0x202F, 0x202F, 0x102E, 0x082D, 0x082D, 0x082E, 0x182E, 0x202F, 0x202F, 0x202F, 0x202F, 0x202F, 0x202F, 0x202F, 0x202F, 0x082E, 0x102E, 0x102E, 0x102E, 0x182E, 0x202F, 0x202F, 0x202F, 0x202F, 0x100E, 0xD6FF, 0x212E, 0x0002, 0xF81F, 0xF81F,  /* row 22 */
    0xF81F, 0xF81F, 0xF81F, 0x0001, 0xAFFF, 0xA7DF, 0xEFFF, 0xE7FF, 0x8492, 0x0828, 0x0828, 0x0004, 0x182E, 0x182F, 0x202F, 0x182F, 0x182F, 0x182F, 0x182F, 0x182F, 0x202F, 0x202F, 0x202F, 0x202F, 0x202F, 0x202F, 0x202F, 0x202F, 0x202F, 0x202F, 0x202F, 0x202F, 0x202F, 0x202F, 0x202F, 0x202F, 0x202F, 0x202F, 0x100E, 0xE77F, 0x0843, 0x0002, 0xF81F, 0xF81F,  /* row 23 */
    0xF81F, 0xF81F, 0xF81F, 0x0022, 0xAFFF, 0xA7DF, 0xEFFF, 0xE7FF, 0x8492, 0x0828, 0x0828, 0x0004, 0x182E, 0x182F, 0x202F, 0x182F, 0x182F, 0x182F, 0x182F, 0x182F, 0x202F, 0x202F, 0x182F, 0x182F, 0x182F, 0x182F, 0x182F, 0x182F, 0x182F, 0x182F, 0x182F, 0x182F, 0x182F, 0x182F, 0x202F, 0x202F, 0x202F, 0x202F, 0x41D3, 0x4A9A, 0x0002, 0x0002, 0xF81F, 0xF81F,  /* row 24 */
    0xF81F, 0xF81F, 0x1083, 0x4B8F, 0xAFFF, 0xA7DF, 0xEFFF, 0xE7FF, 0x8C93, 0x0828, 0x0829, 0x0004, 0x102A, 0x182E, 0x202F, 0x182F, 0x202F, 0x202F, 0x202F, 0x182F, 0x204F, 0x202F, 0x204F, 0x204F, 0x204F, 0x202F, 0x204F, 0x202F, 0x204F, 0x204F, 0x202F, 0x202F, 0x202F, 0x202F, 0x202F, 0x202F, 0x202F, 0x2050, 0x7378, 0x52DA, 0x0002, 0x0002, 0xF81F, 0xF81F,  /* row 25 */
    0xF81F, 0x0842, 0x7C32, 0x9F9E, 0xA7DF, 0xA7DF, 0xEFFF, 0xE7FF, 0x8493, 0x0828, 0x0829, 0x0005, 0x0003, 0x184E, 0x182F, 0x1953, 0x1D5B, 0x3D7B, 0x357B, 0x1C1A, 0x1B19, 0x1A56, 0x22B8, 0x1B5A, 0x241B, 0x23FC, 0x237A, 0x2A36, 0x2B79, 0x2379, 0x1C9A, 0x257B, 0x357C, 0x2D7B, 0x2050, 0x182F, 0x202F, 0x202F, 0x643A, 0x52DB, 0x0002, 0x1083, 0xF81F, 0xF81F,  /* row 26 */
    0xF81F, 0x0842, 0x7C11, 0x9FBF, 0xA7DF, 0xA7DF, 0xEFFF, 0xE7FF, 0x8472, 0x0828, 0x0829, 0x0004, 0x0003, 0x184E, 0x202F, 0x20B0, 0x3254, 0xCF9F, 0x4A94, 0x2BB7, 0x2CFA, 0x349B, 0x3E7D, 0x2479, 0x29F3, 0xAFFF, 0x34DA, 0x23B7, 0x2B56, 0x29D3, 0x3254, 0x31D2, 0x86FE, 0x41B2, 0x184F, 0x1830, 0x202F, 0x202F, 0x3175, 0x0847, 0x0863, 0xF81F, 0xF81F, 0xF81F,  /* row 27 */
    0xF81F, 0x0022, 0x7C11, 0x9FBF, 0xA7DF, 0xA7DF, 0xF7FF, 0xB7DF, 0x6411, 0x1911, 0x2132, 0x0003, 0x0003, 0x0002, 0x2050, 0x182F, 0x100E, 0xA7BF, 0x100E, 0x1850, 0x2090, 0x4316, 0x180F, 0x204F, 0x180E, 0x475F, 0x180E, 0x31D3, 0x204F, 0x204F, 0x204F, 0x180F, 0x5E7D, 0x202F, 0x184F, 0x184F, 0x202F, 0x202F, 0x1028, 0xF81F, 0xF81F, 0xF81F, 0xF81F, 0xF81F,  /* row 28 */
    0xF81F, 0x0022, 0x7C11, 0x9FBF, 0xA7DF, 0xA7DF, 0xAFDF, 0xA7DF, 0x53F0, 0x0024, 0x29F8, 0x2173, 0x1910, 0x0002, 0x0004, 0x2050, 0x182F, 0x7457, 0x180E, 0x204F, 0x206F, 0x28F1, 0x202F, 0x202F, 0x180E, 0x7F7E, 0x180E, 0x28B0, 0x202F, 0x202F, 0x202F, 0x180E, 0x55DB, 0x202F, 0x184F, 0x184F, 0x202F, 0x202F, 0x0828, 0xF81F, 0xF81F, 0xF81F, 0xF81F, 0xF81F,  /* row 29 */
    0xF81F, 0x1906, 0x526B, 0xBFFF, 0xA7DF, 0xA7DF, 0xA7DF, 0xA7DF, 0xB7FF, 0x3ACD, 0x324B, 0x0001, 0x18EF, 0x29D8, 0x0846, 0x0002, 0x182F, 0x202F, 0x202F, 0x202F, 0x202F, 0x202F, 0x202F, 0x202F, 0x180E, 0xBFBF, 0x100E, 0x202F, 0x202F, 0x202F, 0x202F, 0x182F, 0x2931, 0x202F, 0x1830, 0x184F, 0x1049, 0x0000, 0x0001, 0xF81F, 0xF81F, 0xF81F, 0xF81F, 0xF81F,  /* row 30 */
    0xF81F, 0xF81F, 0xF81F, 0x0000, 0x538F, 0xB7FF, 0x53F0, 0x96BB, 0xAFFF, 0xAFFF, 0xA7DF, 0x6D15, 0x0001, 0x0026, 0x29F9, 0x18CC, 0x0002, 0x0827, 0x102A, 0x202F, 0x202F, 0x204F, 0x2030, 0x202F, 0x2030, 0x180F, 0x2030, 0x2030, 0x2030, 0x2030, 0x2050, 0x2030, 0x204F, 0x102C, 0x0004, 0x0003, 0x2849, 0x30C8, 0xF81F, 0xF81F, 0xF81F, 0xF81F, 0xF81F, 0xF81F,  /* row 31 */
    0xF81F, 0xF81F, 0xF81F, 0xF81F, 0x0022, 0x1926, 0x0002, 0x0021, 0x0061, 0x0861, 0xAFDF, 0xA7FF, 0x9F7E, 0x432E, 0x0002, 0x0003, 0x31F8, 0x0847, 0x0003, 0x0003, 0x0003, 0x0003, 0x0003, 0x0003, 0x0003, 0x0003, 0x0003, 0x0003, 0x0003, 0x0003, 0x0003, 0x0003, 0x0003, 0x0002, 0x1827, 0xA197, 0x1923, 0xF81F, 0xF81F, 0xF81F, 0xF81F, 0xF81F, 0xF81F, 0xF81F,  /* row 32 */
    0xF81F, 0xF81F, 0xF81F, 0xF81F, 0xF81F, 0x0001, 0x0001, 0x32F1, 0x32B1, 0x2A0D, 0x0000, 0x10E4, 0xA7FF, 0x9FFF, 0x9FFF, 0x0001, 0x0003, 0x29F8, 0x190F, 0x0004, 0x0004, 0x0003, 0x0004, 0x0004, 0x0004, 0x0004, 0x0004, 0x0868, 0x108A, 0x108A, 0x088A, 0x0004, 0x48CC, 0xEA1F, 0xB1F6, 0x0001, 0xF81F, 0xF81F, 0xF81F, 0xF81F, 0xF81F, 0xF81F, 0xF81F, 0xF81F,  /* row 33 */
    0xF81F, 0xF81F, 0xF81F, 0xF81F, 0xF81F, 0x0000, 0x10E6, 0x10C6, 0x0863, 0x1148, 0x19AA, 0x0000, 0x29E9, 0x0862, 0x5CB3, 0x97FF, 0x332D, 0x0846, 0x2172, 0x0887, 0x0866, 0x0004, 0x0005, 0x0005, 0x0005, 0x0005, 0x0004, 0x0848, 0x0004, 0x0004, 0x0848, 0x1068, 0x9174, 0x386A, 0x0044, 0x0864, 0x0044, 0x2106, 0xF81F, 0xF81F, 0xF81F, 0xF81F, 0xF81F, 0xF81F,  /* row 34 */
    0xF81F, 0xF81F, 0xF81F, 0xF81F, 0x0001, 0x0000, 0x0001, 0x0001, 0x1107, 0x2A70, 0x2A4F, 0x0863, 0x0023, 0x08C8, 0x0024, 0x0883, 0x0863, 0x0003, 0x0003, 0x0022, 0x218D, 0x0002, 0x104D, 0x104B, 0x104B, 0x106B, 0x104B, 0x0025, 0x0827, 0x0827, 0x0003, 0x0827, 0x0002, 0x0044, 0x2A4F, 0x32B1, 0x4393, 0x4BB3, 0x0001, 0xF81F, 0xF81F, 0xF81F, 0xF81F, 0xF81F,  /* row 35 */
    0xF81F, 0xF81F, 0xF81F, 0x1083, 0x0021, 0x64D8, 0x5436, 0x2A90, 0x0021, 0x0000, 0x2A6F, 0x2A4F, 0x2A4F, 0x2A4F, 0x2A91, 0x0847, 0x0001, 0x0002, 0x0002, 0x0002, 0x08A3, 0x28D0, 0x0005, 0x104C, 0x104B, 0x104B, 0x104B, 0x0005, 0x0003, 0x0003, 0x0002, 0x0025, 0x2A4F, 0x0863, 0x196B, 0x0023, 0x322D, 0x5BF6, 0x21A9, 0x0001, 0xF81F, 0xF81F, 0xF81F, 0xF81F,  /* row 36 */
    0xF81F, 0xF81F, 0xF81F, 0x1B4F, 0x5C76, 0x4352, 0x224E, 0x224E, 0x2A6F, 0x1148, 0x0864, 0x21CD, 0x21CD, 0x21AD, 0x21CD, 0x110A, 0x2A90, 0x2A2E, 0x10C6, 0x0000, 0x97FF, 0x0001, 0x106C, 0x104B, 0x104B, 0x104C, 0x0829, 0x0004, 0x1025, 0x0000, 0x7FFF, 0x0000, 0x2A4F, 0x10E7, 0x196B, 0x0023, 0x324D, 0x53D5, 0x6CD9, 0x0863, 0xF81F, 0xF81F, 0xF81F, 0xF81F,  /* row 37 */
    0xF81F, 0xF81F, 0x0000, 0x36FD, 0x377F, 0x218B, 0x220D, 0x222D, 0x222E, 0x2A8F, 0x0847, 0x0867, 0x0846, 0x21EE, 0x21CD, 0x2A4F, 0x2A4F, 0x2A4F, 0x2A90, 0x0000, 0x8FFF, 0x0001, 0x106D, 0x106C, 0x104C, 0x0829, 0x0003, 0x70D0, 0xF97F, 0x0000, 0x6FFF, 0x0000, 0x2A91, 0x2A50, 0x196B, 0x0023, 0x10A5, 0x42F0, 0x53D5, 0x5BD5, 0x0001, 0x0022, 0xF81F, 0xF81F,  /* row 38 */
    0xF81F, 0xF81F, 0x18E5, 0x0000, 0x2E5C, 0x367C, 0x3EFD, 0x4517, 0x19CB, 0x0866, 0x0867, 0x0867, 0x0846, 0x2A4F, 0x2A50, 0x21CC, 0x2332, 0x2312, 0x2B53, 0x0000, 0x97FF, 0x0000, 0x0002, 0x0043, 0x0002, 0x408A, 0x60CE, 0xA0D5, 0xF17E, 0x0000, 0x6FFF, 0x0000, 0x2A70, 0x2A4F, 0x1929, 0x10EA, 0x0886, 0x4B11, 0x5394, 0x5C16, 0x0001, 0x0022, 0xF81F, 0xF81F,  /* row 39 */
    0xF81F, 0x18E5, 0x0863, 0x08A5, 0x08A4, 0x1125, 0x1B8F, 0x1B4E, 0x0001, 0x0846, 0x0847, 0x0867, 0x0846, 0x2A50, 0x2A70, 0x0884, 0x3535, 0x2CF4, 0x2D15, 0x0000, 0x9FFF, 0x0000, 0x0002, 0x76BB, 0x0000, 0xF97F, 0x68CE, 0x98D5, 0xF95E, 0x0000, 0x6FFF, 0x0000, 0x21AC, 0x198B, 0x10C7, 0x10C9, 0x0886, 0x0000, 0x4473, 0x3B10, 0x0866, 0x0021, 0xF81F, 0xF81F,  /* row 40 */
    0xF81F, 0x0001, 0x3B11, 0x224E, 0x0043, 0xA442, 0x8BC3, 0x0001, 0x0846, 0x0867, 0x0847, 0x0847, 0x0846, 0x2A70, 0x2A4F, 0x2A4F, 0x1107, 0x1127, 0x1107, 0x0000, 0x9FFF, 0x0000, 0x0002, 0x767A, 0x0000, 0xF95F, 0x68EF, 0x98D4, 0xF17E, 0x0000, 0x77FF, 0x0000, 0x1128, 0x1128, 0x10C7, 0x0886, 0x196E, 0x10C9, 0x0023, 0x328D, 0x4B73, 0x0863, 0x2105, 0xF81F,  /* row 41 */
    0x39EA, 0x196A, 0x3B12, 0x1989, 0x0001, 0x2902, 0x20E2, 0x0001, 0x0847, 0x0847, 0x0847, 0x0847, 0x0846, 0x2A4F, 0x2A4F, 0x2A4F, 0x2A4F, 0x2A4F, 0x2A4F, 0x0002, 0x9FFF, 0x0001, 0x0002, 0x767A, 0x0000, 0xF95F, 0x68CF, 0x90B3, 0xF17E, 0x0000, 0x77DF, 0x0000, 0x2A70, 0x2A4F, 0x198C, 0x0024, 0x10CA, 0x08A9, 0x0023, 0x2A4D, 0x3AF1, 0x5C77, 0x0022, 0x2105,  /* row 42 */
    0x0884, 0x2A91, 0x21AB, 0x0842, 0x0866, 0x1087, 0x0842, 0x1088, 0x0887, 0x0887, 0x0887, 0x0887, 0x0867, 0x1928, 0x1928, 0x1948, 0x1928, 0x1928, 0x1928, 0x0022, 0x434F, 0x0022, 0x0023, 0x322B, 0x0022, 0x58AD, 0x2087, 0x308A, 0x50CD, 0x0022, 0x32CD, 0x0021, 0x10E7, 0x10E6, 0x0885, 0x0023, 0x0866, 0x0866, 0x0023, 0x10E6, 0x1128, 0x21EB, 0x0023, 0x1063,  /* row 43 */
};
static const Sprite NB_SPRITE_HUNGRY_1 = {
    44, 44, 0xF81F, nb_hungry_1_px
};

static const uint16_t nb_hungry_2_px[] = {
    0xF81F, 0xF81F, 0xF81F, 0xF81F, 0xF81F, 0xF81F, 0xF81F, 0xF81F, 0xF81F, 0xF81F, 0xF81F, 0xF81F, 0xF81F, 0xF81F, 0xF81F, 0xF81F, 0xF81F, 0xF81F, 0xF81F, 0x31A9, 0x31C9, 0x31A9, 0x31C9, 0x31C9, 0x31C9, 0x31C9, 0x31A9, 0x31A9, 0x31A9, 0x0003, 0xF81F, 0xF81F, 0xF81F, 0xF81F, 0xF81F, 0xF81F, 0xF81F, 0xF81F, 0xF81F, 0xF81F, 0xF81F, 0xF81F, 0xF81F, 0xF81F,  /* row 0  */
    0xF81F, 0xF81F, 0xF81F, 0xF81F, 0xF81F, 0xF81F, 0xF81F, 0xF81F, 0xF81F, 0xF81F, 0x0842, 0x0002, 0x0002, 0x0844, 0x29F2, 0x21F1, 0x5556, 0x9D35, 0xB618, 0xE7DF, 0xAEDE, 0xAEBE, 0xAEBE, 0xEFFF, 0xEFFF, 0xEFFF, 0xEFFF, 0xEFFF, 0xF7FF, 0x6454, 0x3B52, 0x21B0, 0x8CD4, 0x4B92, 0x0002, 0x0002, 0x0844, 0xF81F, 0xF81F, 0xF81F, 0xF81F, 0xF81F, 0xF81F, 0xF81F,  /* row 1  */
    0xF81F, 0xF81F, 0xF81F, 0xF81F, 0xF81F, 0xF81F, 0xF81F, 0xF81F, 0x0863, 0x0001, 0x2172, 0x9E9C, 0xDF5D, 0xDF7D, 0xFFFF, 0xD75F, 0x967E, 0x85FE, 0x753D, 0x6CBC, 0xAE9E, 0xF7FF, 0xEFFF, 0xEFFF, 0xEFFF, 0xEFFF, 0xEFFF, 0xEFFF, 0xEFFF, 0xEFFF, 0xA6DE, 0xF7FF, 0xA67D, 0x779E, 0xE7FF, 0xB7FF, 0x1905, 0x0003, 0xF81F, 0xF81F, 0xF81F, 0xF81F, 0xF81F, 0xF81F,  /* row 2  */
    0xF81F, 0xF81F, 0xF81F, 0xF81F, 0xF81F, 0xF81F, 0xF81F, 0x2146, 0x8E19, 0xD75E, 0xEFFF, 0xE7FF, 0xE7DF, 0xDF7E, 0x857D, 0xCF7F, 0x9E7E, 0x6C7B, 0x433A, 0xDF5E, 0xEFFF, 0xEFFF, 0xEFFF, 0xEFFF, 0xEFFF, 0xEFFF, 0xEFFF, 0xEFFF, 0xEFFF, 0xEFFF, 0x9EDE, 0xEFBF, 0x5BBA, 0xF7FF, 0xE7FF, 0xEFFF, 0xF7FF, 0x7C32, 0x0825, 0xF81F, 0xF81F, 0xF81F, 0xF81F, 0xF81F,  /* row 3  */
    0xF81F, 0xF81F, 0xF81F, 0xF81F, 0xF81F, 0xF81F, 0x0023, 0x4B91, 0xB7BF, 0xE7FF, 0xEFFF, 0xEFFF, 0xEFFF, 0xDF9F, 0x855E, 0xEFFF, 0xA67D, 0x5BDA, 0x431A, 0xA7FF, 0xB7BF, 0xEFFF, 0xEFFF, 0xEFFF, 0xEFFF, 0xEFFF, 0xEFFF, 0xEFFF, 0xEFFF, 0xEFFF, 0xF7FF, 0x96FE, 0x6C7B, 0x95DC, 0xEFFF, 0xEFFF, 0xEFFF, 0xDEDB, 0x632D, 0xF81F, 0xF81F, 0xF81F, 0xF81F, 0xF81F,  /* row 4  */
    0xF81F, 0xF81F, 0xF81F, 0xF81F, 0x0001, 0xA7DF, 0xF7FF, 0xAFBE, 0xD7FF, 0xEFFF, 0xEFFF, 0xEFFF, 0xEFFF, 0xE7DF, 0xC71F, 0xE7DF, 0x9E3D, 0x955C, 0xEFFF, 0xEFFF, 0xEFFF, 0xEFFF, 0xEFFF, 0xEFFF, 0xEFFF, 0xEFFF, 0xEFFF, 0xEFFF, 0xEFFF, 0xEFFF, 0xEFFF, 0xEFFF, 0xD75F, 0x95BD, 0xEFFF, 0xE7FF, 0xCFFF, 0x6F9F, 0xF7DF, 0x10A3, 0xF81F, 0xF81F, 0xF81F, 0xF81F,  /* row 5  */
    0xF81F, 0xF81F, 0xF81F, 0x0005, 0xB7DF, 0x9FDF, 0xEFFF, 0xE7FF, 0xEFFF, 0xEFFF, 0xEFFF, 0xEFFF, 0xAFBF, 0xA7BF, 0xEFFF, 0xE79F, 0x535A, 0x8D1B, 0xE7FF, 0xEFFF, 0xEFFF, 0xEFFF, 0xEFFF, 0xEFFF, 0xEFFF, 0xEFFF, 0xEFFF, 0xEFFF, 0xEFFF, 0xEFFF, 0xEFFF, 0xEFFF, 0xCF3E, 0x7CFD, 0xBEDE, 0xE7FF, 0xCFDF, 0x67BF, 0xF7FF, 0x5F7E, 0x0022, 0xF81F, 0xF81F, 0xF81F,  /* row 6  */
    0xF81F, 0xF81F, 0xF81F, 0x0001, 0xAFFF, 0xA7DF, 0xEFFF, 0xEFFF, 0xEFFF, 0xEFFF, 0xEFFF, 0xEFFF, 0xEFFF, 0xEFFF, 0xE7FF, 0xE79F, 0x4B39, 0xC77F, 0xEFFF, 0xEFFF, 0xEFFF, 0xEFFF, 0xEFFF, 0xEFFF, 0xEFFF, 0xEFFF, 0xEFFF, 0xEFFF, 0xEFFF, 0xEFFF, 0xF7FF, 0xF7FF, 0xEFFF, 0xD75F, 0xB69E, 0xEFFF, 0xEFFF, 0xF7FF, 0xC7DF, 0x77FF, 0x0022, 0xF81F, 0xF81F, 0xF81F,  /* row 7  */
    0xF81F, 0xF81F, 0xF81F, 0x0001, 0xAFFF, 0xA7DF, 0xEFFF, 0xEFFF, 0xEFFF, 0xEFFF, 0xF7FF, 0xA7BF, 0x9FBF, 0x9FBF, 0xF7FF, 0xEFBF, 0x4B39, 0xA6FF, 0x9EBF, 0x9EBF, 0x9EBF, 0x9E9F, 0x9E9F, 0x9E9F, 0x9E9F, 0x9E9F, 0x9E9F, 0x9E9F, 0x9E9F, 0x9E9F, 0x9E9F, 0x9E9F, 0xAEFF, 0xDF7F, 0xBE9E, 0xEFFF, 0xCFFF, 0x477F, 0xFFFF, 0xEFFF, 0x0842, 0xF81F, 0xF81F, 0xF81F,  /* row 8  */
    0xF81F, 0xF81F, 0xF81F, 0x0001, 0xAFFF, 0xA7DF, 0xEFFF, 0xEFFF, 0xEFFF, 0xEFFF, 0xAFBE, 0xEFFF, 0xF7FF, 0xEFFF, 0xAF5F, 0x7D1E, 0x42DA, 0x10A3, 0x10A3, 0x10A4, 0x10A4, 0x10A4, 0x10A4, 0x10A4, 0x10A4, 0x10A4, 0x10A4, 0x10A4, 0x10A4, 0x10A4, 0x10A5, 0x10A5, 0x10C5, 0x31CA, 0x95FF, 0x8DDF, 0x767F, 0x57DF, 0x67BF, 0xFFFF, 0x0801, 0x0023, 0xF81F, 0xF81F,  /* row 9  */
    0xF81F, 0xF81F, 0xF81F, 0x0001, 0xAFFF, 0xA7DF, 0xEFFF, 0xEFFF, 0xEFFF, 0xEFFF, 0xF7FF, 0x973F, 0x5458, 0x6459, 0x18B1, 0x0001, 0x0003, 0x10A5, 0x4A5C, 0x4A3B, 0x4A3A, 0x4A3A, 0x4A3A, 0x4A3A, 0x4A5B, 0x4A5B, 0x4A5B, 0x525B, 0x527B, 0x527B, 0x527B, 0x527B, 0x527B, 0x4A5B, 0x294D, 0x18C5, 0x18A4, 0x0004, 0x1147, 0x367B, 0x56FD, 0x0001, 0xF81F, 0xF81F,  /* row 10 */
    0xF81F, 0xF81F, 0xF81F, 0x0001, 0xAFFF, 0xA7DF, 0xEFFF, 0xEFFF, 0xEFFF, 0xEFFF, 0xBF3F, 0x18EC, 0x0004, 0x0004, 0x100B, 0x2050, 0x2050, 0x4193, 0x3952, 0x3951, 0x3951, 0x3131, 0x3131, 0x3131, 0x3111, 0x3111, 0x3111, 0x3111, 0x2910, 0x28F0, 0x28F0, 0x28F1, 0x28F1, 0x28F0, 0x28F0, 0x83F7, 0xE71F, 0xD69E, 0x298F, 0x0002, 0x10AB, 0x0002, 0xF81F, 0xF81F,  /* row 11 */
    0xF81F, 0xF81F, 0xF81F, 0x0001, 0xAFFF, 0xA7DF, 0xEFFF, 0xEFFF, 0xF7FF, 0xBE19, 0x0006, 0x0829, 0x0004, 0x0005, 0x202F, 0x202F, 0x202F, 0x204F, 0x204F, 0x204F, 0x204F, 0x204F, 0x204F, 0x204F, 0x204F, 0x204F, 0x204F, 0x204F, 0x204F, 0x204F, 0x204F, 0x204F, 0x204F, 0x204F, 0x204F, 0x180F, 0x080E, 0x7377, 0xD6FF, 0x0002, 0x2977, 0x0001, 0xF81F, 0xF81F,  /* row 12 */
    0xF81F, 0xF81F, 0xF81F, 0x0001, 0xAFFF, 0xA7DF, 0xEFFF, 0xEFFF, 0x7C31, 0x0007, 0x0828, 0x0829, 0x0004, 0x0004, 0x202F, 0x202F, 0x202F, 0x202F, 0x202F, 0x202F, 0x202F, 0x202F, 0x202F, 0x202F, 0x202F, 0x202F, 0x202F, 0x202F, 0x202F, 0x202F, 0x202F, 0x202F, 0x202F, 0x202F, 0x202F, 0x202F, 0x202F, 0x28D0, 0xCEBF, 0x4A78, 0x0001, 0x0022, 0xF81F, 0xF81F,  /* row 13 */
    0xF81F, 0xF81F, 0xF81F, 0x0001, 0xB7FF, 0xA7FF, 0xF7FF, 0xEFFF, 0x8472, 0x0828, 0x0828, 0x0006, 0x0002, 0x2050, 0x182F, 0x200F, 0x200F, 0x200F, 0x202F, 0x202F, 0x202F, 0x202F, 0x202F, 0x202F, 0x202F, 0x202F, 0x202F, 0x202F, 0x202F, 0x202F, 0x202F, 0x200F, 0x200F, 0x200F, 0x202F, 0x202F, 0x202F, 0x28B0, 0xCE9F, 0x5B3B, 0x0001, 0x0022, 0xF81F, 0xF81F,  /* row 14 */
    0xF81F, 0xF81F, 0xF81F, 0x0002, 0x0024, 0x0003, 0x4A4B, 0xEFFF, 0x8472, 0x0828, 0x0828, 0x0004, 0x184F, 0x182F, 0x202F, 0x13AF, 0x07EF, 0x07EE, 0x200F, 0x202F, 0x202F, 0x202F, 0x202F, 0x202F, 0x202F, 0x202F, 0x202F, 0x202F, 0x202F, 0x202F, 0x200F, 0x07AA, 0x07CB, 0x0F4B, 0x200F, 0x202F, 0x202F, 0x2030, 0x7BF8, 0xD6DF, 0x39D8, 0x0001, 0xF81F, 0xF81F,  /* row 15 */
    0xF81F, 0x0844, 0x6AE2, 0xACE3, 0x0000, 0x7535, 0x420A, 0xEFDF, 0x8472, 0x0828, 0x0828, 0x0004, 0x182E, 0x182F, 0x202F, 0x136F, 0x076D, 0x07ED, 0x200F, 0x182F, 0x182F, 0x182F, 0x182F, 0x202F, 0x182F, 0x182F, 0x182F, 0x182F, 0x202F, 0x202F, 0x200F, 0x070A, 0x072A, 0x070B, 0x200F, 0x202F, 0x202F, 0x202F, 0x3992, 0xCEDF, 0x31B8, 0x0021, 0xF81F, 0xF81F,  /* row 16 */
    0xF81F, 0x0844, 0x9C61, 0xFF41, 0x0000, 0x64B4, 0x4209, 0xEFDF, 0x8472, 0x0828, 0x0828, 0x0004, 0x182E, 0x182F, 0x182F, 0x134E, 0x074C, 0x07ED, 0x200F, 0x202F, 0x202F, 0x202F, 0x202F, 0x202F, 0x202F, 0x202F, 0x202F, 0x202F, 0x202F, 0x202F, 0x200F, 0x06EA, 0x070A, 0x06CA, 0x200F, 0x202F, 0x182F, 0x202F, 0x100E, 0xD6FF, 0x31B7, 0x0001, 0xF81F, 0xF81F,  /* row 17 */
    0xF81F, 0x0844, 0x9C81, 0xFF61, 0x0001, 0x6CD3, 0x4209, 0xEFDF, 0x8472, 0x0828, 0x0828, 0x0004, 0x182E, 0x182F, 0x182F, 0x138E, 0x07CC, 0x07EB, 0x200F, 0x202F, 0x202F, 0x202F, 0x202F, 0x202F, 0x202F, 0x202F, 0x202F, 0x202F, 0x202F, 0x202F, 0x200F, 0x07A9, 0x0788, 0x0769, 0x200F, 0x202F, 0x182F, 0x182F, 0x100E, 0xD6FF, 0x31B7, 0x0001, 0xF81F, 0xF81F,  /* row 18 */
    0xF81F, 0x0843, 0xACE1, 0xFFE0, 0x0001, 0x3135, 0x3A09, 0xEFDF, 0x8472, 0x0828, 0x0828, 0x0004, 0x182E, 0x182F, 0x182F, 0x200F, 0x200F, 0x200F, 0x182F, 0x202F, 0x202F, 0x202F, 0x202F, 0x202F, 0x202F, 0x202F, 0x202F, 0x202F, 0x202F, 0x202F, 0x202F, 0x200F, 0x200F, 0x200F, 0x202F, 0x202F, 0x202F, 0x202F, 0x100E, 0xD6FF, 0x31D8, 0x0001, 0xF81F, 0xF81F,  /* row 19 */
    0xF81F, 0xF81F, 0x0004, 0x0003, 0x0004, 0x0002, 0x3A09, 0xE7DF, 0x8472, 0x0828, 0x0828, 0x0004, 0x182E, 0x182F, 0x202F, 0x202F, 0x202F, 0x202F, 0x202F, 0x202F, 0x202F, 0x202F, 0x202F, 0x202F, 0x202F, 0x202F, 0x202F, 0x202F, 0x202F, 0x202F, 0x202F, 0x202F, 0x202F, 0x202F, 0x202F, 0x202F, 0x202F, 0x202F, 0x100E, 0xD6FF, 0x39D8, 0x0001, 0xF81F, 0xF81F,  /* row 20 */
    0xF81F, 0xF81F, 0xF81F, 0x0002, 0x3A6A, 0xAFFF, 0xF7FF, 0xE7FF, 0x8472, 0x0828, 0x0828, 0x0004, 0x182E, 0x182F, 0x202F, 0x202F, 0x202F, 0x202F, 0x202F, 0x202F, 0x202F, 0x202F, 0x202F, 0x202F, 0x202F, 0x202F, 0x202F, 0x202F, 0x202F, 0x202F, 0x202F, 0x202F, 0x202F, 0x202F, 0x202F, 0x202F, 0x202F, 0x202F, 0x100E, 0xD6FF, 0x39D8, 0x0001, 0xF81F, 0xF81F,  /* row 21 */
    0xF81F, 0xF81F, 0xF81F, 0x0001, 0xAFFF, 0xA7DF, 0xEFFF, 0xEFFF, 0x8C72, 0x0828, 0x0828, 0x0004, 0x182E, 0x182F, 0x202F, 0x182F, 0x202F, 0x202F, 0x202F, 0x202F, 0x202F, 0x202F, 0x202F, 0x202F, 0x202F, 0x202F, 0x202F, 0x202F, 0x202F, 0x202F, 0x202F, 0x202F, 0x202F, 0x202F, 0x202F, 0x202F, 0x202F, 0x202F, 0x100E, 0xD6FF, 0x212E, 0x0002, 0xF81F, 0xF81F,  /* row 22 */
    0xF81F, 0xF81F, 0xF81F, 0x0001, 0xAFFF, 0xA7DF, 0xEFFF, 0xE7FF, 0x8492, 0x0828, 0x0828, 0x0004, 0x182E, 0x182F, 0x202F, 0x182F, 0x182F, 0x182F, 0x182F, 0x182F, 0x202F, 0x202F, 0x202F, 0x202F, 0x202F, 0x202F, 0x202F, 0x202F, 0x202F, 0x202F, 0x202F, 0x202F, 0x202F, 0x202F, 0x202F, 0x202F, 0x202F, 0x202F, 0x100E, 0xE77F, 0x0843, 0x0002, 0xF81F, 0xF81F,  /* row 23 */
    0xF81F, 0xF81F, 0xF81F, 0x0022, 0xAFFF, 0xA7DF, 0xEFFF, 0xE7FF, 0x8492, 0x0828, 0x0828, 0x0004, 0x182E, 0x182F, 0x202F, 0x182F, 0x182F, 0x182F, 0x1010, 0x1010, 0x1810, 0x1810, 0x202F, 0x182F, 0x182F, 0x182F, 0x182F, 0x182F, 0x182F, 0x1810, 0x1810, 0x1810, 0x1810, 0x202F, 0x202F, 0x202F, 0x202F, 0x202F, 0x41D3, 0x4A9A, 0x0002, 0x0002, 0xF81F, 0xF81F,  /* row 24 */
    0xF81F, 0xF81F, 0x1083, 0x4B8F, 0xAFFF, 0xA7DF, 0xEFFF, 0xE7FF, 0x8C93, 0x0828, 0x0829, 0x0004, 0x102A, 0x182E, 0x202F, 0x1810, 0x1810, 0x1011, 0x87E0, 0x7FE0, 0x7FE0, 0x87E0, 0x1810, 0x202F, 0x202F, 0x202F, 0x202F, 0x204F, 0x208E, 0x7FE0, 0x77E0, 0x77E0, 0x54C6, 0x180F, 0x180F, 0x1810, 0x202F, 0x2050, 0x7378, 0x52DA, 0x0002, 0x0002, 0xF81F, 0xF81F,  /* row 25 */
    0xF81F, 0x0842, 0x7C32, 0x9F9E, 0xA7DF, 0xA7DF, 0xEFFF, 0xE7FF, 0x8493, 0x0828, 0x0829, 0x0005, 0x0003, 0x184E, 0x202F, 0x5CE5, 0x87E0, 0x7FE0, 0x7FE0, 0x7FE0, 0x7FE0, 0x7FE0, 0x54C6, 0x5D06, 0x5D05, 0x5505, 0x5506, 0x5506, 0x5526, 0x77E0, 0x77E0, 0x77E0, 0x77E0, 0x7FE0, 0x7FE0, 0x5526, 0x204F, 0x202F, 0x643A, 0x52DB, 0x0002, 0x1083, 0xF81F, 0xF81F,  /* row 26 */
    0xF81F, 0x0842, 0x7C11, 0x9FBF, 0xA7DF, 0xA7DF, 0xEFFF, 0xE7FF, 0x8472, 0x0828, 0x0829, 0x0004, 0x0003, 0x184E, 0x202F, 0x184F, 0x208F, 0x20AF, 0x208E, 0x20AE, 0x296D, 0x87E0, 0x77E0, 0x77E0, 0x7FE0, 0x77E0, 0x77E0, 0x7FE0, 0x77E0, 0x7FE0, 0x7FE0, 0x7FE0, 0x87E0, 0x20CE, 0x184F, 0x1830, 0x202F, 0x202F, 0x3175, 0x0847, 0x0863, 0xF81F, 0xF81F, 0xF81F,  /* row 27 */
    0xF81F, 0x0022, 0x7C11, 0x9FBF, 0xA7DF, 0xA7DF, 0xF7FF, 0xB7DF, 0x6411, 0x1911, 0x2132, 0x0003, 0x0003, 0x0002, 0x2050, 0x182F, 0x182F, 0x182F, 0x182F, 0x182F, 0x182F, 0x1810, 0x1810, 0x1810, 0x1810, 0x1810, 0x1810, 0x1810, 0x1810, 0x1810, 0x1810, 0x1810, 0x1810, 0x202F, 0x184F, 0x184F, 0x202F, 0x202F, 0x1028, 0xF81F, 0xF81F, 0xF81F, 0xF81F, 0xF81F,  /* row 28 */
    0xF81F, 0x0022, 0x7C11, 0x9FBF, 0xA7DF, 0xA7DF, 0xAFDF, 0xA7DF, 0x53F0, 0x0024, 0x29F8, 0x2173, 0x1910, 0x0002, 0x0004, 0x2050, 0x202F, 0x202F, 0x202F, 0x202F, 0x202F, 0x202F, 0x202F, 0x202F, 0x202F, 0x202F, 0x202F, 0x202F, 0x202F, 0x202F, 0x202F, 0x202F, 0x202F, 0x202F, 0x184F, 0x184F, 0x202F, 0x202F, 0x0828, 0xF81F, 0xF81F, 0xF81F, 0xF81F, 0xF81F,  /* row 29 */
    0xF81F, 0x1906, 0x526B, 0xBFFF, 0xA7DF, 0xA7DF, 0xA7DF, 0xA7DF, 0xB7FF, 0x3ACD, 0x324B, 0x0001, 0x18EF, 0x29D8, 0x0846, 0x0002, 0x182F, 0x202F, 0x202F, 0x202F, 0x202F, 0x202F, 0x202F, 0x202F, 0x202F, 0x202F, 0x202F, 0x202F, 0x202F, 0x202F, 0x202F, 0x202F, 0x202F, 0x202F, 0x1830, 0x184F, 0x1049, 0x0000, 0x0001, 0xF81F, 0xF81F, 0xF81F, 0xF81F, 0xF81F,  /* row 30 */
    0xF81F, 0xF81F, 0xF81F, 0x0000, 0x538F, 0xB7FF, 0x53F0, 0x96BB, 0xAFFF, 0xAFFF, 0xA7DF, 0x6D15, 0x0001, 0x0026, 0x29F9, 0x18CC, 0x0002, 0x0827, 0x102A, 0x202F, 0x202F, 0x204F, 0x2030, 0x202F, 0x2030, 0x2030, 0x2030, 0x2030, 0x2030, 0x2030, 0x2050, 0x2030, 0x202F, 0x102C, 0x0004, 0x0003, 0x2849, 0x30C8, 0xF81F, 0xF81F, 0xF81F, 0xF81F, 0xF81F, 0xF81F,  /* row 31 */
    0xF81F, 0xF81F, 0xF81F, 0xF81F, 0x0022, 0x1926, 0x0002, 0x0021, 0x0061, 0x0861, 0xAFDF, 0xA7FF, 0x9F7E, 0x432E, 0x0002, 0x0003, 0x31F8, 0x0847, 0x0003, 0x0003, 0x0003, 0x0003, 0x0003, 0x0003, 0x0003, 0x0003, 0x0003, 0x0003, 0x0003, 0x0003, 0x0003, 0x0003, 0x0003, 0x0002, 0x1827, 0xA197, 0x1923, 0xF81F, 0xF81F, 0xF81F, 0xF81F, 0xF81F, 0xF81F, 0xF81F,  /* row 32 */
    0xF81F, 0xF81F, 0xF81F, 0xF81F, 0xF81F, 0x0001, 0x0001, 0x32F1, 0x32B1, 0x2A0D, 0x0000, 0x10E4, 0xA7FF, 0x9FFF, 0x9FFF, 0x0001, 0x0003, 0x29F8, 0x190F, 0x0004, 0x0004, 0x0003, 0x0004, 0x0004, 0x0004, 0x0004, 0x0004, 0x0868, 0x108A, 0x108A, 0x088A, 0x0004, 0x48CC, 0xEA1F, 0xB1F6, 0x0001, 0xF81F, 0xF81F, 0xF81F, 0xF81F, 0xF81F, 0xF81F, 0xF81F, 0xF81F,  /* row 33 */
    0xF81F, 0xF81F, 0xF81F, 0xF81F, 0xF81F, 0x0000, 0x10E6, 0x10C6, 0x0863, 0x1148, 0x19AA, 0x0000, 0x29E9, 0x0862, 0x5CB3, 0x97FF, 0x332D, 0x0846, 0x2172, 0x0887, 0x0866, 0x0004, 0x0005, 0x0005, 0x0005, 0x0005, 0x0004, 0x0848, 0x0004, 0x0004, 0x0848, 0x1068, 0x9174, 0x386A, 0x0044, 0x0864, 0x0044, 0x2106, 0xF81F, 0xF81F, 0xF81F, 0xF81F, 0xF81F, 0xF81F,  /* row 34 */
    0xF81F, 0xF81F, 0xF81F, 0xF81F, 0x0001, 0x0000, 0x0001, 0x0001, 0x1107, 0x2A70, 0x2A4F, 0x0863, 0x0023, 0x08C8, 0x0024, 0x0883, 0x0863, 0x0003, 0x0003, 0x0022, 0x218D, 0x0002, 0x104D, 0x104B, 0x104B, 0x106B, 0x104B, 0x0025, 0x0827, 0x0827, 0x0003, 0x0827, 0x0002, 0x0044, 0x2A4F, 0x32B1, 0x4393, 0x4BB3, 0x0001, 0xF81F, 0xF81F, 0xF81F, 0xF81F, 0xF81F,  /* row 35 */
    0xF81F, 0xF81F, 0xF81F, 0x1083, 0x0021, 0x64D8, 0x5436, 0x2A90, 0x0021, 0x0000, 0x2A6F, 0x2A4F, 0x2A4F, 0x2A4F, 0x2A91, 0x0847, 0x0001, 0x0002, 0x0002, 0x0002, 0x08A3, 0x28D0, 0x0005, 0x104C, 0x104B, 0x104B, 0x104B, 0x0005, 0x0003, 0x0003, 0x0002, 0x0025, 0x2A4F, 0x0863, 0x196B, 0x0023, 0x322D, 0x5BF6, 0x21A9, 0x0001, 0xF81F, 0xF81F, 0xF81F, 0xF81F,  /* row 36 */
    0xF81F, 0xF81F, 0xF81F, 0x1B4F, 0x5C76, 0x4352, 0x224E, 0x224E, 0x2A6F, 0x1148, 0x0864, 0x21CD, 0x21CD, 0x21AD, 0x21CD, 0x110A, 0x2A90, 0x2A2E, 0x10C6, 0x0000, 0x97FF, 0x0001, 0x106C, 0x104B, 0x104B, 0x104C, 0x0829, 0x0004, 0x1025, 0x0000, 0x7FFF, 0x0000, 0x2A4F, 0x10E7, 0x196B, 0x0023, 0x324D, 0x53D5, 0x6CD9, 0x0863, 0xF81F, 0xF81F, 0xF81F, 0xF81F,  /* row 37 */
    0xF81F, 0xF81F, 0x0000, 0x36FD, 0x377F, 0x218B, 0x220D, 0x222D, 0x222E, 0x2A8F, 0x0847, 0x0867, 0x0846, 0x21EE, 0x21CD, 0x2A4F, 0x2A4F, 0x2A4F, 0x2A90, 0x0000, 0x8FFF, 0x0001, 0x106D, 0x106C, 0x104C, 0x0829, 0x0003, 0x70D0, 0xF97F, 0x0000, 0x6FFF, 0x0000, 0x2A91, 0x2A50, 0x196B, 0x0023, 0x10A5, 0x42F0, 0x53D5, 0x5BD5, 0x0001, 0x0022, 0xF81F, 0xF81F,  /* row 38 */
    0xF81F, 0xF81F, 0x18E5, 0x0000, 0x2E5C, 0x367C, 0x3EFD, 0x4517, 0x19CB, 0x0866, 0x0867, 0x0867, 0x0846, 0x2A4F, 0x2A50, 0x21CC, 0x2332, 0x2312, 0x2B53, 0x0000, 0x97FF, 0x0000, 0x0002, 0x0043, 0x0002, 0x408A, 0x60CE, 0xA0D5, 0xF17E, 0x0000, 0x6FFF, 0x0000, 0x2A70, 0x2A4F, 0x1929, 0x10EA, 0x0886, 0x4B11, 0x5394, 0x5C16, 0x0001, 0x0022, 0xF81F, 0xF81F,  /* row 39 */
    0xF81F, 0x18E5, 0x0863, 0x08A5, 0x08A4, 0x1125, 0x1B8F, 0x1B4E, 0x0001, 0x0846, 0x0847, 0x0867, 0x0846, 0x2A50, 0x2A70, 0x0884, 0x3535, 0x2CF4, 0x2D15, 0x0000, 0x9FFF, 0x0000, 0x0002, 0x76BB, 0x0000, 0xF97F, 0x68CE, 0x98D5, 0xF95E, 0x0000, 0x6FFF, 0x0000, 0x21AC, 0x198B, 0x10C7, 0x10C9, 0x0886, 0x0000, 0x4473, 0x3B10, 0x0866, 0x0021, 0xF81F, 0xF81F,  /* row 40 */
    0xF81F, 0x0001, 0x3B11, 0x224E, 0x0043, 0xA442, 0x8BC3, 0x0001, 0x0846, 0x0867, 0x0847, 0x0847, 0x0846, 0x2A70, 0x2A4F, 0x2A4F, 0x1107, 0x1127, 0x1107, 0x0000, 0x9FFF, 0x0000, 0x0002, 0x767A, 0x0000, 0xF95F, 0x68EF, 0x98D4, 0xF17E, 0x0000, 0x77FF, 0x0000, 0x1128, 0x1128, 0x10C7, 0x0886, 0x196E, 0x10C9, 0x0023, 0x328D, 0x4B73, 0x0863, 0x2105, 0xF81F,  /* row 41 */
    0x39EA, 0x196A, 0x3B12, 0x1989, 0x0001, 0x2902, 0x20E2, 0x0001, 0x0847, 0x0847, 0x0847, 0x0847, 0x0846, 0x2A4F, 0x2A4F, 0x2A4F, 0x2A4F, 0x2A4F, 0x2A4F, 0x0002, 0x9FFF, 0x0001, 0x0002, 0x767A, 0x0000, 0xF95F, 0x68CF, 0x90B3, 0xF17E, 0x0000, 0x77DF, 0x0000, 0x2A70, 0x2A4F, 0x198C, 0x0024, 0x10CA, 0x08A9, 0x0023, 0x2A4D, 0x3AF1, 0x5C77, 0x0022, 0x2105,  /* row 42 */
    0x0884, 0x2A91, 0x21AB, 0x0842, 0x0866, 0x1087, 0x0842, 0x1088, 0x0887, 0x0887, 0x0887, 0x0887, 0x0867, 0x1928, 0x1928, 0x1948, 0x1928, 0x1928, 0x1928, 0x0022, 0x434F, 0x0022, 0x0023, 0x322B, 0x0022, 0x58AD, 0x2087, 0x308A, 0x50CD, 0x0022, 0x32CD, 0x0021, 0x10E7, 0x10E6, 0x0885, 0x0023, 0x0866, 0x0866, 0x0023, 0x10E7, 0x1128, 0x21EB, 0x0023, 0x1083,  /* row 43 */
};
static const Sprite NB_SPRITE_HUNGRY_2 = {
    44, 44, 0xF81F, nb_hungry_2_px
};

static const uint16_t nb_hungry_3_px[] = {
    0xF81F, 0xF81F, 0xF81F, 0xF81F, 0xF81F, 0xF81F, 0xF81F, 0xF81F, 0xF81F, 0xF81F, 0xF81F, 0xF81F, 0xF81F, 0xF81F, 0xF81F, 0xF81F, 0xF81F, 0xF81F, 0xF81F, 0x31A9, 0x31C9, 0x31A9, 0x31C9, 0x31C9, 0x31C9, 0x31C9, 0x31A9, 0x31A9, 0x31A9, 0x0003, 0xF81F, 0xF81F, 0xF81F, 0xF81F, 0xF81F, 0xF81F, 0xF81F, 0xF81F, 0xF81F, 0xF81F, 0xF81F, 0xF81F, 0xF81F, 0xF81F,  /* row 0  */
    0xF81F, 0xF81F, 0xF81F, 0xF81F, 0xF81F, 0xF81F, 0xF81F, 0xF81F, 0xF81F, 0xF81F, 0x0842, 0x0002, 0x0002, 0x0844, 0x29F2, 0x21F1, 0x5556, 0x9D35, 0xB618, 0xE7DF, 0xAEDE, 0xAEBE, 0xAEBE, 0xEFFF, 0xEFFF, 0xEFFF, 0xEFFF, 0xEFFF, 0xF7FF, 0x6454, 0x3B52, 0x21B0, 0x8CD4, 0x4B92, 0x0002, 0x0002, 0x0844, 0xF81F, 0xF81F, 0xF81F, 0xF81F, 0xF81F, 0xF81F, 0xF81F,  /* row 1  */
    0xF81F, 0xF81F, 0xF81F, 0xF81F, 0xF81F, 0xF81F, 0xF81F, 0xF81F, 0x0863, 0x0001, 0x2172, 0x9E9C, 0xDF5D, 0xDF7D, 0xFFFF, 0xD75F, 0x967E, 0x85FE, 0x753D, 0x6CBC, 0xAE9E, 0xF7FF, 0xEFFF, 0xEFFF, 0xEFFF, 0xEFFF, 0xEFFF, 0xEFFF, 0xEFFF, 0xEFFF, 0xA6DE, 0xF7FF, 0xA67D, 0x779E, 0xE7FF, 0xB7FF, 0x1905, 0x0003, 0xF81F, 0xF81F, 0xF81F, 0xF81F, 0xF81F, 0xF81F,  /* row 2  */
    0xF81F, 0xF81F, 0xF81F, 0xF81F, 0xF81F, 0xF81F, 0xF81F, 0x2146, 0x8E19, 0xD75E, 0xEFFF, 0xE7FF, 0xE7DF, 0xDF7E, 0x857D, 0xCF7F, 0x9E7E, 0x6C7B, 0x433A, 0xDF5E, 0xEFFF, 0xEFFF, 0xEFFF, 0xEFFF, 0xEFFF, 0xEFFF, 0xEFFF, 0xEFFF, 0xEFFF, 0xEFFF, 0x9EDE, 0xEFBF, 0x5BBA, 0xF7FF, 0xE7FF, 0xEFFF, 0xF7FF, 0x7C32, 0x0825, 0xF81F, 0xF81F, 0xF81F, 0xF81F, 0xF81F,  /* row 3  */
    0xF81F, 0xF81F, 0xF81F, 0xF81F, 0xF81F, 0xF81F, 0x0023, 0x4B91, 0xB7BF, 0xE7FF, 0xEFFF, 0xEFFF, 0xEFFF, 0xDF9F, 0x855E, 0xEFFF, 0xA67D, 0x5BDA, 0x431A, 0xA7FF, 0xB7BF, 0xEFFF, 0xEFFF, 0xEFFF, 0xEFFF, 0xEFFF, 0xEFFF, 0xEFFF, 0xEFFF, 0xEFFF, 0xF7FF, 0x96FE, 0x6C7B, 0x95DC, 0xEFFF, 0xEFFF, 0xEFFF, 0xDEDB, 0x632D, 0xF81F, 0xF81F, 0xF81F, 0xF81F, 0xF81F,  /* row 4  */
    0xF81F, 0xF81F, 0xF81F, 0xF81F, 0x0001, 0xA7DF, 0xF7FF, 0xAFBE, 0xD7FF, 0xEFFF, 0xEFFF, 0xEFFF, 0xEFFF, 0xE7DF, 0xC71F, 0xE7DF, 0x9E3D, 0x955C, 0xEFFF, 0xEFFF, 0xEFFF, 0xEFFF, 0xEFFF, 0xEFFF, 0xEFFF, 0xEFFF, 0xEFFF, 0xEFFF, 0xEFFF, 0xEFFF, 0xEFFF, 0xEFFF, 0xD75F, 0x95BD, 0xEFFF, 0xE7FF, 0xCFFF, 0x6F9F, 0xF7DF, 0x10A3, 0xF81F, 0xF81F, 0xF81F, 0xF81F,  /* row 5  */
    0xF81F, 0xF81F, 0xF81F, 0x0005, 0xB7DF, 0x9FDF, 0xEFFF, 0xE7FF, 0xEFFF, 0xEFFF, 0xEFFF, 0xEFFF, 0xAFBF, 0xA7BF, 0xEFFF, 0xE79F, 0x535A, 0x8D1B, 0xE7FF, 0xEFFF, 0xEFFF, 0xEFFF, 0xEFFF, 0xEFFF, 0xEFFF, 0xEFFF, 0xEFFF, 0xEFFF, 0xEFFF, 0xEFFF, 0xEFFF, 0xEFFF, 0xCF3E, 0x7CFD, 0xBEDE, 0xE7FF, 0xCFDF, 0x67BF, 0xF7FF, 0x5F7E, 0x0022, 0xF81F, 0xF81F, 0xF81F,  /* row 6  */
    0xF81F, 0xF81F, 0xF81F, 0x0001, 0xAFFF, 0xA7DF, 0xEFFF, 0xEFFF, 0xEFFF, 0xEFFF, 0xEFFF, 0xEFFF, 0xEFFF, 0xEFFF, 0xE7FF, 0xE79F, 0x4B39, 0xC77F, 0xEFFF, 0xEFFF, 0xEFFF, 0xEFFF, 0xEFFF, 0xEFFF, 0xEFFF, 0xEFFF, 0xEFFF, 0xEFFF, 0xEFFF, 0xEFFF, 0xF7FF, 0xF7FF, 0xEFFF, 0xD75F, 0xB69E, 0xEFFF, 0xEFFF, 0xF7FF, 0xC7DF, 0x77FF, 0x0022, 0xF81F, 0xF81F, 0xF81F,  /* row 7  */
    0xF81F, 0xF81F, 0xF81F, 0x0001, 0xAFFF, 0xA7DF, 0xEFFF, 0xEFFF, 0xEFFF, 0xEFFF, 0xF7FF, 0xA7BF, 0x9FBF, 0x9FBF, 0xF7FF, 0xEFBF, 0x4B39, 0xA6FF, 0x9EBF, 0x9EBF, 0x9EBF, 0x9E9F, 0x9E9F, 0x9E9F, 0x9E9F, 0x9E9F, 0x9E9F, 0x9E9F, 0x9E9F, 0x9E9F, 0x9E9F, 0x9E9F, 0xAEFF, 0xDF7F, 0xBE9E, 0xEFFF, 0xCFFF, 0x477F, 0xFFFF, 0xEFFF, 0x0842, 0xF81F, 0xF81F, 0xF81F,  /* row 8  */
    0xF81F, 0xF81F, 0xF81F, 0x0001, 0xAFFF, 0xA7DF, 0xEFFF, 0xEFFF, 0xEFFF, 0xEFFF, 0xAFBE, 0xEFFF, 0xF7FF, 0xEFFF, 0xAF5F, 0x7D1E, 0x42DA, 0x10A3, 0x10A3, 0x10A4, 0x10A4, 0x10A4, 0x10A4, 0x10A4, 0x10A4, 0x10A4, 0x10A4, 0x10A4, 0x10A4, 0x10A4, 0x10A5, 0x10A5, 0x10C5, 0x31CA, 0x95FF, 0x8DDF, 0x767F, 0x57DF, 0x67BF, 0xFFFF, 0x0801, 0x0023, 0xF81F, 0xF81F,  /* row 9  */
    0xF81F, 0xF81F, 0xF81F, 0x0001, 0xAFFF, 0xA7DF, 0xEFFF, 0xEFFF, 0xEFFF, 0xEFFF, 0xF7FF, 0x973F, 0x5458, 0x6459, 0x18B1, 0x0001, 0x0003, 0x10A5, 0x4A5C, 0x4A3B, 0x4A3A, 0x4A3A, 0x4A3A, 0x4A3A, 0x4A5B, 0x4A5B, 0x4A5B, 0x525B, 0x527B, 0x527B, 0x527B, 0x527B, 0x527B, 0x4A5B, 0x294D, 0x18C5, 0x18A4, 0x0004, 0x1147, 0x367B, 0x56FD, 0x0001, 0xF81F, 0xF81F,  /* row 10 */
    0xF81F, 0xF81F, 0xF81F, 0x0001, 0xAFFF, 0xA7DF, 0xEFFF, 0xEFFF, 0xEFFF, 0xEFFF, 0xBF3F, 0x18EC, 0x0004, 0x0004, 0x100B, 0x2050, 0x2050, 0x4193, 0x3952, 0x3951, 0x3951, 0x3131, 0x3131, 0x3131, 0x3111, 0x3111, 0x3111, 0x3111, 0x2910, 0x28F0, 0x28F0, 0x28F1, 0x28F1, 0x28F0, 0x28F0, 0x83F7, 0xE71F, 0xD69E, 0x298F, 0x0002, 0x10AB, 0x0002, 0xF81F, 0xF81F,  /* row 11 */
    0xF81F, 0xF81F, 0xF81F, 0x0001, 0xAFFF, 0xA7DF, 0xEFFF, 0xEFFF, 0xF7FF, 0xBE19, 0x0006, 0x0829, 0x0004, 0x0005, 0x202F, 0x202F, 0x202F, 0x204F, 0x204F, 0x204F, 0x204F, 0x204F, 0x204F, 0x204F, 0x204F, 0x204F, 0x204F, 0x204F, 0x204F, 0x204F, 0x204F, 0x204F, 0x204F, 0x204F, 0x204F, 0x180F, 0x080E, 0x7377, 0xD6FF, 0x0002, 0x2977, 0x0001, 0xF81F, 0xF81F,  /* row 12 */
    0xF81F, 0xF81F, 0xF81F, 0x0001, 0xAFFF, 0xA7DF, 0xEFFF, 0xEFFF, 0x7C31, 0x0007, 0x0828, 0x0829, 0x0004, 0x0004, 0x202F, 0x202F, 0x102E, 0x182E, 0x202F, 0x202F, 0x202F, 0x202F, 0x202F, 0x202F, 0x202F, 0x202F, 0x202F, 0x202F, 0x202F, 0x202F, 0x202F, 0x202F, 0x202F, 0x202F, 0x2030, 0x3031, 0x2850, 0x28D0, 0xCEBF, 0x4A78, 0x0001, 0x0022, 0xF81F, 0xF81F,  /* row 13 */
    0xF81F, 0xF81F, 0xF81F, 0x0001, 0xB7FF, 0xA7FF, 0xF7FF, 0xEFFF, 0x8472, 0x0828, 0x0828, 0x0006, 0x0002, 0x2050, 0x182F, 0x102E, 0xA83F, 0x885C, 0x5055, 0x182E, 0x182F, 0x182F, 0x202F, 0x202F, 0x202F, 0x202F, 0x202F, 0x202F, 0x202F, 0x202F, 0x202F, 0x202F, 0x202F, 0x5035, 0x5856, 0xA83F, 0x88BB, 0x20B0, 0xCE9F, 0x5B3B, 0x0001, 0x0022, 0xF81F, 0xF81F,  /* row 14 */
    0xF81F, 0xF81F, 0xF81F, 0x0002, 0x0024, 0x0003, 0x4A4B, 0xEFFF, 0x8472, 0x0828, 0x0828, 0x0004, 0x184F, 0x182F, 0x202F, 0x182F, 0x5856, 0x6858, 0xB03F, 0x905D, 0x905C, 0x6877, 0x102E, 0x202F, 0x202F, 0x202F, 0x202F, 0x202F, 0x202F, 0x202F, 0x202F, 0x102E, 0x182E, 0xB83F, 0xB85F, 0x4073, 0x202F, 0x182F, 0x7BF8, 0xD6DF, 0x39D8, 0x0001, 0xF81F, 0xF81F,  /* row 15 */
    0xF81F, 0x0844, 0x6AE2, 0xACE3, 0x0000, 0x7535, 0x420A, 0xEFDF, 0x8472, 0x0828, 0x0828, 0x0004, 0x182E, 0x182F, 0x202F, 0x182E, 0xD81E, 0x202F, 0x3030, 0x5055, 0xA83F, 0xA07F, 0xB85F, 0x182F, 0x202F, 0x182F, 0x182F, 0x182F, 0x202F, 0x202F, 0x182E, 0xB85F, 0xB05F, 0x6838, 0x182E, 0x3831, 0x4832, 0x5834, 0x4192, 0xCEDF, 0x31B8, 0x0021, 0xF81F, 0xF81F,  /* row 16 */
    0xF81F, 0x0844, 0x9C61, 0xFF41, 0x0000, 0x64B4, 0x4209, 0xEFDF, 0x8472, 0x0828, 0x0828, 0x0004, 0x182E, 0x182F, 0x182F, 0x182E, 0xC81C, 0xF01F, 0xF01F, 0xB01B, 0xA019, 0x8058, 0x5856, 0x182E, 0x202F, 0x202F, 0x202F, 0x202F, 0x202F, 0x202F, 0x182F, 0x5035, 0x2851, 0xA81A, 0xA81A, 0xF01F, 0xF81E, 0x5034, 0x180F, 0xD6FF, 0x31B7, 0x0001, 0xF81F, 0xF81F,  /* row 17 */
    0xF81F, 0x0844, 0x9C81, 0xFF61, 0x0001, 0x6CD3, 0x4209, 0xEFDF, 0x8472, 0x0828, 0x0828, 0x0004, 0x182E, 0x182F, 0x182F, 0x202F, 0x002D, 0xF81E, 0xE81F, 0xE81F, 0xE81F, 0xF01F, 0xF81E, 0x8837, 0x202F, 0x202F, 0x202F, 0x202F, 0x202F, 0x202F, 0x102E, 0xF81E, 0xF01F, 0xE81F, 0xE81F, 0xE81F, 0x9839, 0x182F, 0x100E, 0xD6FF, 0x31B7, 0x0001, 0xF81F, 0xF81F,  /* row 18 */
    0xF81F, 0x0843, 0xACE1, 0xFFE0, 0x0001, 0x3135, 0x3A09, 0xEFDF, 0x8472, 0x0828, 0x0828, 0x0004, 0x182E, 0x182F, 0x182F, 0x202F, 0x102E, 0xF81E, 0xE81F, 0xE81F, 0xE81F, 0xE81F, 0xE81F, 0x8037, 0x202F, 0x202F, 0x202F, 0x202F, 0x202F, 0x202F, 0x102E, 0xF81E, 0xE81F, 0xE81F, 0xE81F, 0xE81F, 0xA019, 0x202F, 0x100E, 0xD6FF, 0x31D8, 0x0001, 0xF81F, 0xF81F,  /* row 19 */
    0xF81F, 0xF81F, 0x0004, 0x0003, 0x0004, 0x0002, 0x3A09, 0xE7DF, 0x8472, 0x0828, 0x0828, 0x0004, 0x182E, 0x182F, 0x202F, 0x202F, 0x182F, 0x4833, 0xF81E, 0xF81E, 0xF81E, 0xF81E, 0xF81E, 0x8838, 0x202F, 0x202F, 0x202F, 0x202F, 0x202F, 0x202F, 0x102E, 0xF81E, 0xF81E, 0xF81E, 0xF81E, 0xF81E, 0x2030, 0x202F, 0x100E, 0xD6FF, 0x39D8, 0x0001, 0xF81F, 0xF81F,  /* row 20 */
    0xF81F, 0xF81F, 0xF81F, 0x0002, 0x3A6A, 0xAFFF, 0xF7FF, 0xE7FF, 0x8472, 0x0828, 0x0828, 0x0004, 0x182E, 0x182F, 0x202F, 0x202F, 0x202F, 0x202F, 0x102E, 0x102E, 0x102E, 0x102E, 0x102E, 0x182E, 0x202F, 0x202F, 0x202F, 0x202F, 0x202F, 0x202F, 0x202F, 0x082E, 0x102E, 0x102E, 0x102E, 0x102E, 0x202F, 0x202F, 0x100E, 0xD6FF, 0x39D8, 0x0001, 0xF81F, 0xF81F,  /* row 21 */
    0xF81F, 0xF81F, 0xF81F, 0x0001, 0xAFFF, 0xA7DF, 0xEFFF, 0xEFFF, 0x8C72, 0x0828, 0x0828, 0x0004, 0x182E, 0x182F, 0x202F, 0x182F, 0x202F, 0x202F, 0x202F, 0x202F, 0x202F, 0x202F, 0x202F, 0x202F, 0x202F, 0x202F, 0x202F, 0x202F, 0x202F, 0x202F, 0x202F, 0x202F, 0x202F, 0x202F, 0x202F, 0x202F, 0x202F, 0x202F, 0x100E, 0xD6FF, 0x212E, 0x0002, 0xF81F, 0xF81F,  /* row 22 */
    0xF81F, 0xF81F, 0xF81F, 0x0001, 0xAFFF, 0xA7DF, 0xEFFF, 0xE7FF, 0x8492, 0x0828, 0x0828, 0x0004, 0x182E, 0x182F, 0x202F, 0x182F, 0x182F, 0x182F, 0x182F, 0x182F, 0x202F, 0x202F, 0x202F, 0x202F, 0x202F, 0x202F, 0x202F, 0x202F, 0x202F, 0x202F, 0x202F, 0x202F, 0x202F, 0x202F, 0x202F, 0x202F, 0x202F, 0x202F, 0x100E, 0xE77F, 0x0843, 0x0002, 0xF81F, 0xF81F,  /* row 23 */
    0xF81F, 0xF81F, 0xF81F, 0x0022, 0xAFFF, 0xA7DF, 0xEFFF, 0xE7FF, 0x8492, 0x0828, 0x0828, 0x0004, 0x182E, 0x182F, 0x202F, 0x182F, 0x182F, 0x182F, 0x182F, 0x182F, 0x202F, 0x202F, 0x182F, 0x182F, 0x182F, 0x182F, 0x182F, 0x182F, 0x182F, 0x182F, 0x182F, 0x182F, 0x182F, 0x182F, 0x202F, 0x202F, 0x202F, 0x202F, 0x41D3, 0x4A9A, 0x0002, 0x0002, 0xF81F, 0xF81F,  /* row 24 */
    0xF81F, 0xF81F, 0x1083, 0x4B8F, 0xAFFF, 0xA7DF, 0xEFFF, 0xE7FF, 0x8C93, 0x0828, 0x0829, 0x0004, 0x102A, 0x182E, 0x202F, 0x182F, 0x182F, 0x182F, 0x182F, 0x182F, 0x202F, 0x202F, 0x200F, 0x202F, 0x200F, 0x204F, 0x180E, 0x202F, 0x202F, 0x202F, 0x204F, 0x202F, 0x202F, 0x202F, 0x202F, 0x202F, 0x202F, 0x2050, 0x7378, 0x52DA, 0x0002, 0x0002, 0xF81F, 0xF81F,  /* row 25 */
    0xF81F, 0x0842, 0x7C32, 0x9F9E, 0xA7DF, 0xA7DF, 0xEFFF, 0xE7FF, 0x8493, 0x0828, 0x0829, 0x0005, 0x0003, 0x184E, 0x202F, 0x182F, 0x182F, 0x182F, 0x182F, 0x184F, 0x202F, 0x2A74, 0x3EDD, 0x2C99, 0x361C, 0x3356, 0x3FFF, 0x29B2, 0x35BB, 0x2A13, 0x2B15, 0x180E, 0x200F, 0x202F, 0x182F, 0x182F, 0x202F, 0x202F, 0x643A, 0x52DB, 0x0002, 0x1083, 0xF81F, 0xF81F,  /* row 26 */
    0xF81F, 0x0842, 0x7C11, 0x9FBF, 0xA7DF, 0xA7DF, 0xEFFF, 0xE7FF, 0x8472, 0x0828, 0x0829, 0x0004, 0x0003, 0x184E, 0x202F, 0x182F, 0x182F, 0x182F, 0x182F, 0x2131, 0x3FFF, 0x3FFF, 0x3FDF, 0x3FFF, 0x3FFF, 0x3FDF, 0x3FDF, 0x3FFF, 0x3FBF, 0x3FFF, 0x3FDF, 0x3FFF, 0x3E5C, 0x202F, 0x182F, 0x1830, 0x202F, 0x202F, 0x3175, 0x0847, 0x0863, 0xF81F, 0xF81F, 0xF81F,  /* row 27 */
    0xF81F, 0x0022, 0x7C11, 0x9FBF, 0xA7DF, 0xA7DF, 0xF7FF, 0xB7DF, 0x6411, 0x1911, 0x2132, 0x0003, 0x0003, 0x0002, 0x2050, 0x182F, 0x182F, 0x184F, 0x2AD5, 0x3FFF, 0x3FFF, 0x3E7D, 0x3F7F, 0x20D0, 0x20F1, 0x2A13, 0x2B76, 0x34D9, 0x3E1C, 0x3F1E, 0x3FBF, 0x3FDF, 0x3FDF, 0x2AD5, 0x184F, 0x184F, 0x202F, 0x202F, 0x1028, 0xF81F, 0xF81F, 0xF81F, 0xF81F, 0xF81F,  /* row 28 */
    0xF81F, 0x0022, 0x7C11, 0x9FBF, 0xA7DF, 0xA7DF, 0xAFDF, 0xA7DF, 0x53F0, 0x0024, 0x29F8, 0x2173, 0x1910, 0x0002, 0x0004, 0x2050, 0x202F, 0x180E, 0x37FF, 0x202F, 0x202F, 0x182F, 0x200E, 0x202F, 0x202F, 0x204F, 0x204F, 0x204F, 0x202F, 0x180F, 0x21B2, 0x35DB, 0x3FFF, 0x2090, 0x184F, 0x184F, 0x202F, 0x202F, 0x0828, 0xF81F, 0xF81F, 0xF81F, 0xF81F, 0xF81F,  /* row 29 */
    0xF81F, 0x1906, 0x526B, 0xBFFF, 0xA7DF, 0xA7DF, 0xA7DF, 0xA7DF, 0xB7FF, 0x3ACD, 0x324B, 0x0001, 0x18EF, 0x29D8, 0x0846, 0x0002, 0x182F, 0x202F, 0x202F, 0x202F, 0x202F, 0x202F, 0x202F, 0x202F, 0x202F, 0x202F, 0x202F, 0x202F, 0x202F, 0x202F, 0x202F, 0x182F, 0x2172, 0x202F, 0x1830, 0x184F, 0x1049, 0x0000, 0x0001, 0xF81F, 0xF81F, 0xF81F, 0xF81F, 0xF81F,  /* row 30 */
    0xF81F, 0xF81F, 0xF81F, 0x0000, 0x538F, 0xB7FF, 0x53F0, 0x96BB, 0xAFFF, 0xAFFF, 0xA7DF, 0x6D15, 0x0001, 0x0026, 0x29F9, 0x18CC, 0x0002, 0x0827, 0x102B, 0x202F, 0x202F, 0x204F, 0x2030, 0x202F, 0x2030, 0x2030, 0x2030, 0x2030, 0x2030, 0x2030, 0x2050, 0x2030, 0x204F, 0x102C, 0x0004, 0x0003, 0x2849, 0x30C8, 0xF81F, 0xF81F, 0xF81F, 0xF81F, 0xF81F, 0xF81F,  /* row 31 */
    0xF81F, 0xF81F, 0xF81F, 0xF81F, 0x0022, 0x1926, 0x0002, 0x0021, 0x0061, 0x0861, 0xAFDF, 0xA7FF, 0x9F7E, 0x432E, 0x0002, 0x0003, 0x31F8, 0x0847, 0x0003, 0x0003, 0x0003, 0x0003, 0x0003, 0x0003, 0x0003, 0x0003, 0x0003, 0x0003, 0x0003, 0x0003, 0x0003, 0x0003, 0x0003, 0x0002, 0x1827, 0xA197, 0x1923, 0xF81F, 0xF81F, 0xF81F, 0xF81F, 0xF81F, 0xF81F, 0xF81F,  /* row 32 */
    0xF81F, 0xF81F, 0xF81F, 0xF81F, 0xF81F, 0x0001, 0x0001, 0x32F1, 0x32B1, 0x2A0D, 0x0000, 0x10E4, 0xA7FF, 0x9FFF, 0x9FFF, 0x0001, 0x0003, 0x29F8, 0x190F, 0x0004, 0x0004, 0x0003, 0x0004, 0x0004, 0x0004, 0x0004, 0x0004, 0x0868, 0x108A, 0x108A, 0x088A, 0x0004, 0x48CC, 0xEA1F, 0xB1F6, 0x0001, 0xF81F, 0xF81F, 0xF81F, 0xF81F, 0xF81F, 0xF81F, 0xF81F, 0xF81F,  /* row 33 */
    0xF81F, 0xF81F, 0xF81F, 0xF81F, 0xF81F, 0x0000, 0x10E6, 0x10C6, 0x0863, 0x1148, 0x19AA, 0x0000, 0x29E9, 0x0862, 0x5CB3, 0x97FF, 0x332D, 0x0846, 0x2172, 0x0887, 0x0866, 0x0004, 0x0005, 0x0005, 0x0005, 0x0005, 0x0004, 0x0848, 0x0004, 0x0004, 0x0848, 0x1068, 0x9174, 0x386A, 0x0044, 0x0864, 0x0044, 0x2106, 0xF81F, 0xF81F, 0xF81F, 0xF81F, 0xF81F, 0xF81F,  /* row 34 */
    0xF81F, 0xF81F, 0xF81F, 0xF81F, 0x0001, 0x0000, 0x0001, 0x0001, 0x1107, 0x2A70, 0x2A4F, 0x0863, 0x0023, 0x08C8, 0x0024, 0x0883, 0x0863, 0x0003, 0x0003, 0x0022, 0x218D, 0x0002, 0x104D, 0x104B, 0x104B, 0x106B, 0x104B, 0x0025, 0x0827, 0x0827, 0x0003, 0x0827, 0x0002, 0x0044, 0x2A4F, 0x32B1, 0x4393, 0x4BB3, 0x0001, 0xF81F, 0xF81F, 0xF81F, 0xF81F, 0xF81F,  /* row 35 */
    0xF81F, 0xF81F, 0xF81F, 0x1083, 0x0021, 0x64D8, 0x5436, 0x2A90, 0x0021, 0x0000, 0x2A6F, 0x2A4F, 0x2A4F, 0x2A4F, 0x2A91, 0x0847, 0x0001, 0x0002, 0x0002, 0x0002, 0x08A3, 0x28D0, 0x0005, 0x104C, 0x104B, 0x104B, 0x104B, 0x0005, 0x0003, 0x0003, 0x0002, 0x0025, 0x2A4F, 0x0863, 0x196B, 0x0023, 0x322D, 0x5BF6, 0x21A9, 0x0001, 0xF81F, 0xF81F, 0xF81F, 0xF81F,  /* row 36 */
    0xF81F, 0xF81F, 0xF81F, 0x1B4F, 0x5C76, 0x4352, 0x224E, 0x224E, 0x2A6F, 0x1148, 0x0864, 0x21CD, 0x21CD, 0x21AD, 0x21CD, 0x110A, 0x2A90, 0x2A2E, 0x10C6, 0x0000, 0x97FF, 0x0001, 0x106C, 0x104B, 0x104B, 0x104C, 0x0829, 0x0004, 0x1025, 0x0000, 0x7FFF, 0x0000, 0x2A4F, 0x10E7, 0x196B, 0x0023, 0x324D, 0x53D5, 0x6CD9, 0x0863, 0xF81F, 0xF81F, 0xF81F, 0xF81F,  /* row 37 */
    0xF81F, 0xF81F, 0x0000, 0x36FD, 0x377F, 0x218B, 0x220D, 0x222D, 0x222E, 0x2A8F, 0x0847, 0x0867, 0x0846, 0x21EE, 0x21CD, 0x2A4F, 0x2A4F, 0x2A4F, 0x2A90, 0x0000, 0x8FFF, 0x0001, 0x106D, 0x106C, 0x104C, 0x0829, 0x0003, 0x70D0, 0xF97F, 0x0000, 0x6FFF, 0x0000, 0x2A91, 0x2A50, 0x196B, 0x0023, 0x10A5, 0x42F0, 0x53D5, 0x5BD5, 0x0001, 0x0022, 0xF81F, 0xF81F,  /* row 38 */
    0xF81F, 0xF81F, 0x18E5, 0x0000, 0x2E5C, 0x367C, 0x3EFD, 0x4517, 0x19CB, 0x0866, 0x0867, 0x0867, 0x0846, 0x2A4F, 0x2A50, 0x21CC, 0x2332, 0x2312, 0x2B53, 0x0000, 0x97FF, 0x0000, 0x0002, 0x0043, 0x0002, 0x408A, 0x60CE, 0xA0D5, 0xF17E, 0x0000, 0x6FFF, 0x0000, 0x2A70, 0x2A4F, 0x1929, 0x10EA, 0x0886, 0x4B11, 0x5394, 0x5C16, 0x0001, 0x0022, 0xF81F, 0xF81F,  /* row 39 */
    0xF81F, 0x18E5, 0x0863, 0x08A5, 0x08A4, 0x1125, 0x1B8F, 0x1B4E, 0x0001, 0x0846, 0x0847, 0x0867, 0x0846, 0x2A50, 0x2A70, 0x0884, 0x3535, 0x2CF4, 0x2D15, 0x0000, 0x9FFF, 0x0000, 0x0002, 0x76BB, 0x0000, 0xF97F, 0x68CE, 0x98D5, 0xF95E, 0x0000, 0x6FFF, 0x0000, 0x21AC, 0x198B, 0x10C7, 0x10C9, 0x0886, 0x0000, 0x4473, 0x3B10, 0x0866, 0x0021, 0xF81F, 0xF81F,  /* row 40 */
    0xF81F, 0x0001, 0x3B11, 0x224E, 0x0043, 0xA442, 0x8BC3, 0x0001, 0x0846, 0x0867, 0x0847, 0x0847, 0x0846, 0x2A70, 0x2A4F, 0x2A4F, 0x1107, 0x1127, 0x1107, 0x0000, 0x9FFF, 0x0000, 0x0002, 0x767A, 0x0000, 0xF95F, 0x68EF, 0x98D4, 0xF17E, 0x0000, 0x77FF, 0x0000, 0x1128, 0x1128, 0x10C7, 0x0886, 0x196E, 0x10C9, 0x0023, 0x328D, 0x4B73, 0x0863, 0x2105, 0xF81F,  /* row 41 */
    0x39EA, 0x196A, 0x3B12, 0x1989, 0x0001, 0x2902, 0x20E2, 0x0001, 0x0847, 0x0847, 0x0847, 0x0847, 0x0846, 0x2A4F, 0x2A4F, 0x2A4F, 0x2A4F, 0x2A4F, 0x2A4F, 0x0002, 0x9FFF, 0x0001, 0x0002, 0x767A, 0x0000, 0xF95F, 0x68CF, 0x90B3, 0xF17E, 0x0000, 0x77DF, 0x0000, 0x2A70, 0x2A4F, 0x198C, 0x0024, 0x10CA, 0x08A9, 0x0023, 0x2A4D, 0x3AF1, 0x5C77, 0x0022, 0x2105,  /* row 42 */
    0x0884, 0x2A91, 0x21AB, 0x0842, 0x0866, 0x1087, 0x0842, 0x1088, 0x0887, 0x0887, 0x0887, 0x0887, 0x0867, 0x1928, 0x1928, 0x1948, 0x1928, 0x1928, 0x1928, 0x0022, 0x434F, 0x0022, 0x0023, 0x322B, 0x0022, 0x58AD, 0x2087, 0x308A, 0x50CD, 0x0022, 0x32CD, 0x0021, 0x10E7, 0x10E6, 0x0885, 0x0023, 0x0866, 0x0866, 0x0023, 0x10E7, 0x1128, 0x21EB, 0x0023, 0x1083,  /* row 43 */
};
static const Sprite NB_SPRITE_HUNGRY_3 = {
    44, 44, 0xF81F, nb_hungry_3_px
};

static const Sprite *NB_MOOD_HUNGRY[] = {
    &NB_SPRITE_HUNGRY_0, &NB_SPRITE_HUNGRY_1, &NB_SPRITE_HUNGRY_2, &NB_SPRITE_HUNGRY_3
};
#define NB_MOOD_HUNGRY_COUNT 4

/* =================================================================== */
/*  MOOD: SAD -- 3 variants, 44x44 each                   */
/* =================================================================== */
static const uint16_t nb_sad_0_px[] = {
    0xF81F, 0xF81F, 0xF81F, 0xF81F, 0xF81F, 0xF81F, 0xF81F, 0xF81F, 0xF81F, 0xF81F, 0xF81F, 0xF81F, 0xF81F, 0xF81F, 0xF81F, 0xF81F, 0xF81F, 0xF81F, 0xF81F, 0x31A9, 0x31C9, 0x31A9, 0x31C9, 0x31C9, 0x31C9, 0x31C9, 0x31A9, 0x31A9, 0x31A9, 0x0003, 0xF81F, 0xF81F, 0xF81F, 0xF81F, 0xF81F, 0xF81F, 0xF81F, 0xF81F, 0xF81F, 0xF81F, 0xF81F, 0xF81F, 0xF81F, 0xF81F,  /* row 0  */
    0xF81F, 0xF81F, 0xF81F, 0xF81F, 0xF81F, 0xF81F, 0xF81F, 0xF81F, 0xF81F, 0xF81F, 0x0842, 0x0002, 0x0002, 0x0844, 0x29F2, 0x21F1, 0x5556, 0x9D35, 0xB618, 0xE7DF, 0xAEDE, 0xAEBE, 0xAEBE, 0xEFFF, 0xEFFF, 0xEFFF, 0xEFFF, 0xEFFF, 0xF7FF, 0x6454, 0x3B52, 0x21B0, 0x8CD4, 0x4B92, 0x0002, 0x0002, 0x0844, 0xF81F, 0xF81F, 0xF81F, 0xF81F, 0xF81F, 0xF81F, 0xF81F,  /* row 1  */
    0xF81F, 0xF81F, 0xF81F, 0xF81F, 0xF81F, 0xF81F, 0xF81F, 0xF81F, 0x0863, 0x0001, 0x2172, 0x9E9C, 0xDF5D, 0xDF7D, 0xFFFF, 0xD75F, 0x967E, 0x85FE, 0x753D, 0x6CBC, 0xAE9E, 0xF7FF, 0xEFFF, 0xEFFF, 0xEFFF, 0xEFFF, 0xEFFF, 0xEFFF, 0xEFFF, 0xEFFF, 0xA6DE, 0xF7FF, 0xA67D, 0x779E, 0xE7FF, 0xB7FF, 0x1905, 0x0003, 0xF81F, 0xF81F, 0xF81F, 0xF81F, 0xF81F, 0xF81F,  /* row 2  */
    0xF81F, 0xF81F, 0xF81F, 0xF81F, 0xF81F, 0xF81F, 0xF81F, 0x2146, 0x8E19, 0xD75E, 0xEFFF, 0xE7FF, 0xE7DF, 0xDF7E, 0x857D, 0xCF7F, 0x9E7E, 0x6C7B, 0x433A, 0xDF5E, 0xEFFF, 0xEFFF, 0xEFFF, 0xEFFF, 0xEFFF, 0xEFFF, 0xEFFF, 0xEFFF, 0xEFFF, 0xEFFF, 0x9EDE, 0xEFBF, 0x5BBA, 0xF7FF, 0xE7FF, 0xEFFF, 0xF7FF, 0x7C32, 0x0825, 0xF81F, 0xF81F, 0xF81F, 0xF81F, 0xF81F,  /* row 3  */
    0xF81F, 0xF81F, 0xF81F, 0xF81F, 0xF81F, 0xF81F, 0x0023, 0x4B91, 0xB7BF, 0xE7FF, 0xEFFF, 0xEFFF, 0xEFFF, 0xDF9F, 0x855E, 0xEFFF, 0xA67D, 0x5BDA, 0x431A, 0xA7FF, 0xB7BF, 0xEFFF, 0xEFFF, 0xEFFF, 0xEFFF, 0xEFFF, 0xEFFF, 0xEFFF, 0xEFFF, 0xEFFF, 0xF7FF, 0x96FE, 0x6C7B, 0x95DC, 0xEFFF, 0xEFFF, 0xEFFF, 0xDEDB, 0x632D, 0xF81F, 0xF81F, 0xF81F, 0xF81F, 0xF81F,  /* row 4  */
    0xF81F, 0xF81F, 0xF81F, 0xF81F, 0x0001, 0xA7DF, 0xF7FF, 0xAFBE, 0xD7FF, 0xEFFF, 0xEFFF, 0xEFFF, 0xEFFF, 0xE7DF, 0xC71F, 0xE7DF, 0x9E3D, 0x955C, 0xEFFF, 0xEFFF, 0xEFFF, 0xEFFF, 0xEFFF, 0xEFFF, 0xEFFF, 0xEFFF, 0xEFFF, 0xEFFF, 0xEFFF, 0xEFFF, 0xEFFF, 0xEFFF, 0xD75F, 0x95BD, 0xEFFF, 0xE7FF, 0xCFFF, 0x6F9F, 0xF7DF, 0x10A3, 0xF81F, 0xF81F, 0xF81F, 0xF81F,  /* row 5  */
    0xF81F, 0xF81F, 0xF81F, 0x0005, 0xB7DF, 0x9FDF, 0xEFFF, 0xE7FF, 0xEFFF, 0xEFFF, 0xEFFF, 0xEFFF, 0xAFBF, 0xA7BF, 0xEFFF, 0xE79F, 0x535A, 0x8D1B, 0xE7FF, 0xEFFF, 0xEFFF, 0xEFFF, 0xEFFF, 0xEFFF, 0xEFFF, 0xEFFF, 0xEFFF, 0xEFFF, 0xEFFF, 0xEFFF, 0xEFFF, 0xEFFF, 0xCF3E, 0x7CFD, 0xBEDE, 0xE7FF, 0xCFDF, 0x67BF, 0xF7FF, 0x5F7E, 0x0022, 0xF81F, 0xF81F, 0xF81F,  /* row 6  */
    0xF81F, 0xF81F, 0xF81F, 0x0001, 0xAFFF, 0xA7DF, 0xEFFF, 0xEFFF, 0xEFFF, 0xEFFF, 0xEFFF, 0xEFFF, 0xEFFF, 0xEFFF, 0xE7FF, 0xE79F, 0x4B39, 0xC77F, 0xEFFF, 0xEFFF, 0xEFFF, 0xEFFF, 0xEFFF, 0xEFFF, 0xEFFF, 0xEFFF, 0xEFFF, 0xEFFF, 0xEFFF, 0xEFFF, 0xF7FF, 0xF7FF, 0xEFFF, 0xD75F, 0xB69E, 0xEFFF, 0xEFFF, 0xF7FF, 0xC7DF, 0x77FF, 0x0022, 0xF81F, 0xF81F, 0xF81F,  /* row 7  */
    0xF81F, 0xF81F, 0xF81F, 0x0001, 0xAFFF, 0xA7DF, 0xEFFF, 0xEFFF, 0xEFFF, 0xEFFF, 0xF7FF, 0xA7BF, 0x9FBF, 0x9FBF, 0xF7FF, 0xEFBF, 0x4B39, 0xA6FF, 0x9EBF, 0x9EBF, 0x9EBF, 0x9E9F, 0x9E9F, 0x9E9F, 0x9E9F, 0x9E9F, 0x9E9F, 0x9E9F, 0x9E9F, 0x9E9F, 0x9E9F, 0x9E9F, 0xAEFF, 0xDF7F, 0xBE9E, 0xEFFF, 0xCFFF, 0x477F, 0xFFFF, 0xEFFF, 0x0842, 0xF81F, 0xF81F, 0xF81F,  /* row 8  */
    0xF81F, 0xF81F, 0xF81F, 0x0001, 0xAFFF, 0xA7DF, 0xEFFF, 0xEFFF, 0xEFFF, 0xEFFF, 0xAFBE, 0xEFFF, 0xF7FF, 0xEFFF, 0xAF5F, 0x7D1E, 0x42DA, 0x10A3, 0x10A3, 0x10A4, 0x10A4, 0x10A4, 0x10A4, 0x10A4, 0x10A4, 0x10A4, 0x10A4, 0x10A4, 0x10A4, 0x10A4, 0x10A5, 0x10A5, 0x10C5, 0x31CA, 0x95FF, 0x8DDF, 0x767F, 0x57DF, 0x67BF, 0xFFFF, 0x0801, 0x0023, 0xF81F, 0xF81F,  /* row 9  */
    0xF81F, 0xF81F, 0xF81F, 0x0001, 0xAFFF, 0xA7DF, 0xEFFF, 0xEFFF, 0xEFFF, 0xEFFF, 0xF7FF, 0x973F, 0x5458, 0x6459, 0x18B1, 0x0001, 0x0003, 0x10A5, 0x4A5C, 0x4A3B, 0x4A3A, 0x4A3A, 0x4A3A, 0x4A3A, 0x4A5B, 0x4A5B, 0x4A5B, 0x525B, 0x527B, 0x527B, 0x527B, 0x527B, 0x527B, 0x4A5B, 0x294D, 0x18C5, 0x18A4, 0x0004, 0x1147, 0x367B, 0x56FD, 0x0001, 0xF81F, 0xF81F,  /* row 10 */
    0xF81F, 0xF81F, 0xF81F, 0x0001, 0xAFFF, 0xA7DF, 0xEFFF, 0xEFFF, 0xEFFF, 0xEFFF, 0xBF3F, 0x18EC, 0x0004, 0x0004, 0x100B, 0x2050, 0x2050, 0x4193, 0x3952, 0x3951, 0x3951, 0x3131, 0x3131, 0x3131, 0x3111, 0x3111, 0x3111, 0x3111, 0x2910, 0x28F0, 0x28F0, 0x28F1, 0x28F1, 0x28F0, 0x28F0, 0x83F7, 0xE71F, 0xD69E, 0x298F, 0x0002, 0x10AB, 0x0002, 0xF81F, 0xF81F,  /* row 11 */
    0xF81F, 0xF81F, 0xF81F, 0x0001, 0xAFFF, 0xA7DF, 0xEFFF, 0xEFFF, 0xF7FF, 0xBE19, 0x0006, 0x0829, 0x0004, 0x0005, 0x202F, 0x202F, 0x202F, 0x204F, 0x204F, 0x204F, 0x204F, 0x204F, 0x204F, 0x204F, 0x204F, 0x204F, 0x204F, 0x204F, 0x204F, 0x204F, 0x204F, 0x204F, 0x204F, 0x204F, 0x204F, 0x180F, 0x080E, 0x7377, 0xD6FF, 0x0002, 0x2977, 0x0001, 0xF81F, 0xF81F,  /* row 12 */
    0xF81F, 0xF81F, 0xF81F, 0x0001, 0xAFFF, 0xA7DF, 0xEFFF, 0xEFFF, 0x7C31, 0x0007, 0x0828, 0x0829, 0x0004, 0x0004, 0x202F, 0x202F, 0x202F, 0x202F, 0x202F, 0x202F, 0x202F, 0x202F, 0x202F, 0x202F, 0x202F, 0x202F, 0x202F, 0x202F, 0x202F, 0x202F, 0x202F, 0x202F, 0x202F, 0x202F, 0x202F, 0x202F, 0x202F, 0x28D0, 0xCEBF, 0x4A78, 0x0001, 0x0022, 0xF81F, 0xF81F,  /* row 13 */
    0xF81F, 0xF81F, 0xF81F, 0x0001, 0xB7FF, 0xA7FF, 0xF7FF, 0xEFFF, 0x8472, 0x0828, 0x0828, 0x0006, 0x0002, 0x2050, 0x182F, 0x202F, 0x202F, 0x204F, 0x204F, 0x202F, 0x202F, 0x204F, 0x202F, 0x202F, 0x202F, 0x202F, 0x202F, 0x202F, 0x202F, 0x202F, 0x204F, 0x204F, 0x202F, 0x202F, 0x204F, 0x204F, 0x202F, 0x28B0, 0xCE9F, 0x5B3B, 0x0001, 0x0022, 0xF81F, 0xF81F,  /* row 14 */
    0xF81F, 0xF81F, 0xF81F, 0x0002, 0x0024, 0x0003, 0x4A4B, 0xEFFF, 0x8472, 0x0828, 0x0828, 0x0004, 0x184F, 0x182F, 0x202F, 0x204F, 0x29D3, 0x2B36, 0x21F3, 0x202F, 0x2A34, 0x2377, 0x2111, 0x202F, 0x202F, 0x202F, 0x202F, 0x202F, 0x202F, 0x180F, 0x2B77, 0x2B77, 0x180E, 0x180F, 0x2BD7, 0x2B77, 0x180F, 0x2030, 0x7BF8, 0xD6DF, 0x39D8, 0x0001, 0xF81F, 0xF81F,  /* row 15 */
    0xF81F, 0x0844, 0x6AE2, 0xACE3, 0x0000, 0x7535, 0x420A, 0xEFDF, 0x8472, 0x0828, 0x0828, 0x0004, 0x182E, 0x182F, 0x202F, 0x206F, 0x3478, 0x37BF, 0x37BF, 0x180C, 0x377E, 0x2E7C, 0x18B0, 0x202F, 0x202F, 0x202F, 0x202F, 0x202F, 0x202F, 0x180D, 0x37FF, 0x377F, 0x2CF9, 0x2C38, 0x2FDF, 0x21F1, 0x200F, 0x202F, 0x3992, 0xCEDF, 0x31B8, 0x0021, 0xF81F, 0xF81F,  /* row 16 */
    0xF81F, 0x0844, 0x9C61, 0xFF41, 0x0000, 0x64B4, 0x4209, 0xEFDF, 0x8472, 0x0828, 0x0828, 0x0004, 0x182E, 0x182F, 0x182F, 0x202F, 0x180F, 0x2AD5, 0x2F1D, 0x3FFF, 0x37FF, 0x357A, 0x1810, 0x202F, 0x202F, 0x202F, 0x202F, 0x202F, 0x202F, 0x202F, 0x180D, 0x2E7C, 0x37FF, 0x3FFF, 0x37FF, 0x200F, 0x182F, 0x202F, 0x100E, 0xD6FF, 0x31B7, 0x0001, 0xF81F, 0xF81F,  /* row 17 */
    0xF81F, 0x0844, 0x9C81, 0xFF61, 0x0001, 0x6CD3, 0x4209, 0xEFDF, 0x8472, 0x0828, 0x0828, 0x0004, 0x182E, 0x182F, 0x182F, 0x202F, 0x2030, 0x2010, 0x200F, 0x180F, 0x180F, 0x2010, 0x2030, 0x182F, 0x202F, 0x202F, 0x202F, 0x202F, 0x202F, 0x202F, 0x2030, 0x2030, 0x200F, 0x200F, 0x180F, 0x2030, 0x202F, 0x182F, 0x100E, 0xD6FF, 0x31B7, 0x0001, 0xF81F, 0xF81F,  /* row 18 */
    0xF81F, 0x0843, 0xACE1, 0xFFE0, 0x0001, 0x3135, 0x3A09, 0xEFDF, 0x8472, 0x0828, 0x0828, 0x0004, 0x182E, 0x182F, 0x182F, 0x202F, 0x202F, 0x102F, 0x102F, 0x102F, 0x102F, 0x2030, 0x2030, 0x202F, 0x202F, 0x202F, 0x202F, 0x2030, 0x202F, 0x202F, 0x182F, 0x102F, 0x102F, 0x102F, 0x182F, 0x2030, 0x202F, 0x202F, 0x100E, 0xD6FF, 0x31D8, 0x0001, 0xF81F, 0xF81F,  /* row 19 */
    0xF81F, 0xF81F, 0x0004, 0x0003, 0x0004, 0x0002, 0x3A09, 0xE7DF, 0x8472, 0x0828, 0x0828, 0x0004, 0x182E, 0x182F, 0x202F, 0x202F, 0x082F, 0xF81E, 0xF81E, 0xF81E, 0xF83F, 0x102F, 0x2030, 0x202F, 0x202F, 0x202F, 0x202F, 0x202F, 0x202F, 0x202F, 0x9819, 0xF81E, 0xF81E, 0xF81E, 0x4053, 0x2030, 0x202F, 0x202F, 0x100E, 0xD6FF, 0x39D8, 0x0001, 0xF81F, 0xF81F,  /* row 20 */
    0xF81F, 0xF81F, 0xF81F, 0x0002, 0x3A6A, 0xAFFF, 0xF7FF, 0xE7FF, 0x8472, 0x0828, 0x0828, 0x0004, 0x182E, 0x182F, 0x202F, 0x202F, 0x082F, 0xF81E, 0xE81F, 0xE81F, 0xE83F, 0x102F, 0x202F, 0x202F, 0x202F, 0x202F, 0x202F, 0x202F, 0x202F, 0x202F, 0x9019, 0xE83F, 0xF01F, 0xF03F, 0x4033, 0x2030, 0x202F, 0x202F, 0x100E, 0xD6FF, 0x39D8, 0x0001, 0xF81F, 0xF81F,  /* row 21 */
    0xF81F, 0xF81F, 0xF81F, 0x0001, 0xAFFF, 0xA7DF, 0xEFFF, 0xEFFF, 0x8C72, 0x0828, 0x0828, 0x0004, 0x182E, 0x182F, 0x202F, 0x202F, 0x182F, 0x7837, 0x7037, 0x7036, 0x7036, 0x182F, 0x202F, 0x202F, 0x202F, 0x202F, 0x202F, 0x202F, 0x202F, 0x202F, 0x4834, 0x7037, 0x7037, 0x7817, 0x2831, 0x202F, 0x202F, 0x202F, 0x100E, 0xD6FF, 0x212E, 0x0002, 0xF81F, 0xF81F,  /* row 22 */
    0xF81F, 0xF81F, 0xF81F, 0x0001, 0xAFFF, 0xA7DF, 0xEFFF, 0xE7FF, 0x8492, 0x0828, 0x0828, 0x0004, 0x182E, 0x182F, 0x202F, 0x182F, 0x182F, 0x202F, 0x202F, 0x202F, 0x202F, 0x202F, 0x202F, 0x202F, 0x202F, 0x202F, 0x202F, 0x202F, 0x202F, 0x202F, 0x202F, 0x202F, 0x202F, 0x202F, 0x202F, 0x202F, 0x182F, 0x202F, 0x100E, 0xE77F, 0x0843, 0x0002, 0xF81F, 0xF81F,  /* row 23 */
    0xF81F, 0xF81F, 0xF81F, 0x0022, 0xAFFF, 0xA7DF, 0xEFFF, 0xE7FF, 0x8492, 0x0828, 0x0828, 0x0004, 0x182E, 0x182F, 0x202F, 0x182F, 0x182F, 0x182F, 0x182F, 0x182F, 0x202F, 0x202F, 0x182F, 0x182F, 0x182F, 0x182F, 0x182F, 0x182F, 0x182F, 0x182F, 0x182F, 0x182F, 0x182F, 0x182F, 0x202F, 0x202F, 0x202F, 0x202F, 0x41D3, 0x4A9A, 0x0002, 0x0002, 0xF81F, 0xF81F,  /* row 24 */
    0xF81F, 0xF81F, 0x1083, 0x4B8F, 0xAFFF, 0xA7DF, 0xEFFF, 0xE7FF, 0x8C93, 0x0828, 0x0829, 0x0004, 0x102A, 0x182E, 0x202F, 0x182F, 0x182F, 0x182F, 0x182F, 0x182F, 0x202F, 0x202F, 0x202F, 0x202F, 0x202F, 0x202F, 0x202F, 0x202F, 0x202F, 0x202F, 0x202F, 0x202F, 0x202F, 0x202F, 0x202F, 0x202F, 0x202F, 0x2050, 0x7378, 0x52DA, 0x0002, 0x0002, 0xF81F, 0xF81F,  /* row 25 */
    0xF81F, 0x0842, 0x7C32, 0x9F9E, 0xA7DF, 0xA7DF, 0xEFFF, 0xE7FF, 0x8493, 0x0828, 0x0829, 0x0005, 0x0003, 0x184E, 0x202F, 0x182F, 0x182F, 0x182F, 0x182F, 0x182F, 0x2030, 0x2030, 0x2030, 0x2030, 0x2030, 0x2030, 0x2030, 0x2030, 0x2030, 0x2030, 0x2030, 0x2030, 0x2030, 0x2030, 0x182F, 0x182F, 0x202F, 0x202F, 0x643A, 0x52DB, 0x0002, 0x1083, 0xF81F, 0xF81F,  /* row 26 */
    0xF81F, 0x0842, 0x7C11, 0x9FBF, 0xA7DF, 0xA7DF, 0xEFFF, 0xE7FF, 0x8472, 0x0828, 0x0829, 0x0004, 0x0003, 0x184E, 0x202F, 0x182F, 0x182F, 0x182F, 0x182F, 0x1830, 0x0004, 0x0003, 0x0003, 0x0003, 0x0003, 0x0003, 0x0003, 0x0003, 0x0003, 0x0003, 0x0003, 0x0003, 0x0003, 0x0003, 0x0829, 0x1830, 0x202F, 0x202F, 0x3175, 0x0847, 0x0863, 0xF81F, 0xF81F, 0xF81F,  /* row 27 */
    0xF81F, 0x0022, 0x7C11, 0x9FBF, 0xA7DF, 0xA7DF, 0xF7FF, 0xB7DF, 0x6411, 0x1911, 0x2132, 0x0003, 0x0003, 0x0002, 0x2050, 0x182F, 0x182F, 0x182F, 0x182F, 0x182F, 0x2030, 0x2030, 0x2030, 0x2030, 0x2030, 0x2030, 0x2030, 0x2030, 0x2030, 0x2030, 0x2030, 0x2030, 0x2030, 0x2030, 0x184F, 0x184F, 0x202F, 0x202F, 0x1028, 0xF81F, 0xF81F, 0xF81F, 0xF81F, 0xF81F,  /* row 28 */
    0xF81F, 0x0022, 0x7C11, 0x9FBF, 0xA7DF, 0xA7DF, 0xAFDF, 0xA7DF, 0x53F0, 0x0024, 0x29F8, 0x2173, 0x1910, 0x0002, 0x0004, 0x2050, 0x202F, 0x202F, 0x202F, 0x202F, 0x202F, 0x202F, 0x202F, 0x202F, 0x202F, 0x202F, 0x202F, 0x202F, 0x202F, 0x202F, 0x202F, 0x202F, 0x202F, 0x202F, 0x184F, 0x184F, 0x202F, 0x202F, 0x0828, 0xF81F, 0xF81F, 0xF81F, 0xF81F, 0xF81F,  /* row 29 */
    0xF81F, 0x1906, 0x526B, 0xBFFF, 0xA7DF, 0xA7DF, 0xA7DF, 0xA7DF, 0xB7FF, 0x3ACD, 0x324B, 0x0001, 0x18EF, 0x29D8, 0x0846, 0x0002, 0x182F, 0x202F, 0x202F, 0x202F, 0x202F, 0x202F, 0x202F, 0x202F, 0x202F, 0x202F, 0x202F, 0x202F, 0x202F, 0x202F, 0x202F, 0x202F, 0x202F, 0x202F, 0x1830, 0x184F, 0x1049, 0x0000, 0x0001, 0xF81F, 0xF81F, 0xF81F, 0xF81F, 0xF81F,  /* row 30 */
    0xF81F, 0xF81F, 0xF81F, 0x0000, 0x538F, 0xB7FF, 0x53F0, 0x96BB, 0xAFFF, 0xAFFF, 0xA7DF, 0x6D15, 0x0001, 0x0026, 0x29F9, 0x18CC, 0x0002, 0x0827, 0x102A, 0x202F, 0x202F, 0x204F, 0x2030, 0x202F, 0x2030, 0x2030, 0x2030, 0x2030, 0x2030, 0x2030, 0x2050, 0x2030, 0x202F, 0x102C, 0x0004, 0x0003, 0x2849, 0x30C8, 0xF81F, 0xF81F, 0xF81F, 0xF81F, 0xF81F, 0xF81F,  /* row 31 */
    0xF81F, 0xF81F, 0xF81F, 0xF81F, 0x0022, 0x1926, 0x0002, 0x0021, 0x0061, 0x0861, 0xAFDF, 0xA7FF, 0x9F7E, 0x432E, 0x0002, 0x0003, 0x31F8, 0x0847, 0x0003, 0x0003, 0x0003, 0x0003, 0x0003, 0x0003, 0x0003, 0x0003, 0x0003, 0x0003, 0x0003, 0x0003, 0x0003, 0x0003, 0x0003, 0x0002, 0x1827, 0xA197, 0x1923, 0xF81F, 0xF81F, 0xF81F, 0xF81F, 0xF81F, 0xF81F, 0xF81F,  /* row 32 */
    0xF81F, 0xF81F, 0xF81F, 0xF81F, 0xF81F, 0x0001, 0x0001, 0x32F1, 0x32B1, 0x2A0D, 0x0000, 0x10E4, 0xA7FF, 0x9FFF, 0x9FFF, 0x0001, 0x0003, 0x29F8, 0x190F, 0x0004, 0x0004, 0x0003, 0x0004, 0x0004, 0x0004, 0x0004, 0x0004, 0x0868, 0x108A, 0x108A, 0x088A, 0x0004, 0x48CC, 0xEA1F, 0xB1F6, 0x0001, 0xF81F, 0xF81F, 0xF81F, 0xF81F, 0xF81F, 0xF81F, 0xF81F, 0xF81F,  /* row 33 */
    0xF81F, 0xF81F, 0xF81F, 0xF81F, 0xF81F, 0x0000, 0x10E6, 0x10C6, 0x0863, 0x1148, 0x19AA, 0x0000, 0x29E9, 0x0862, 0x5CB3, 0x97FF, 0x332D, 0x0846, 0x2172, 0x0887, 0x0866, 0x0004, 0x0005, 0x0005, 0x0005, 0x0005, 0x0004, 0x0848, 0x0004, 0x0004, 0x0848, 0x1068, 0x9174, 0x386A, 0x0044, 0x0864, 0x0044, 0x2106, 0xF81F, 0xF81F, 0xF81F, 0xF81F, 0xF81F, 0xF81F,  /* row 34 */
    0xF81F, 0xF81F, 0xF81F, 0xF81F, 0x0001, 0x0000, 0x0001, 0x0001, 0x1107, 0x2A70, 0x2A4F, 0x0863, 0x0023, 0x08C8, 0x0024, 0x0883, 0x0863, 0x0003, 0x0003, 0x0022, 0x218D, 0x0002, 0x104D, 0x104B, 0x104B, 0x106B, 0x104B, 0x0025, 0x0827, 0x0827, 0x0003, 0x0827, 0x0002, 0x0044, 0x2A4F, 0x32B1, 0x4393, 0x4BB3, 0x0001, 0xF81F, 0xF81F, 0xF81F, 0xF81F, 0xF81F,  /* row 35 */
    0xF81F, 0xF81F, 0xF81F, 0x1083, 0x0021, 0x64D8, 0x5436, 0x2A90, 0x0021, 0x0000, 0x2A6F, 0x2A4F, 0x2A4F, 0x2A4F, 0x2A91, 0x0847, 0x0001, 0x0002, 0x0002, 0x0002, 0x08A3, 0x28D0, 0x0005, 0x104C, 0x104B, 0x104B, 0x104B, 0x0005, 0x0003, 0x0003, 0x0002, 0x0025, 0x2A4F, 0x0863, 0x196B, 0x0023, 0x322D, 0x5BF6, 0x21A9, 0x0001, 0xF81F, 0xF81F, 0xF81F, 0xF81F,  /* row 36 */
    0xF81F, 0xF81F, 0xF81F, 0x1B4F, 0x5C76, 0x4352, 0x224E, 0x224E, 0x2A6F, 0x1148, 0x0864, 0x21CD, 0x21CD, 0x21AD, 0x21CD, 0x110A, 0x2A90, 0x2A2E, 0x10C6, 0x0000, 0x97FF, 0x0001, 0x106C, 0x104B, 0x104B, 0x104C, 0x0829, 0x0004, 0x1025, 0x0000, 0x7FFF, 0x0000, 0x2A4F, 0x10E7, 0x196B, 0x0023, 0x324D, 0x53D5, 0x6CD9, 0x0863, 0xF81F, 0xF81F, 0xF81F, 0xF81F,  /* row 37 */
    0xF81F, 0xF81F, 0x0000, 0x36FD, 0x377F, 0x218B, 0x220D, 0x222D, 0x222E, 0x2A8F, 0x0847, 0x0867, 0x0846, 0x21EE, 0x21CD, 0x2A4F, 0x2A4F, 0x2A4F, 0x2A90, 0x0000, 0x8FFF, 0x0001, 0x106D, 0x106C, 0x104C, 0x0829, 0x0003, 0x70D0, 0xF97F, 0x0000, 0x6FFF, 0x0000, 0x2A91, 0x2A50, 0x196B, 0x0023, 0x10A5, 0x42F0, 0x53D5, 0x5BD5, 0x0001, 0x0022, 0xF81F, 0xF81F,  /* row 38 */
    0xF81F, 0xF81F, 0x18E5, 0x0000, 0x2E5C, 0x367C, 0x3EFD, 0x4517, 0x19CB, 0x0866, 0x0867, 0x0867, 0x0846, 0x2A4F, 0x2A50, 0x21CC, 0x2332, 0x2312, 0x2B53, 0x0000, 0x97FF, 0x0000, 0x0002, 0x0043, 0x0002, 0x408A, 0x60CE, 0xA0D5, 0xF17E, 0x0000, 0x6FFF, 0x0000, 0x2A70, 0x2A4F, 0x1929, 0x10EA, 0x0886, 0x4B11, 0x5394, 0x5C16, 0x0001, 0x0022, 0xF81F, 0xF81F,  /* row 39 */
    0xF81F, 0x18E5, 0x0863, 0x08A5, 0x08A4, 0x1125, 0x1B8F, 0x1B4E, 0x0001, 0x0846, 0x0847, 0x0867, 0x0846, 0x2A50, 0x2A70, 0x0884, 0x3535, 0x2CF4, 0x2D15, 0x0000, 0x9FFF, 0x0000, 0x0002, 0x76BB, 0x0000, 0xF97F, 0x68CE, 0x98D5, 0xF95E, 0x0000, 0x6FFF, 0x0000, 0x21AC, 0x198B, 0x10C7, 0x10C9, 0x0886, 0x0000, 0x4473, 0x3B10, 0x0866, 0x0021, 0xF81F, 0xF81F,  /* row 40 */
    0xF81F, 0x0001, 0x3B11, 0x224E, 0x0043, 0xA442, 0x8BC3, 0x0001, 0x0846, 0x0867, 0x0847, 0x0847, 0x0846, 0x2A70, 0x2A4F, 0x2A4F, 0x1107, 0x1127, 0x1107, 0x0000, 0x9FFF, 0x0000, 0x0002, 0x767A, 0x0000, 0xF95F, 0x68EF, 0x98D4, 0xF17E, 0x0000, 0x77FF, 0x0000, 0x1128, 0x1128, 0x10C7, 0x0886, 0x196E, 0x10C9, 0x0023, 0x328D, 0x4B73, 0x0863, 0x2105, 0xF81F,  /* row 41 */
    0x39EA, 0x196A, 0x3B12, 0x1989, 0x0001, 0x2902, 0x20E2, 0x0001, 0x0847, 0x0847, 0x0847, 0x0847, 0x0846, 0x2A4F, 0x2A4F, 0x2A4F, 0x2A4F, 0x2A4F, 0x2A4F, 0x0002, 0x9FFF, 0x0001, 0x0002, 0x767A, 0x0000, 0xF95F, 0x68CF, 0x90B3, 0xF17E, 0x0000, 0x77DF, 0x0000, 0x2A70, 0x2A4F, 0x198C, 0x0024, 0x10CA, 0x08A9, 0x0023, 0x2A4D, 0x3AF1, 0x5C77, 0x0022, 0x2105,  /* row 42 */
    0x0884, 0x2A91, 0x21AB, 0x0842, 0x0866, 0x1087, 0x0842, 0x1088, 0x0887, 0x0887, 0x0887, 0x0887, 0x0867, 0x1928, 0x1928, 0x1948, 0x1928, 0x1928, 0x1928, 0x0022, 0x434F, 0x0022, 0x0023, 0x322B, 0x0022, 0x58AD, 0x2087, 0x308A, 0x50CD, 0x0022, 0x32CD, 0x0021, 0x10E7, 0x10E6, 0x0885, 0x0023, 0x0866, 0x0866, 0x0023, 0x10E6, 0x1128, 0x21EB, 0x0023, 0x1063,  /* row 43 */
};
static const Sprite NB_SPRITE_SAD_0 = {
    44, 44, 0xF81F, nb_sad_0_px
};

static const uint16_t nb_sad_1_px[] = {
    0xF81F, 0xF81F, 0xF81F, 0xF81F, 0xF81F, 0xF81F, 0xF81F, 0xF81F, 0xF81F, 0xF81F, 0xF81F, 0xF81F, 0xF81F, 0xF81F, 0xF81F, 0xF81F, 0xF81F, 0xF81F, 0xF81F, 0x31A9, 0x31C9, 0x31A9, 0x31C9, 0x31C9, 0x31C9, 0x31C9, 0x31A9, 0x31A9, 0x31A9, 0x0003, 0xF81F, 0xF81F, 0xF81F, 0xF81F, 0xF81F, 0xF81F, 0xF81F, 0xF81F, 0xF81F, 0xF81F, 0xF81F, 0xF81F, 0xF81F, 0xF81F,  /* row 0  */
    0xF81F, 0xF81F, 0xF81F, 0xF81F, 0xF81F, 0xF81F, 0xF81F, 0xF81F, 0xF81F, 0xF81F, 0x0842, 0x0002, 0x0002, 0x0844, 0x29F2, 0x21F1, 0x5556, 0x9D35, 0xB618, 0xE7DF, 0xAEDE, 0xAEBE, 0xAEBE, 0xEFFF, 0xEFFF, 0xEFFF, 0xEFFF, 0xEFFF, 0xF7FF, 0x6454, 0x3B52, 0x21B0, 0x8CD4, 0x4B92, 0x0002, 0x0002, 0x0844, 0xF81F, 0xF81F, 0xF81F, 0xF81F, 0xF81F, 0xF81F, 0xF81F,  /* row 1  */
    0xF81F, 0xF81F, 0xF81F, 0xF81F, 0xF81F, 0xF81F, 0xF81F, 0xF81F, 0x0863, 0x0001, 0x2172, 0x9E9C, 0xDF5D, 0xDF7D, 0xFFFF, 0xD75F, 0x967E, 0x85FE, 0x753D, 0x6CBC, 0xAE9E, 0xF7FF, 0xEFFF, 0xEFFF, 0xEFFF, 0xEFFF, 0xEFFF, 0xEFFF, 0xEFFF, 0xEFFF, 0xA6DE, 0xF7FF, 0xA67D, 0x779E, 0xE7FF, 0xB7FF, 0x1905, 0x0003, 0xF81F, 0xF81F, 0xF81F, 0xF81F, 0xF81F, 0xF81F,  /* row 2  */
    0xF81F, 0xF81F, 0xF81F, 0xF81F, 0xF81F, 0xF81F, 0xF81F, 0x2146, 0x8E19, 0xD75E, 0xEFFF, 0xE7FF, 0xE7DF, 0xDF7E, 0x857D, 0xCF7F, 0x9E7E, 0x6C7B, 0x433A, 0xDF5E, 0xEFFF, 0xEFFF, 0xEFFF, 0xEFFF, 0xEFFF, 0xEFFF, 0xEFFF, 0xEFFF, 0xEFFF, 0xEFFF, 0x9EDE, 0xEFBF, 0x5BBA, 0xF7FF, 0xE7FF, 0xEFFF, 0xF7FF, 0x7C32, 0x0825, 0xF81F, 0xF81F, 0xF81F, 0xF81F, 0xF81F,  /* row 3  */
    0xF81F, 0xF81F, 0xF81F, 0xF81F, 0xF81F, 0xF81F, 0x0023, 0x4B91, 0xB7BF, 0xE7FF, 0xEFFF, 0xEFFF, 0xEFFF, 0xDF9F, 0x855E, 0xEFFF, 0xA67D, 0x5BDA, 0x431A, 0xA7FF, 0xB7BF, 0xEFFF, 0xEFFF, 0xEFFF, 0xEFFF, 0xEFFF, 0xEFFF, 0xEFFF, 0xEFFF, 0xEFFF, 0xF7FF, 0x96FE, 0x6C7B, 0x95DC, 0xEFFF, 0xEFFF, 0xEFFF, 0xDEDB, 0x632D, 0xF81F, 0xF81F, 0xF81F, 0xF81F, 0xF81F,  /* row 4  */
    0xF81F, 0xF81F, 0xF81F, 0xF81F, 0x0001, 0xA7DF, 0xF7FF, 0xAFBE, 0xD7FF, 0xEFFF, 0xEFFF, 0xEFFF, 0xEFFF, 0xE7DF, 0xC71F, 0xE7DF, 0x9E3D, 0x955C, 0xEFFF, 0xEFFF, 0xEFFF, 0xEFFF, 0xEFFF, 0xEFFF, 0xEFFF, 0xEFFF, 0xEFFF, 0xEFFF, 0xEFFF, 0xEFFF, 0xEFFF, 0xEFFF, 0xD75F, 0x95BD, 0xEFFF, 0xE7FF, 0xCFFF, 0x6F9F, 0xF7DF, 0x10A3, 0xF81F, 0xF81F, 0xF81F, 0xF81F,  /* row 5  */
    0xF81F, 0xF81F, 0xF81F, 0x0005, 0xB7DF, 0x9FDF, 0xEFFF, 0xE7FF, 0xEFFF, 0xEFFF, 0xEFFF, 0xEFFF, 0xAFBF, 0xA7BF, 0xEFFF, 0xE79F, 0x535A, 0x8D1B, 0xE7FF, 0xEFFF, 0xEFFF, 0xEFFF, 0xEFFF, 0xEFFF, 0xEFFF, 0xEFFF, 0xEFFF, 0xEFFF, 0xEFFF, 0xEFFF, 0xEFFF, 0xEFFF, 0xCF3E, 0x7CFD, 0xBEDE, 0xE7FF, 0xCFDF, 0x67BF, 0xF7FF, 0x5F7E, 0x0022, 0xF81F, 0xF81F, 0xF81F,  /* row 6  */
    0xF81F, 0xF81F, 0xF81F, 0x0001, 0xAFFF, 0xA7DF, 0xEFFF, 0xEFFF, 0xEFFF, 0xEFFF, 0xEFFF, 0xEFFF, 0xEFFF, 0xEFFF, 0xE7FF, 0xE79F, 0x4B39, 0xC77F, 0xEFFF, 0xEFFF, 0xEFFF, 0xEFFF, 0xEFFF, 0xEFFF, 0xEFFF, 0xEFFF, 0xEFFF, 0xEFFF, 0xEFFF, 0xEFFF, 0xF7FF, 0xF7FF, 0xEFFF, 0xD75F, 0xB69E, 0xEFFF, 0xEFFF, 0xF7FF, 0xC7DF, 0x77FF, 0x0022, 0xF81F, 0xF81F, 0xF81F,  /* row 7  */
    0xF81F, 0xF81F, 0xF81F, 0x0001, 0xAFFF, 0xA7DF, 0xEFFF, 0xEFFF, 0xEFFF, 0xEFFF, 0xF7FF, 0xA7BF, 0x9FBF, 0x9FBF, 0xF7FF, 0xEFBF, 0x4B39, 0xA6FF, 0x9EBF, 0x9EBF, 0x9EBF, 0x9E9F, 0x9E9F, 0x9E9F, 0x9E9F, 0x9E9F, 0x9E9F, 0x9E9F, 0x9E9F, 0x9E9F, 0x9E9F, 0x9E9F, 0xAEFF, 0xDF7F, 0xBE9E, 0xEFFF, 0xCFFF, 0x477F, 0xFFFF, 0xEFFF, 0x0842, 0xF81F, 0xF81F, 0xF81F,  /* row 8  */
    0xF81F, 0xF81F, 0xF81F, 0x0001, 0xAFFF, 0xA7DF, 0xEFFF, 0xEFFF, 0xEFFF, 0xEFFF, 0xAFBE, 0xEFFF, 0xF7FF, 0xEFFF, 0xAF5F, 0x7D1E, 0x42DA, 0x10A3, 0x10A3, 0x10A4, 0x10A4, 0x10A4, 0x10A4, 0x10A4, 0x10A4, 0x10A4, 0x10A4, 0x10A4, 0x10A4, 0x10A4, 0x10A5, 0x10A5, 0x10C5, 0x31CA, 0x95FF, 0x8DDF, 0x767F, 0x57DF, 0x67BF, 0xFFFF, 0x0801, 0x0023, 0xF81F, 0xF81F,  /* row 9  */
    0xF81F, 0xF81F, 0xF81F, 0x0001, 0xAFFF, 0xA7DF, 0xEFFF, 0xEFFF, 0xEFFF, 0xEFFF, 0xF7FF, 0x973F, 0x5458, 0x6459, 0x18B1, 0x0001, 0x0003, 0x10A5, 0x4A5C, 0x4A3B, 0x4A3A, 0x4A3A, 0x4A3A, 0x4A3A, 0x4A5B, 0x4A5B, 0x4A5B, 0x525B, 0x527B, 0x527B, 0x527B, 0x527B, 0x527B, 0x4A5B, 0x294D, 0x18C5, 0x18A4, 0x0004, 0x1147, 0x367B, 0x56FD, 0x0001, 0xF81F, 0xF81F,  /* row 10 */
    0xF81F, 0xF81F, 0xF81F, 0x0001, 0xAFFF, 0xA7DF, 0xEFFF, 0xEFFF, 0xEFFF, 0xEFFF, 0xBF3F, 0x18EC, 0x0004, 0x0004, 0x100B, 0x2050, 0x2050, 0x4193, 0x3952, 0x3951, 0x3951, 0x3131, 0x3131, 0x3131, 0x3111, 0x3111, 0x3111, 0x3111, 0x2910, 0x28F0, 0x28F0, 0x28F1, 0x28F1, 0x28F0, 0x28F0, 0x83F7, 0xE71F, 0xD69E, 0x298F, 0x0002, 0x10AB, 0x0002, 0xF81F, 0xF81F,  /* row 11 */
    0xF81F, 0xF81F, 0xF81F, 0x0001, 0xAFFF, 0xA7DF, 0xEFFF, 0xEFFF, 0xF7FF, 0xBE19, 0x0006, 0x0829, 0x0004, 0x0005, 0x202F, 0x202F, 0x202F, 0x204F, 0x204F, 0x204F, 0x204F, 0x204F, 0x204F, 0x204F, 0x204F, 0x204F, 0x204F, 0x204F, 0x204F, 0x204F, 0x204F, 0x204F, 0x204F, 0x204F, 0x204F, 0x180F, 0x080E, 0x7377, 0xD6FF, 0x0002, 0x2977, 0x0001, 0xF81F, 0xF81F,  /* row 12 */
    0xF81F, 0xF81F, 0xF81F, 0x0001, 0xAFFF, 0xA7DF, 0xEFFF, 0xEFFF, 0x7C31, 0x0007, 0x0828, 0x0829, 0x0004, 0x0004, 0x202F, 0x202F, 0x202F, 0x202F, 0x202F, 0x202F, 0x202F, 0x202F, 0x202F, 0x202F, 0x202F, 0x202F, 0x202F, 0x202F, 0x202F, 0x202F, 0x202F, 0x202F, 0x202F, 0x202F, 0x202F, 0x202F, 0x202F, 0x28D0, 0xCEBF, 0x4A78, 0x0001, 0x0022, 0xF81F, 0xF81F,  /* row 13 */
    0xF81F, 0xF81F, 0xF81F, 0x0001, 0xB7FF, 0xA7FF, 0xF7FF, 0xEFFF, 0x8472, 0x0828, 0x0828, 0x0006, 0x0004, 0x104F, 0x102E, 0x102E, 0x102E, 0x102E, 0x102E, 0x102E, 0x102E, 0x182F, 0x202F, 0x202F, 0x202F, 0x202F, 0x202F, 0x202F, 0x202F, 0x202F, 0x102E, 0x102E, 0x102E, 0x102E, 0x102E, 0x102E, 0x182F, 0x188F, 0xC67F, 0x5B3B, 0x0001, 0x0022, 0xF81F, 0xF81F,  /* row 14 */
    0xF81F, 0xF81F, 0xF81F, 0x0002, 0x0024, 0x0003, 0x4A4B, 0xEFFF, 0x8472, 0x0828, 0x0829, 0x282C, 0x9038, 0x9038, 0x9038, 0x9038, 0x9038, 0x9038, 0x9038, 0x9038, 0x9038, 0x2830, 0x202F, 0x202F, 0x202F, 0x202F, 0x202F, 0x202F, 0x202F, 0x182E, 0x8838, 0x8838, 0x8837, 0x8037, 0x8037, 0x8037, 0x8837, 0x8838, 0xAC7C, 0xD6DF, 0x39D8, 0x0001, 0xF81F, 0xF81F,  /* row 15 */
    0xF81F, 0x0844, 0x6AE2, 0xACE3, 0x0000, 0x7535, 0x420A, 0xEFDF, 0x8472, 0x0828, 0x0829, 0x1029, 0x202F, 0x202F, 0x202F, 0x202F, 0x202F, 0x202F, 0x202F, 0x202F, 0x202F, 0x202F, 0x202F, 0x202F, 0x202F, 0x202F, 0x202F, 0x202F, 0x202F, 0x202F, 0x202F, 0x202F, 0x202F, 0x202F, 0x202F, 0x202F, 0x2030, 0x202F, 0x49F3, 0xCEDF, 0x31B8, 0x0021, 0xF81F, 0xF81F,  /* row 16 */
    0xF81F, 0x0844, 0x9C61, 0xFF41, 0x0000, 0x64B4, 0x4209, 0xEFDF, 0x8472, 0x0828, 0x0828, 0x0829, 0x182F, 0x202F, 0x202F, 0x202F, 0x202F, 0x202F, 0x202F, 0x202F, 0x202F, 0x202F, 0x202F, 0x202F, 0x202F, 0x202F, 0x202F, 0x202F, 0x202F, 0x202F, 0x202F, 0x202F, 0x202F, 0x202F, 0x202F, 0x202F, 0x202F, 0x202F, 0x100E, 0xD6FF, 0x31B7, 0x0001, 0xF81F, 0xF81F,  /* row 17 */
    0xF81F, 0x0844, 0x9C81, 0xFF61, 0x0001, 0x6CD3, 0x4209, 0xEFDF, 0x8472, 0x0828, 0x0828, 0x0829, 0x182F, 0x202F, 0x202F, 0x182F, 0x6814, 0x6015, 0x6016, 0x6035, 0x6816, 0x202F, 0x202F, 0x202F, 0x202F, 0x202F, 0x202F, 0x202F, 0x202F, 0x182F, 0x6835, 0x6816, 0x6816, 0x6816, 0x2830, 0x202F, 0x202F, 0x202F, 0x100E, 0xD6FF, 0x31B7, 0x0001, 0xF81F, 0xF81F,  /* row 18 */
    0xF81F, 0x0843, 0xACE1, 0xFFE0, 0x0001, 0x3135, 0x3A09, 0xEFDF, 0x8472, 0x0828, 0x0828, 0x0829, 0x182F, 0x202F, 0x202F, 0x2030, 0xF81E, 0xE81F, 0xE81F, 0xE81F, 0xF01F, 0x2831, 0x202F, 0x202F, 0x202F, 0x202F, 0x202F, 0x202F, 0x202F, 0x082E, 0xF01F, 0xE81F, 0xE81F, 0xF01F, 0x3833, 0x202F, 0x202F, 0x202F, 0x100E, 0xD6FF, 0x31D8, 0x0001, 0xF81F, 0xF81F,  /* row 19 */
    0xF81F, 0xF81F, 0x0004, 0x0003, 0x0004, 0x0002, 0x3A09, 0xE7DF, 0x8472, 0x0828, 0x0828, 0x0829, 0x182F, 0x202F, 0x202F, 0x2030, 0xF81E, 0xE81F, 0xF01F, 0xE81F, 0xF81E, 0x2831, 0x202F, 0x202F, 0x202F, 0x202F, 0x202F, 0x202F, 0x202F, 0x082E, 0xF81E, 0xE81F, 0xF01F, 0xF01F, 0x3832, 0x202F, 0x202F, 0x202F, 0x100E, 0xD6FF, 0x39D8, 0x0001, 0xF81F, 0xF81F,  /* row 20 */
    0xF81F, 0xF81F, 0xF81F, 0x0002, 0x3A6A, 0xAFFF, 0xF7FF, 0xE7FF, 0x8472, 0x0828, 0x0829, 0x0829, 0x182F, 0x202F, 0x202F, 0x2030, 0xF81E, 0xF81E, 0xF81E, 0xF81E, 0xF81E, 0x2830, 0x202F, 0x202F, 0x202F, 0x202F, 0x202F, 0x202F, 0x202F, 0x082E, 0xF81E, 0xF81E, 0xF81E, 0xF81E, 0x4033, 0x202F, 0x202F, 0x202F, 0x100E, 0xD6FF, 0x39D8, 0x0001, 0xF81F, 0xF81F,  /* row 21 */
    0xF81F, 0xF81F, 0xF81F, 0x0001, 0xAFFF, 0xA7DF, 0xEFFF, 0xEFFF, 0x8C72, 0x0828, 0x0828, 0x0826, 0x182E, 0x182F, 0x202F, 0x182F, 0x3032, 0x3032, 0x3032, 0x3032, 0x2831, 0x202F, 0x202F, 0x202F, 0x202F, 0x202F, 0x202F, 0x202F, 0x202F, 0x202F, 0x2832, 0x2832, 0x2832, 0x2832, 0x202F, 0x202F, 0x202F, 0x202F, 0x100E, 0xD6FF, 0x212E, 0x0002, 0xF81F, 0xF81F,  /* row 22 */
    0xF81F, 0xF81F, 0xF81F, 0x0001, 0xAFFF, 0xA7DF, 0xEFFF, 0xE7FF, 0x8492, 0x0828, 0x0828, 0x0004, 0x182E, 0x182F, 0x202F, 0x182F, 0x202F, 0x202F, 0x202F, 0x202F, 0x202F, 0x202F, 0x202F, 0x202F, 0x202F, 0x202F, 0x202F, 0x202F, 0x202F, 0x202F, 0x202F, 0x202F, 0x202F, 0x202F, 0x202F, 0x202F, 0x202F, 0x202F, 0x100E, 0xE77F, 0x0843, 0x0002, 0xF81F, 0xF81F,  /* row 23 */
    0xF81F, 0xF81F, 0xF81F, 0x0022, 0xAFFF, 0xA7DF, 0xEFFF, 0xE7FF, 0x8492, 0x0828, 0x0828, 0x0004, 0x182E, 0x182F, 0x202F, 0x182F, 0x182F, 0x182F, 0x182F, 0x182F, 0x202F, 0x202F, 0x182F, 0x182F, 0x182F, 0x182F, 0x182F, 0x182F, 0x182F, 0x182F, 0x182F, 0x182F, 0x182F, 0x182F, 0x202F, 0x202F, 0x202F, 0x202F, 0x41D3, 0x4A9A, 0x0002, 0x0002, 0xF81F, 0xF81F,  /* row 24 */
    0xF81F, 0xF81F, 0x1083, 0x4B8F, 0xAFFF, 0xA7DF, 0xEFFF, 0xE7FF, 0x8C93, 0x0828, 0x0829, 0x0004, 0x102A, 0x182E, 0x202F, 0x182F, 0x182F, 0x182F, 0x182F, 0x1830, 0x202F, 0x202F, 0x2030, 0x2030, 0x202F, 0x202F, 0x202F, 0x202F, 0x202F, 0x202F, 0x202F, 0x202F, 0x202F, 0x202F, 0x202F, 0x202F, 0x202F, 0x2050, 0x7378, 0x52DA, 0x0002, 0x0002, 0xF81F, 0xF81F,  /* row 25 */
    0xF81F, 0x0842, 0x7C32, 0x9F9E, 0xA7DF, 0xA7DF, 0xEFFF, 0xE7FF, 0x8493, 0x0828, 0x0829, 0x0005, 0x0003, 0x184E, 0x202F, 0x182F, 0x182F, 0x182F, 0x182F, 0x0827, 0x0004, 0x0004, 0x0003, 0x0003, 0x0826, 0x0827, 0x102A, 0x182C, 0x182D, 0x202F, 0x2030, 0x2030, 0x2030, 0x202F, 0x182F, 0x182F, 0x202F, 0x202F, 0x643A, 0x52DB, 0x0002, 0x1083, 0xF81F, 0xF81F,  /* row 26 */
    0xF81F, 0x0842, 0x7C11, 0x9FBF, 0xA7DF, 0xA7DF, 0xEFFF, 0xE7FF, 0x8472, 0x0828, 0x0829, 0x0004, 0x0003, 0x184E, 0x202F, 0x182F, 0x182F, 0x182F, 0x182F, 0x182F, 0x202F, 0x202F, 0x2030, 0x2030, 0x182E, 0x182D, 0x102A, 0x1029, 0x0827, 0x0005, 0x0004, 0x0003, 0x0003, 0x0005, 0x0807, 0x182E, 0x202F, 0x202F, 0x3175, 0x0847, 0x0863, 0xF81F, 0xF81F, 0xF81F,  /* row 27 */
    0xF81F, 0x0022, 0x7C11, 0x9FBF, 0xA7DF, 0xA7DF, 0xF7FF, 0xB7DF, 0x6411, 0x1911, 0x2132, 0x0003, 0x0003, 0x0002, 0x2050, 0x182F, 0x182F, 0x182F, 0x182F, 0x182F, 0x182F, 0x202F, 0x202F, 0x202F, 0x202F, 0x182F, 0x202F, 0x202F, 0x202F, 0x202F, 0x2030, 0x2030, 0x202F, 0x202F, 0x104D, 0x184F, 0x202F, 0x202F, 0x1028, 0xF81F, 0xF81F, 0xF81F, 0xF81F, 0xF81F,  /* row 28 */
    0xF81F, 0x0022, 0x7C11, 0x9FBF, 0xA7DF, 0xA7DF, 0xAFDF, 0xA7DF, 0x53F0, 0x0024, 0x29F8, 0x2173, 0x1910, 0x0002, 0x0004, 0x2050, 0x202F, 0x202F, 0x202F, 0x202F, 0x202F, 0x202F, 0x202F, 0x202F, 0x202F, 0x202F, 0x202F, 0x202F, 0x202F, 0x202F, 0x202F, 0x202F, 0x202F, 0x202F, 0x184E, 0x184F, 0x202F, 0x202F, 0x0828, 0xF81F, 0xF81F, 0xF81F, 0xF81F, 0xF81F,  /* row 29 */
    0xF81F, 0x1906, 0x526B, 0xBFFF, 0xA7DF, 0xA7DF, 0xA7DF, 0xA7DF, 0xB7FF, 0x3ACD, 0x324B, 0x0001, 0x18EF, 0x29D8, 0x0846, 0x0002, 0x182F, 0x202F, 0x202F, 0x202F, 0x202F, 0x202F, 0x202F, 0x202F, 0x202F, 0x202F, 0x202F, 0x202F, 0x202F, 0x202F, 0x202F, 0x202F, 0x202F, 0x202F, 0x1830, 0x184F, 0x1049, 0x0000, 0x0001, 0xF81F, 0xF81F, 0xF81F, 0xF81F, 0xF81F,  /* row 30 */
    0xF81F, 0xF81F, 0xF81F, 0x0000, 0x538F, 0xB7FF, 0x53F0, 0x96BB, 0xAFFF, 0xAFFF, 0xA7DF, 0x6D15, 0x0001, 0x0026, 0x29F9, 0x18CC, 0x0002, 0x0827, 0x102A, 0x202F, 0x202F, 0x204F, 0x2030, 0x202F, 0x2030, 0x2030, 0x2030, 0x2030, 0x2030, 0x2030, 0x2050, 0x2030, 0x202F, 0x102C, 0x0004, 0x0003, 0x2849, 0x30C8, 0xF81F, 0xF81F, 0xF81F, 0xF81F, 0xF81F, 0xF81F,  /* row 31 */
    0xF81F, 0xF81F, 0xF81F, 0xF81F, 0x0022, 0x1926, 0x0002, 0x0021, 0x0061, 0x0861, 0xAFDF, 0xA7FF, 0x9F7E, 0x432E, 0x0002, 0x0003, 0x31F8, 0x0847, 0x0003, 0x0003, 0x0003, 0x0003, 0x0003, 0x0003, 0x0003, 0x0003, 0x0003, 0x0003, 0x0003, 0x0003, 0x0003, 0x0003, 0x0003, 0x0002, 0x1827, 0xA197, 0x1923, 0xF81F, 0xF81F, 0xF81F, 0xF81F, 0xF81F, 0xF81F, 0xF81F,  /* row 32 */
    0xF81F, 0xF81F, 0xF81F, 0xF81F, 0xF81F, 0x0001, 0x0001, 0x32F1, 0x32B1, 0x2A0D, 0x0000, 0x10E4, 0xA7FF, 0x9FFF, 0x9FFF, 0x0001, 0x0003, 0x29F8, 0x190F, 0x0004, 0x0004, 0x0003, 0x0004, 0x0004, 0x0004, 0x0004, 0x0004, 0x0868, 0x108A, 0x108A, 0x088A, 0x0004, 0x48CC, 0xEA1F, 0xB1F6, 0x0001, 0xF81F, 0xF81F, 0xF81F, 0xF81F, 0xF81F, 0xF81F, 0xF81F, 0xF81F,  /* row 33 */
    0xF81F, 0xF81F, 0xF81F, 0xF81F, 0xF81F, 0x0000, 0x10E6, 0x10C6, 0x0863, 0x1148, 0x19AA, 0x0000, 0x29E9, 0x0862, 0x5CB3, 0x97FF, 0x332D, 0x0846, 0x2172, 0x0887, 0x0866, 0x0004, 0x0005, 0x0005, 0x0005, 0x0005, 0x0004, 0x0848, 0x0004, 0x0004, 0x0848, 0x1068, 0x9174, 0x386A, 0x0044, 0x0864, 0x0044, 0x2106, 0xF81F, 0xF81F, 0xF81F, 0xF81F, 0xF81F, 0xF81F,  /* row 34 */
    0xF81F, 0xF81F, 0xF81F, 0xF81F, 0x0001, 0x0000, 0x0001, 0x0001, 0x1107, 0x2A70, 0x2A4F, 0x0863, 0x0023, 0x08C8, 0x0024, 0x0883, 0x0863, 0x0003, 0x0003, 0x0022, 0x218D, 0x0002, 0x104D, 0x104B, 0x104B, 0x106B, 0x104B, 0x0025, 0x0827, 0x0827, 0x0003, 0x0827, 0x0002, 0x0044, 0x2A4F, 0x32B1, 0x4393, 0x4BB3, 0x0001, 0xF81F, 0xF81F, 0xF81F, 0xF81F, 0xF81F,  /* row 35 */
    0xF81F, 0xF81F, 0xF81F, 0x1083, 0x0021, 0x64D8, 0x5436, 0x2A90, 0x0021, 0x0000, 0x2A6F, 0x2A4F, 0x2A4F, 0x2A4F, 0x2A91, 0x0847, 0x0001, 0x0002, 0x0002, 0x0002, 0x08A3, 0x28D0, 0x0005, 0x104C, 0x104B, 0x104B, 0x104B, 0x0005, 0x0003, 0x0003, 0x0002, 0x0025, 0x2A4F, 0x0863, 0x196B, 0x0023, 0x322D, 0x5BF6, 0x21A9, 0x0001, 0xF81F, 0xF81F, 0xF81F, 0xF81F,  /* row 36 */
    0xF81F, 0xF81F, 0xF81F, 0x1B4F, 0x5C76, 0x4352, 0x224E, 0x224E, 0x2A6F, 0x1148, 0x0864, 0x21CD, 0x21CD, 0x21AD, 0x21CD, 0x110A, 0x2A90, 0x2A2E, 0x10C6, 0x0000, 0x97FF, 0x0001, 0x106C, 0x104B, 0x104B, 0x104C, 0x0829, 0x0004, 0x1025, 0x0000, 0x7FFF, 0x0000, 0x2A4F, 0x10E7, 0x196B, 0x0023, 0x324D, 0x53D5, 0x6CD9, 0x0863, 0xF81F, 0xF81F, 0xF81F, 0xF81F,  /* row 37 */
    0xF81F, 0xF81F, 0x0000, 0x36FD, 0x377F, 0x218B, 0x220D, 0x222D, 0x222E, 0x2A8F, 0x0847, 0x0867, 0x0846, 0x21EE, 0x21CD, 0x2A4F, 0x2A4F, 0x2A4F, 0x2A90, 0x0000, 0x8FFF, 0x0001, 0x106D, 0x106C, 0x104C, 0x0829, 0x0003, 0x70D0, 0xF97F, 0x0000, 0x6FFF, 0x0000, 0x2A91, 0x2A50, 0x196B, 0x0023, 0x10A5, 0x42F0, 0x53D5, 0x5BD5, 0x0001, 0x0022, 0xF81F, 0xF81F,  /* row 38 */
    0xF81F, 0xF81F, 0x18E5, 0x0000, 0x2E5C, 0x367C, 0x3EFD, 0x4517, 0x19CB, 0x0866, 0x0867, 0x0867, 0x0846, 0x2A4F, 0x2A50, 0x21CC, 0x2332, 0x2312, 0x2B53, 0x0000, 0x97FF, 0x0000, 0x0002, 0x0043, 0x0002, 0x408A, 0x60CE, 0xA0D5, 0xF17E, 0x0000, 0x6FFF, 0x0000, 0x2A70, 0x2A4F, 0x1929, 0x10EA, 0x0886, 0x4B11, 0x5394, 0x5C16, 0x0001, 0x0022, 0xF81F, 0xF81F,  /* row 39 */
    0xF81F, 0x18E5, 0x0863, 0x08A5, 0x08A4, 0x1125, 0x1B8F, 0x1B4E, 0x0001, 0x0846, 0x0847, 0x0867, 0x0846, 0x2A50, 0x2A70, 0x0884, 0x3535, 0x2CF4, 0x2D15, 0x0000, 0x9FFF, 0x0000, 0x0002, 0x76BB, 0x0000, 0xF97F, 0x68CE, 0x98D5, 0xF95E, 0x0000, 0x6FFF, 0x0000, 0x21AC, 0x198B, 0x10C7, 0x10C9, 0x0886, 0x0000, 0x4473, 0x3B10, 0x0866, 0x0021, 0xF81F, 0xF81F,  /* row 40 */
    0xF81F, 0x0001, 0x3B11, 0x224E, 0x0043, 0xA442, 0x8BC3, 0x0001, 0x0846, 0x0867, 0x0847, 0x0847, 0x0846, 0x2A70, 0x2A4F, 0x2A4F, 0x1107, 0x1127, 0x1107, 0x0000, 0x9FFF, 0x0000, 0x0002, 0x767A, 0x0000, 0xF95F, 0x68EF, 0x98D4, 0xF17E, 0x0000, 0x77FF, 0x0000, 0x1128, 0x1128, 0x10C7, 0x0886, 0x196E, 0x10C9, 0x0023, 0x328D, 0x4B73, 0x0863, 0x2105, 0xF81F,  /* row 41 */
    0x39EA, 0x196A, 0x3B12, 0x1989, 0x0001, 0x2902, 0x20E2, 0x0001, 0x0847, 0x0847, 0x0847, 0x0847, 0x0846, 0x2A4F, 0x2A4F, 0x2A4F, 0x2A4F, 0x2A4F, 0x2A4F, 0x0002, 0x9FFF, 0x0001, 0x0002, 0x767A, 0x0000, 0xF95F, 0x68CF, 0x90B3, 0xF17E, 0x0000, 0x77DF, 0x0000, 0x2A70, 0x2A4F, 0x198C, 0x0024, 0x10CA, 0x08A9, 0x0023, 0x2A4D, 0x3AF1, 0x5C77, 0x0022, 0x2105,  /* row 42 */
    0x0884, 0x2A91, 0x21AB, 0x0842, 0x0866, 0x1087, 0x0842, 0x1088, 0x0887, 0x0887, 0x0887, 0x0887, 0x0867, 0x1928, 0x1928, 0x1948, 0x1928, 0x1928, 0x1928, 0x0022, 0x434F, 0x0022, 0x0023, 0x322B, 0x0022, 0x58AD, 0x2087, 0x308A, 0x50CD, 0x0022, 0x32CD, 0x0021, 0x10E7, 0x10E6, 0x0885, 0x0023, 0x0866, 0x0866, 0x0023, 0x10E6, 0x1128, 0x21EB, 0x0023, 0x1063,  /* row 43 */
};
static const Sprite NB_SPRITE_SAD_1 = {
    44, 44, 0xF81F, nb_sad_1_px
};

static const uint16_t nb_sad_2_px[] = {
    0xF81F, 0xF81F, 0xF81F, 0xF81F, 0xF81F, 0xF81F, 0xF81F, 0xF81F, 0xF81F, 0xF81F, 0xF81F, 0xF81F, 0xF81F, 0xF81F, 0xF81F, 0xF81F, 0xF81F, 0xF81F, 0xF81F, 0x31A9, 0x31C9, 0x31A9, 0x31C9, 0x31C9, 0x31C9, 0x31C9, 0x31A9, 0x31A9, 0x31A9, 0x0003, 0xF81F, 0xF81F, 0xF81F, 0xF81F, 0xF81F, 0xF81F, 0xF81F, 0xF81F, 0xF81F, 0xF81F, 0xF81F, 0xF81F, 0xF81F, 0xF81F,  /* row 0  */
    0xF81F, 0xF81F, 0xF81F, 0xF81F, 0xF81F, 0xF81F, 0xF81F, 0xF81F, 0xF81F, 0xF81F, 0x0842, 0x0002, 0x0002, 0x0844, 0x29F2, 0x21F1, 0x5556, 0x9D35, 0xB618, 0xE7DF, 0xAEDE, 0xAEBE, 0xAEBE, 0xEFFF, 0xEFFF, 0xEFFF, 0xEFFF, 0xEFFF, 0xF7FF, 0x6454, 0x3B52, 0x21B0, 0x8CD4, 0x4B92, 0x0002, 0x0002, 0x0844, 0xF81F, 0xF81F, 0xF81F, 0xF81F, 0xF81F, 0xF81F, 0xF81F,  /* row 1  */
    0xF81F, 0xF81F, 0xF81F, 0xF81F, 0xF81F, 0xF81F, 0xF81F, 0xF81F, 0x0863, 0x0001, 0x2172, 0x9E9C, 0xDF5D, 0xDF7D, 0xFFFF, 0xD75F, 0x967E, 0x85FE, 0x753D, 0x6CBC, 0xAE9E, 0xF7FF, 0xEFFF, 0xEFFF, 0xEFFF, 0xEFFF, 0xEFFF, 0xEFFF, 0xEFFF, 0xEFFF, 0xA6DE, 0xF7FF, 0xA67D, 0x779E, 0xE7FF, 0xB7FF, 0x1905, 0x0003, 0xF81F, 0xF81F, 0xF81F, 0xF81F, 0xF81F, 0xF81F,  /* row 2  */
    0xF81F, 0xF81F, 0xF81F, 0xF81F, 0xF81F, 0xF81F, 0xF81F, 0x2146, 0x8E19, 0xD75E, 0xEFFF, 0xE7FF, 0xE7DF, 0xDF7E, 0x857D, 0xCF7F, 0x9E7E, 0x6C7B, 0x433A, 0xDF5E, 0xEFFF, 0xEFFF, 0xEFFF, 0xEFFF, 0xEFFF, 0xEFFF, 0xEFFF, 0xEFFF, 0xEFFF, 0xEFFF, 0x9EDE, 0xEFBF, 0x5BBA, 0xF7FF, 0xE7FF, 0xEFFF, 0xF7FF, 0x7C32, 0x0825, 0xF81F, 0xF81F, 0xF81F, 0xF81F, 0xF81F,  /* row 3  */
    0xF81F, 0xF81F, 0xF81F, 0xF81F, 0xF81F, 0xF81F, 0x0023, 0x4B91, 0xB7BF, 0xE7FF, 0xEFFF, 0xEFFF, 0xEFFF, 0xDF9F, 0x855E, 0xEFFF, 0xA67D, 0x5BDA, 0x431A, 0xA7FF, 0xB7BF, 0xEFFF, 0xEFFF, 0xEFFF, 0xEFFF, 0xEFFF, 0xEFFF, 0xEFFF, 0xEFFF, 0xEFFF, 0xF7FF, 0x96FE, 0x6C7B, 0x95DC, 0xEFFF, 0xEFFF, 0xEFFF, 0xDEDB, 0x632D, 0xF81F, 0xF81F, 0xF81F, 0xF81F, 0xF81F,  /* row 4  */
    0xF81F, 0xF81F, 0xF81F, 0xF81F, 0x0001, 0xA7DF, 0xF7FF, 0xAFBE, 0xD7FF, 0xEFFF, 0xEFFF, 0xEFFF, 0xEFFF, 0xE7DF, 0xC71F, 0xE7DF, 0x9E3D, 0x955C, 0xEFFF, 0xEFFF, 0xEFFF, 0xEFFF, 0xEFFF, 0xEFFF, 0xEFFF, 0xEFFF, 0xEFFF, 0xEFFF, 0xEFFF, 0xEFFF, 0xEFFF, 0xEFFF, 0xD75F, 0x95BD, 0xEFFF, 0xE7FF, 0xCFFF, 0x6F9F, 0xF7DF, 0x10A3, 0xF81F, 0xF81F, 0xF81F, 0xF81F,  /* row 5  */
    0xF81F, 0xF81F, 0xF81F, 0x0005, 0xB7DF, 0x9FDF, 0xEFFF, 0xE7FF, 0xEFFF, 0xEFFF, 0xEFFF, 0xEFFF, 0xAFBF, 0xA7BF, 0xEFFF, 0xE79F, 0x535A, 0x8D1B, 0xE7FF, 0xEFFF, 0xEFFF, 0xEFFF, 0xEFFF, 0xEFFF, 0xEFFF, 0xEFFF, 0xEFFF, 0xEFFF, 0xEFFF, 0xEFFF, 0xEFFF, 0xEFFF, 0xCF3E, 0x7CFD, 0xBEDE, 0xE7FF, 0xCFDF, 0x67BF, 0xF7FF, 0x5F7E, 0x0022, 0xF81F, 0xF81F, 0xF81F,  /* row 6  */
    0xF81F, 0xF81F, 0xF81F, 0x0001, 0xAFFF, 0xA7DF, 0xEFFF, 0xEFFF, 0xEFFF, 0xEFFF, 0xEFFF, 0xEFFF, 0xEFFF, 0xEFFF, 0xE7FF, 0xE79F, 0x4B39, 0xC77F, 0xEFFF, 0xEFFF, 0xEFFF, 0xEFFF, 0xEFFF, 0xEFFF, 0xEFFF, 0xEFFF, 0xEFFF, 0xEFFF, 0xEFFF, 0xEFFF, 0xF7FF, 0xF7FF, 0xEFFF, 0xD75F, 0xB69E, 0xEFFF, 0xEFFF, 0xF7FF, 0xC7DF, 0x77FF, 0x0022, 0xF81F, 0xF81F, 0xF81F,  /* row 7  */
    0xF81F, 0xF81F, 0xF81F, 0x0001, 0xAFFF, 0xA7DF, 0xEFFF, 0xEFFF, 0xEFFF, 0xEFFF, 0xF7FF, 0xA7BF, 0x9FBF, 0x9FBF, 0xF7FF, 0xEFBF, 0x4B39, 0xA6FF, 0x9EBF, 0x9EBF, 0x9EBF, 0x9E9F, 0x9E9F, 0x9E9F, 0x9E9F, 0x9E9F, 0x9E9F, 0x9E9F, 0x9E9F, 0x9E9F, 0x9E9F, 0x9E9F, 0xAEFF, 0xDF7F, 0xBE9E, 0xEFFF, 0xCFFF, 0x477F, 0xFFFF, 0xEFFF, 0x0842, 0xF81F, 0xF81F, 0xF81F,  /* row 8  */
    0xF81F, 0xF81F, 0xF81F, 0x0001, 0xAFFF, 0xA7DF, 0xEFFF, 0xEFFF, 0xEFFF, 0xEFFF, 0xAFBE, 0xEFFF, 0xF7FF, 0xEFFF, 0xAF5F, 0x7D1E, 0x42DA, 0x10A3, 0x10A3, 0x10A4, 0x10A4, 0x10A4, 0x10A4, 0x10A4, 0x10A4, 0x10A4, 0x10A4, 0x10A4, 0x10A4, 0x10A4, 0x10A5, 0x10A5, 0x10C5, 0x31CA, 0x95FF, 0x8DDF, 0x767F, 0x57DF, 0x67BF, 0xFFFF, 0x0801, 0x0023, 0xF81F, 0xF81F,  /* row 9  */
    0xF81F, 0xF81F, 0xF81F, 0x0001, 0xAFFF, 0xA7DF, 0xEFFF, 0xEFFF, 0xEFFF, 0xEFFF, 0xF7FF, 0x973F, 0x5458, 0x6459, 0x18B1, 0x0001, 0x0003, 0x10A5, 0x4A5C, 0x4A3B, 0x4A3A, 0x4A3A, 0x4A3A, 0x4A3A, 0x4A5B, 0x4A5B, 0x4A5B, 0x525B, 0x527B, 0x527B, 0x527B, 0x527B, 0x527B, 0x4A5B, 0x294D, 0x18C5, 0x18A4, 0x0004, 0x1147, 0x367B, 0x56FD, 0x0001, 0xF81F, 0xF81F,  /* row 10 */
    0xF81F, 0xF81F, 0xF81F, 0x0001, 0xAFFF, 0xA7DF, 0xEFFF, 0xEFFF, 0xEFFF, 0xEFFF, 0xBF3F, 0x18EC, 0x0004, 0x0004, 0x100B, 0x2050, 0x2050, 0x4193, 0x3952, 0x3951, 0x3951, 0x3131, 0x3131, 0x3131, 0x3111, 0x3111, 0x3111, 0x3111, 0x2910, 0x28F0, 0x28F0, 0x28F1, 0x28F1, 0x28F0, 0x28F0, 0x83F7, 0xE71F, 0xD69E, 0x298F, 0x0002, 0x10AB, 0x0002, 0xF81F, 0xF81F,  /* row 11 */
    0xF81F, 0xF81F, 0xF81F, 0x0001, 0xAFFF, 0xA7DF, 0xEFFF, 0xEFFF, 0xF7FF, 0xBE19, 0x0006, 0x0829, 0x0004, 0x0005, 0x202F, 0x202F, 0x202F, 0x204F, 0x204F, 0x204F, 0x204F, 0x204F, 0x204F, 0x204F, 0x204F, 0x204F, 0x204F, 0x204F, 0x204F, 0x204F, 0x204F, 0x204F, 0x204F, 0x204F, 0x204F, 0x180F, 0x080E, 0x7377, 0xD6FF, 0x0002, 0x2977, 0x0001, 0xF81F, 0xF81F,  /* row 12 */
    0xF81F, 0xF81F, 0xF81F, 0x0001, 0xAFFF, 0xA7DF, 0xEFFF, 0xEFFF, 0x7C31, 0x0007, 0x0828, 0x0829, 0x0004, 0x0004, 0x182F, 0x182F, 0x202F, 0x202F, 0x202F, 0x202F, 0x202F, 0x202F, 0x202F, 0x202F, 0x202F, 0x202F, 0x202F, 0x202F, 0x202F, 0x202F, 0x202F, 0x202F, 0x202F, 0x202F, 0x202F, 0x202F, 0x204F, 0x28D0, 0xCEBF, 0x4A78, 0x0001, 0x0022, 0xF81F, 0xF81F,  /* row 13 */
    0xF81F, 0xF81F, 0xF81F, 0x0001, 0xB7FF, 0xA7FF, 0xF7FF, 0xEFFF, 0x8472, 0x0828, 0x0828, 0x0006, 0x0002, 0x1830, 0x8A96, 0xAA38, 0x182F, 0x202F, 0x202F, 0x202F, 0x202F, 0x202F, 0x202F, 0x202F, 0x202F, 0x202F, 0x202F, 0x202F, 0x202F, 0x202F, 0x202F, 0x202F, 0x202F, 0x202F, 0x202F, 0x202F, 0x204F, 0x28B0, 0xCE9F, 0x5B3B, 0x0001, 0x0022, 0xF81F, 0xF81F,  /* row 14 */
    0xF81F, 0xF81F, 0xF81F, 0x0002, 0x0024, 0x0003, 0x4A4B, 0xEFFF, 0x8472, 0x0828, 0x0828, 0x0004, 0x184F, 0x182F, 0x70B1, 0xD239, 0x182F, 0x182F, 0x202F, 0x202F, 0x202F, 0x202F, 0x202F, 0x202F, 0x202F, 0x202F, 0x202F, 0x202F, 0x202F, 0x202F, 0x202F, 0x202F, 0x202F, 0x202F, 0x202F, 0x202F, 0x202F, 0x2030, 0x7BF8, 0xD6DF, 0x39D8, 0x0001, 0xF81F, 0xF81F,  /* row 15 */
    0xF81F, 0x0844, 0x6AE2, 0xACE3, 0x0000, 0x7535, 0x420A, 0xEFDF, 0x8472, 0x0828, 0x0828, 0x0004, 0x182E, 0x100E, 0xF95F, 0xE0FC, 0x3050, 0x102F, 0x202F, 0x182F, 0x182F, 0x182F, 0x182F, 0x202F, 0x182F, 0x182F, 0x182F, 0x182F, 0x202F, 0x202F, 0x202F, 0x202F, 0x202F, 0x202F, 0x202F, 0x202F, 0x100E, 0x202F, 0x3992, 0xCEDF, 0x31B8, 0x0021, 0xF81F, 0xF81F,  /* row 16 */
    0xF81F, 0x0844, 0x9C61, 0xFF41, 0x0000, 0x64B4, 0x4209, 0xEFDF, 0x8472, 0x0828, 0x0828, 0x0004, 0x182E, 0x100E, 0xF93F, 0xF0DD, 0xF8BD, 0xF0BC, 0x6092, 0x082E, 0x202F, 0x202F, 0x202F, 0x202F, 0x202F, 0x202F, 0x202F, 0x202F, 0x202F, 0x202F, 0x202F, 0x202F, 0x182F, 0x102E, 0x4871, 0xB0F7, 0xF95F, 0x182F, 0x100E, 0xD6FF, 0x31B7, 0x0001, 0xF81F, 0xF81F,  /* row 17 */
    0xF81F, 0x0844, 0x9C81, 0xFF61, 0x0001, 0x6CD3, 0x4209, 0xEFDF, 0x8472, 0x0828, 0x0828, 0x0004, 0x182E, 0x100E, 0xF9FF, 0x9897, 0xC8BA, 0xF87F, 0xF87F, 0xF89F, 0xA8F8, 0x182F, 0x202F, 0x202F, 0x202F, 0x202F, 0x202F, 0x202F, 0x202F, 0x202F, 0x202E, 0x5871, 0xD8FA, 0xF8FF, 0xF8FE, 0xF8FF, 0xF95D, 0x182F, 0x100E, 0xD6FF, 0x31B7, 0x0001, 0xF81F, 0xF81F,  /* row 18 */
    0xF81F, 0x0843, 0xACE1, 0xFFE0, 0x0001, 0x3135, 0x3A09, 0xEFDF, 0x8472, 0x0828, 0x0828, 0x0004, 0x182E, 0x182F, 0xC199, 0xA0B8, 0x182F, 0x102E, 0x5092, 0x7053, 0x3830, 0x182F, 0x202F, 0x202F, 0x202F, 0x202F, 0x202F, 0x202F, 0x202F, 0x182F, 0x7894, 0xC87A, 0xB078, 0xA8B8, 0x78B5, 0x182F, 0x100E, 0x202F, 0x100E, 0xD6FF, 0x31D8, 0x0001, 0xF81F, 0xF81F,  /* row 19 */
    0xF81F, 0xF81F, 0x0004, 0x0003, 0x0004, 0x0002, 0x3A09, 0xE7DF, 0x8472, 0x0828, 0x0828, 0x0004, 0x182E, 0x182F, 0x100E, 0x58B2, 0x202F, 0x202F, 0x182E, 0xF91F, 0xF97F, 0x102E, 0x202F, 0x202F, 0x202F, 0x202F, 0x202F, 0x202F, 0x202F, 0x202F, 0x182F, 0xC8B9, 0xE0FD, 0x3871, 0x202F, 0x202F, 0x202F, 0x202F, 0x100E, 0xD6FF, 0x39D8, 0x0001, 0xF81F, 0xF81F,  /* row 20 */
    0xF81F, 0xF81F, 0xF81F, 0x0002, 0x3A6A, 0xAFFF, 0xF7FF, 0xE7FF, 0x8472, 0x0828, 0x0828, 0x0004, 0x182E, 0x182F, 0x202F, 0x202F, 0x202F, 0x202F, 0x202F, 0x182E, 0x102E, 0x202F, 0x202F, 0x202F, 0x202F, 0x202F, 0x202F, 0x202F, 0x202F, 0x202F, 0x182F, 0x8095, 0xC0B9, 0x202F, 0x202F, 0x202F, 0x202F, 0x202F, 0x100E, 0xD6FF, 0x39D8, 0x0001, 0xF81F, 0xF81F,  /* row 21 */
    0xF81F, 0xF81F, 0xF81F, 0x0001, 0xAFFF, 0xA7DF, 0xEFFF, 0xEFFF, 0x8C72, 0x0828, 0x0828, 0x0004, 0x182E, 0x182F, 0x202F, 0x202F, 0x202F, 0x202F, 0x202F, 0x202F, 0x202F, 0x202F, 0x202F, 0x202F, 0x202F, 0x202F, 0x202F, 0x202F, 0x202F, 0x202F, 0x202F, 0x202F, 0x202F, 0x202F, 0x202F, 0x202F, 0x202F, 0x202F, 0x100E, 0xD6FF, 0x212E, 0x0002, 0xF81F, 0xF81F,  /* row 22 */
    0xF81F, 0xF81F, 0xF81F, 0x0001, 0xAFFF, 0xA7DF, 0xEFFF, 0xE7FF, 0x8492, 0x0828, 0x0828, 0x0004, 0x182E, 0x182F, 0x202F, 0x182F, 0x182F, 0x182F, 0x182F, 0x182F, 0x202F, 0x202F, 0x202F, 0x202F, 0x202F, 0x202F, 0x202F, 0x202F, 0x202F, 0x202F, 0x202F, 0x202F, 0x202F, 0x202F, 0x202F, 0x202F, 0x202F, 0x202F, 0x100E, 0xE77F, 0x0843, 0x0002, 0xF81F, 0xF81F,  /* row 23 */
    0xF81F, 0xF81F, 0xF81F, 0x0022, 0xAFFF, 0xA7DF, 0xEFFF, 0xE7FF, 0x8492, 0x0828, 0x0828, 0x0004, 0x182E, 0x182F, 0x202F, 0x182F, 0x182F, 0x182F, 0x182F, 0x182F, 0x202F, 0x202F, 0x182F, 0x182F, 0x182F, 0x182F, 0x182F, 0x182F, 0x182F, 0x182F, 0x182F, 0x182F, 0x182F, 0x182F, 0x202F, 0x202F, 0x202F, 0x202F, 0x41D3, 0x4A9A, 0x0002, 0x0002, 0xF81F, 0xF81F,  /* row 24 */
    0xF81F, 0xF81F, 0x1083, 0x4B8F, 0xAFFF, 0xA7DF, 0xEFFF, 0xE7FF, 0x8C93, 0x0828, 0x0829, 0x0004, 0x102A, 0x182E, 0x202F, 0x182F, 0x182F, 0x182F, 0x182F, 0x182F, 0x102E, 0x182F, 0x182F, 0x202F, 0x202F, 0x100E, 0x082E, 0x182F, 0x202F, 0x202F, 0x202F, 0x202F, 0x100E, 0x202F, 0x202F, 0x202F, 0x100F, 0x2050, 0x7378, 0x52DA, 0x0002, 0x0002, 0xF81F, 0xF81F,  /* row 25 */
    0xF81F, 0x0842, 0x7C32, 0x9F9E, 0xA7DF, 0xA7DF, 0xEFFF, 0xE7FF, 0x8493, 0x0828, 0x0829, 0x0005, 0x0003, 0x184E, 0x202F, 0x182F, 0x182F, 0x182F, 0x182F, 0x302F, 0xD0BB, 0xA938, 0xA8D7, 0xA958, 0x102E, 0xF93D, 0xE8DC, 0xE0DB, 0x3070, 0x202F, 0x202F, 0x5892, 0xF8DD, 0x80B5, 0x182F, 0x100F, 0xF9BE, 0x100E, 0x643A, 0x52DB, 0x0002, 0x1083, 0xF81F, 0xF81F,  /* row 26 */
    0xF81F, 0x0842, 0x7C11, 0x9FBF, 0xA7DF, 0xA7DF, 0xEFFF, 0xE7FF, 0x8472, 0x0828, 0x0829, 0x0004, 0x0003, 0x184E, 0x202F, 0x182F, 0x182F, 0x182F, 0x182F, 0x102E, 0xF09B, 0x102E, 0x78D3, 0x90F5, 0xE8FA, 0xC139, 0x102F, 0x284E, 0xF93F, 0x78F4, 0x306F, 0xF8FF, 0x184E, 0x90D7, 0xF99F, 0x1803, 0xE99F, 0x100E, 0x3175, 0x0847, 0x0863, 0xF81F, 0xF81F, 0xF81F,  /* row 27 */
    0xF81F, 0x0022, 0x7C11, 0x9FBF, 0xA7DF, 0xA7DF, 0xF7FF, 0xB7DF, 0x6411, 0x1911, 0x2132, 0x0003, 0x0003, 0x0002, 0x2050, 0x182F, 0x182F, 0x182F, 0x182F, 0x182F, 0x284F, 0x202F, 0x202F, 0x182F, 0x102E, 0x182F, 0x202F, 0x202F, 0x3870, 0xF8FF, 0xF97E, 0x3050, 0x202F, 0x100E, 0xF97F, 0xE0BA, 0xFA1E, 0x100E, 0x1028, 0xF81F, 0xF81F, 0xF81F, 0xF81F, 0xF81F,  /* row 28 */
    0xF81F, 0x0022, 0x7C11, 0x9FBF, 0xA7DF, 0xA7DF, 0xAFDF, 0xA7DF, 0x53F0, 0x0024, 0x29F8, 0x2173, 0x1910, 0x0002, 0x0004, 0x2050, 0x202F, 0x202F, 0x202F, 0x202F, 0x202F, 0x202F, 0x202F, 0x202F, 0x202F, 0x202F, 0x202F, 0x202F, 0x202F, 0x102E, 0x102E, 0x202F, 0x202F, 0x202F, 0x084E, 0x104E, 0x100E, 0x202F, 0x0828, 0xF81F, 0xF81F, 0xF81F, 0xF81F, 0xF81F,  /* row 29 */
    0xF81F, 0x1906, 0x526B, 0xBFFF, 0xA7DF, 0xA7DF, 0xA7DF, 0xA7DF, 0xB7FF, 0x3ACD, 0x324B, 0x0001, 0x18EF, 0x29D8, 0x0846, 0x0002, 0x182F, 0x202F, 0x202F, 0x202F, 0x202F, 0x202F, 0x202F, 0x202F, 0x202F, 0x202F, 0x202F, 0x202F, 0x202F, 0x202F, 0x202F, 0x202F, 0x202F, 0x202F, 0x1830, 0x184F, 0x1049, 0x0000, 0x0001, 0xF81F, 0xF81F, 0xF81F, 0xF81F, 0xF81F,  /* row 30 */
    0xF81F, 0xF81F, 0xF81F, 0x0000, 0x538F, 0xB7FF, 0x53F0, 0x96BB, 0xAFFF, 0xAFFF, 0xA7DF, 0x6D15, 0x0001, 0x0026, 0x29F9, 0x18CC, 0x0002, 0x0827, 0x102A, 0x202F, 0x202F, 0x204F, 0x2030, 0x202F, 0x2030, 0x2030, 0x2030, 0x2030, 0x2030, 0x2030, 0x2050, 0x2030, 0x202F, 0x102C, 0x0004, 0x0003, 0x2849, 0x30C8, 0xF81F, 0xF81F, 0xF81F, 0xF81F, 0xF81F, 0xF81F,  /* row 31 */
    0xF81F, 0xF81F, 0xF81F, 0xF81F, 0x0022, 0x1926, 0x0002, 0x0021, 0x0061, 0x0861, 0xAFDF, 0xA7FF, 0x9F7E, 0x432E, 0x0002, 0x0003, 0x31F8, 0x0847, 0x0003, 0x0003, 0x0003, 0x0003, 0x0003, 0x0003, 0x0003, 0x0003, 0x0003, 0x0003, 0x0003, 0x0003, 0x0003, 0x0003, 0x0003, 0x0002, 0x1827, 0xA197, 0x1923, 0xF81F, 0xF81F, 0xF81F, 0xF81F, 0xF81F, 0xF81F, 0xF81F,  /* row 32 */
    0xF81F, 0xF81F, 0xF81F, 0xF81F, 0xF81F, 0x0001, 0x0001, 0x32F1, 0x32B1, 0x2A0D, 0x0000, 0x10E4, 0xA7FF, 0x9FFF, 0x9FFF, 0x0001, 0x0003, 0x29F8, 0x190F, 0x0004, 0x0004, 0x0003, 0x0004, 0x0004, 0x0004, 0x0004, 0x0004, 0x0868, 0x108A, 0x108A, 0x088A, 0x0004, 0x48CC, 0xEA1F, 0xB1F6, 0x0001, 0xF81F, 0xF81F, 0xF81F, 0xF81F, 0xF81F, 0xF81F, 0xF81F, 0xF81F,  /* row 33 */
    0xF81F, 0xF81F, 0xF81F, 0xF81F, 0xF81F, 0x0000, 0x10E6, 0x10C6, 0x0863, 0x1148, 0x19AA, 0x0000, 0x29E9, 0x0862, 0x5CB3, 0x97FF, 0x332D, 0x0846, 0x2172, 0x0887, 0x0866, 0x0004, 0x0005, 0x0005, 0x0005, 0x0005, 0x0004, 0x0848, 0x0004, 0x0004, 0x0848, 0x1068, 0x9174, 0x386A, 0x0044, 0x0864, 0x0044, 0x2106, 0xF81F, 0xF81F, 0xF81F, 0xF81F, 0xF81F, 0xF81F,  /* row 34 */
    0xF81F, 0xF81F, 0xF81F, 0xF81F, 0x0001, 0x0000, 0x0001, 0x0001, 0x1107, 0x2A70, 0x2A4F, 0x0863, 0x0023, 0x08C8, 0x0024, 0x0883, 0x0863, 0x0003, 0x0003, 0x0022, 0x218D, 0x0002, 0x104D, 0x104B, 0x104B, 0x106B, 0x104B, 0x0025, 0x0827, 0x0827, 0x0003, 0x0827, 0x0002, 0x0044, 0x2A4F, 0x32B1, 0x4393, 0x4BB3, 0x0001, 0xF81F, 0xF81F, 0xF81F, 0xF81F, 0xF81F,  /* row 35 */
    0xF81F, 0xF81F, 0xF81F, 0x1083, 0x0021, 0x64D8, 0x5436, 0x2A90, 0x0021, 0x0000, 0x2A6F, 0x2A4F, 0x2A4F, 0x2A4F, 0x2A91, 0x0847, 0x0001, 0x0002, 0x0002, 0x0002, 0x08A3, 0x28D0, 0x0005, 0x104C, 0x104B, 0x104B, 0x104B, 0x0005, 0x0003, 0x0003, 0x0002, 0x0025, 0x2A4F, 0x0863, 0x196B, 0x0023, 0x322D, 0x5BF6, 0x21A9, 0x0001, 0xF81F, 0xF81F, 0xF81F, 0xF81F,  /* row 36 */
    0xF81F, 0xF81F, 0xF81F, 0x1B4F, 0x5C76, 0x4352, 0x224E, 0x224E, 0x2A6F, 0x1148, 0x0864, 0x21CD, 0x21CD, 0x21AD, 0x21CD, 0x110A, 0x2A90, 0x2A2E, 0x10C6, 0x0000, 0x97FF, 0x0001, 0x106C, 0x104B, 0x104B, 0x104C, 0x0829, 0x0004, 0x1025, 0x0000, 0x7FFF, 0x0000, 0x2A4F, 0x10E7, 0x196B, 0x0023, 0x324D, 0x53D5, 0x6CD9, 0x0863, 0xF81F, 0xF81F, 0xF81F, 0xF81F,  /* row 37 */
    0xF81F, 0xF81F, 0x0000, 0x36FD, 0x377F, 0x218B, 0x220D, 0x222D, 0x222E, 0x2A8F, 0x0847, 0x0867, 0x0846, 0x21EE, 0x21CD, 0x2A4F, 0x2A4F, 0x2A4F, 0x2A90, 0x0000, 0x8FFF, 0x0001, 0x106D, 0x106C, 0x104C, 0x0829, 0x0003, 0x70D0, 0xF97F, 0x0000, 0x6FFF, 0x0000, 0x2A91, 0x2A50, 0x196B, 0x0023, 0x10A5, 0x42F0, 0x53D5, 0x5BD5, 0x0001, 0x0022, 0xF81F, 0xF81F,  /* row 38 */
    0xF81F, 0xF81F, 0x18E5, 0x0000, 0x2E5C, 0x367C, 0x3EFD, 0x4517, 0x19CB, 0x0866, 0x0867, 0x0867, 0x0846, 0x2A4F, 0x2A50, 0x21CC, 0x2332, 0x2312, 0x2B53, 0x0000, 0x97FF, 0x0000, 0x0002, 0x0043, 0x0002, 0x408A, 0x60CE, 0xA0D5, 0xF17E, 0x0000, 0x6FFF, 0x0000, 0x2A70, 0x2A4F, 0x1929, 0x10EA, 0x0886, 0x4B11, 0x5394, 0x5C16, 0x0001, 0x0022, 0xF81F, 0xF81F,  /* row 39 */
    0xF81F, 0x18E5, 0x0863, 0x08A5, 0x08A4, 0x1125, 0x1B8F, 0x1B4E, 0x0001, 0x0846, 0x0847, 0x0867, 0x0846, 0x2A50, 0x2A70, 0x0884, 0x3535, 0x2CF4, 0x2D15, 0x0000, 0x9FFF, 0x0000, 0x0002, 0x76BB, 0x0000, 0xF97F, 0x68CE, 0x98D5, 0xF95E, 0x0000, 0x6FFF, 0x0000, 0x21AC, 0x198B, 0x10C7, 0x10C9, 0x0886, 0x0000, 0x4473, 0x3B10, 0x0866, 0x0021, 0xF81F, 0xF81F,  /* row 40 */
    0xF81F, 0x0001, 0x3B11, 0x224E, 0x0043, 0xA442, 0x8BC3, 0x0001, 0x0846, 0x0867, 0x0847, 0x0847, 0x0846, 0x2A70, 0x2A4F, 0x2A4F, 0x1107, 0x1127, 0x1107, 0x0000, 0x9FFF, 0x0000, 0x0002, 0x767A, 0x0000, 0xF95F, 0x68EF, 0x98D4, 0xF17E, 0x0000, 0x77FF, 0x0000, 0x1128, 0x1128, 0x10C7, 0x0886, 0x196E, 0x10C9, 0x0023, 0x328D, 0x4B73, 0x0863, 0x2105, 0xF81F,  /* row 41 */
    0x39EA, 0x196A, 0x3B12, 0x1989, 0x0001, 0x2902, 0x20E2, 0x0001, 0x0847, 0x0847, 0x0847, 0x0847, 0x0846, 0x2A4F, 0x2A4F, 0x2A4F, 0x2A4F, 0x2A4F, 0x2A4F, 0x0002, 0x9FFF, 0x0001, 0x0002, 0x767A, 0x0000, 0xF95F, 0x68CF, 0x90B3, 0xF17E, 0x0000, 0x77DF, 0x0000, 0x2A70, 0x2A4F, 0x198C, 0x0024, 0x10CA, 0x08A9, 0x0023, 0x2A4D, 0x3AF1, 0x5C77, 0x0022, 0x2105,  /* row 42 */
    0x0884, 0x2A91, 0x21AB, 0x0842, 0x0866, 0x1087, 0x0842, 0x1088, 0x0887, 0x0887, 0x0887, 0x0887, 0x0867, 0x1928, 0x1928, 0x1948, 0x1928, 0x1928, 0x1928, 0x0022, 0x434F, 0x0022, 0x0023, 0x322B, 0x0022, 0x58AD, 0x2087, 0x308A, 0x50CD, 0x0022, 0x32CD, 0x0021, 0x10E7, 0x10E6, 0x0885, 0x0023, 0x0866, 0x0866, 0x0023, 0x10E7, 0x1128, 0x21EB, 0x0023, 0x1083,  /* row 43 */
};
static const Sprite NB_SPRITE_SAD_2 = {
    44, 44, 0xF81F, nb_sad_2_px
};

static const Sprite *NB_MOOD_SAD[] = {
    &NB_SPRITE_SAD_0, &NB_SPRITE_SAD_1, &NB_SPRITE_SAD_2
};
#define NB_MOOD_SAD_COUNT 3

/* =================================================================== */
/*  MOOD: SLEEPY -- 4 variants, 44x44 each                */
/* =================================================================== */
static const uint16_t nb_sleepy_0_px[] = {
    0xF81F, 0xF81F, 0xF81F, 0xF81F, 0xF81F, 0xF81F, 0xF81F, 0xF81F, 0xF81F, 0xF81F, 0xF81F, 0xF81F, 0xF81F, 0xF81F, 0xF81F, 0xF81F, 0xF81F, 0xF81F, 0xF81F, 0x31A9, 0x31C9, 0x31A9, 0x31C9, 0x31C9, 0x31C9, 0x31C9, 0x31A9, 0x31A9, 0x31A9, 0x0003, 0xF81F, 0xF81F, 0xF81F, 0xF81F, 0xF81F, 0xF81F, 0xF81F, 0xF81F, 0xF81F, 0xF81F, 0xF81F, 0xF81F, 0xF81F, 0xF81F,  /* row 0  */
    0xF81F, 0xF81F, 0xF81F, 0xF81F, 0xF81F, 0xF81F, 0xF81F, 0xF81F, 0xF81F, 0xF81F, 0x0842, 0x0002, 0x0002, 0x0844, 0x29F2, 0x21F1, 0x5556, 0x9D35, 0xB618, 0xE7DF, 0xAEDE, 0xAEBE, 0xAEBE, 0xEFFF, 0xEFFF, 0xEFFF, 0xEFFF, 0xEFFF, 0xF7FF, 0x6454, 0x3B52, 0x21B0, 0x8CD4, 0x4B92, 0x0002, 0x0002, 0x0844, 0xF81F, 0xF81F, 0xF81F, 0xF81F, 0xF81F, 0xF81F, 0xF81F,  /* row 1  */
    0xF81F, 0xF81F, 0xF81F, 0xF81F, 0xF81F, 0xF81F, 0xF81F, 0xF81F, 0x0863, 0x0001, 0x2172, 0x9E9C, 0xDF5D, 0xDF7D, 0xFFFF, 0xD75F, 0x967E, 0x85FE, 0x753D, 0x6CBC, 0xAE9E, 0xF7FF, 0xEFFF, 0xEFFF, 0xEFFF, 0xEFFF, 0xEFFF, 0xEFFF, 0xEFFF, 0xEFFF, 0xA6DE, 0xF7FF, 0xA67D, 0x779E, 0xE7FF, 0xB7FF, 0x1905, 0x0003, 0xF81F, 0xF81F, 0xF81F, 0xF81F, 0xF81F, 0xF81F,  /* row 2  */
    0xF81F, 0xF81F, 0xF81F, 0xF81F, 0xF81F, 0xF81F, 0xF81F, 0x2146, 0x8E19, 0xD75E, 0xEFFF, 0xE7FF, 0xE7DF, 0xDF7E, 0x857D, 0xCF7F, 0x9E7E, 0x6C7B, 0x433A, 0xDF5E, 0xEFFF, 0xEFFF, 0xEFFF, 0xEFFF, 0xEFFF, 0xEFFF, 0xEFFF, 0xEFFF, 0xEFFF, 0xEFFF, 0x9EDE, 0xEFBF, 0x5BBA, 0xF7FF, 0xE7FF, 0xEFFF, 0xF7FF, 0x7C32, 0x0825, 0xF81F, 0xF81F, 0xF81F, 0xF81F, 0xF81F,  /* row 3  */
    0xF81F, 0xF81F, 0xF81F, 0xF81F, 0xF81F, 0xF81F, 0x0023, 0x4B91, 0xB7BF, 0xE7FF, 0xEFFF, 0xEFFF, 0xEFFF, 0xDF9F, 0x855E, 0xEFFF, 0xA67D, 0x5BDA, 0x431A, 0xA7FF, 0xB7BF, 0xEFFF, 0xEFFF, 0xEFFF, 0xEFFF, 0xEFFF, 0xEFFF, 0xEFFF, 0xEFFF, 0xEFFF, 0xF7FF, 0x96FE, 0x6C7B, 0x95DC, 0xEFFF, 0xEFFF, 0xEFFF, 0xDEDB, 0x632D, 0xF81F, 0xF81F, 0xF81F, 0xF81F, 0xF81F,  /* row 4  */
    0xF81F, 0xF81F, 0xF81F, 0xF81F, 0x0001, 0xA7DF, 0xF7FF, 0xAFBE, 0xD7FF, 0xEFFF, 0xEFFF, 0xEFFF, 0xEFFF, 0xE7DF, 0xC71F, 0xE7DF, 0x9E3D, 0x955C, 0xEFFF, 0xEFFF, 0xEFFF, 0xEFFF, 0xEFFF, 0xEFFF, 0xEFFF, 0xEFFF, 0xEFFF, 0xEFFF, 0xEFFF, 0xEFFF, 0xEFFF, 0xEFFF, 0xD75F, 0x95BD, 0xEFFF, 0xE7FF, 0xCFFF, 0x6F9F, 0xF7DF, 0x10A3, 0xF81F, 0xF81F, 0xF81F, 0xF81F,  /* row 5  */
    0xF81F, 0xF81F, 0xF81F, 0x0005, 0xB7DF, 0x9FDF, 0xEFFF, 0xE7FF, 0xEFFF, 0xEFFF, 0xEFFF, 0xEFFF, 0xAFBF, 0xA7BF, 0xEFFF, 0xE79F, 0x535A, 0x8D1B, 0xE7FF, 0xEFFF, 0xEFFF, 0xEFFF, 0xEFFF, 0xEFFF, 0xEFFF, 0xEFFF, 0xEFFF, 0xEFFF, 0xEFFF, 0xEFFF, 0xEFFF, 0xEFFF, 0xCF3E, 0x7CFD, 0xBEDE, 0xE7FF, 0xCFDF, 0x67BF, 0xF7FF, 0x5F7E, 0x0022, 0xF81F, 0xF81F, 0xF81F,  /* row 6  */
    0xF81F, 0xF81F, 0xF81F, 0x0001, 0xAFFF, 0xA7DF, 0xEFFF, 0xEFFF, 0xEFFF, 0xEFFF, 0xEFFF, 0xEFFF, 0xEFFF, 0xEFFF, 0xE7FF, 0xE79F, 0x4B39, 0xC77F, 0xEFFF, 0xEFFF, 0xEFFF, 0xEFFF, 0xEFFF, 0xEFFF, 0xEFFF, 0xEFFF, 0xEFFF, 0xEFFF, 0xEFFF, 0xEFFF, 0xF7FF, 0xF7FF, 0xEFFF, 0xD75F, 0xB69E, 0xEFFF, 0xEFFF, 0xF7FF, 0xC7DF, 0x77FF, 0x0022, 0xF81F, 0xF81F, 0xF81F,  /* row 7  */
    0xF81F, 0xF81F, 0xF81F, 0x0001, 0xAFFF, 0xA7DF, 0xEFFF, 0xEFFF, 0xEFFF, 0xEFFF, 0xF7FF, 0xA7BF, 0x9FBF, 0x9FBF, 0xF7FF, 0xEFBF, 0x4B39, 0xA6FF, 0x9EBF, 0x9EBF, 0x9EBF, 0x9E9F, 0x9E9F, 0x9E9F, 0x9E9F, 0x9E9F, 0x9E9F, 0x9E9F, 0x9E9F, 0x9E9F, 0x9E9F, 0x9E9F, 0xAEFF, 0xDF7F, 0xBE9E, 0xEFFF, 0xCFFF, 0x477F, 0xFFFF, 0xEFFF, 0x0842, 0xF81F, 0xF81F, 0xF81F,  /* row 8  */
    0xF81F, 0xF81F, 0xF81F, 0x0001, 0xAFFF, 0xA7DF, 0xEFFF, 0xEFFF, 0xEFFF, 0xEFFF, 0xAFBE, 0xEFFF, 0xF7FF, 0xEFFF, 0xAF5F, 0x7D1E, 0x42DA, 0x10A3, 0x10A3, 0x10A4, 0x10A4, 0x10A4, 0x10A4, 0x10A4, 0x10A4, 0x10A4, 0x10A4, 0x10A4, 0x10A4, 0x10A4, 0x10A5, 0x10A5, 0x10C5, 0x31CA, 0x95FF, 0x8DDF, 0x767F, 0x57DF, 0x67BF, 0xFFFF, 0x0801, 0x0023, 0xF81F, 0xF81F,  /* row 9  */
    0xF81F, 0xF81F, 0xF81F, 0x0001, 0xAFFF, 0xA7DF, 0xEFFF, 0xEFFF, 0xEFFF, 0xEFFF, 0xF7FF, 0x973F, 0x5458, 0x6459, 0x18B1, 0x0001, 0x0003, 0x10A5, 0x4A5C, 0x4A3B, 0x4A3A, 0x4A3A, 0x4A3A, 0x4A3A, 0x4A5B, 0x4A5B, 0x4A5B, 0x525B, 0x527B, 0x527B, 0x527B, 0x527B, 0x527B, 0x4A5B, 0x294D, 0x18C5, 0x18A4, 0x0004, 0x1147, 0x367B, 0x56FD, 0x0001, 0xF81F, 0xF81F,  /* row 10 */
    0xF81F, 0xF81F, 0xF81F, 0x0001, 0xAFFF, 0xA7DF, 0xEFFF, 0xEFFF, 0xEFFF, 0xEFFF, 0xBF3F, 0x18EC, 0x0004, 0x0004, 0x100B, 0x2050, 0x2050, 0x4193, 0x3952, 0x3951, 0x3951, 0x3131, 0x3131, 0x3131, 0x3111, 0x3111, 0x3111, 0x3111, 0x2910, 0x28F0, 0x28F0, 0x28F1, 0x28F1, 0x28F0, 0x28F0, 0x83F7, 0xE71F, 0xD69E, 0x298F, 0x0002, 0x10AB, 0x0002, 0xF81F, 0xF81F,  /* row 11 */
    0xF81F, 0xF81F, 0xF81F, 0x0001, 0xAFFF, 0xA7DF, 0xEFFF, 0xEFFF, 0xF7FF, 0xBE19, 0x0006, 0x0829, 0x0004, 0x0005, 0x202F, 0x202F, 0x202F, 0x204F, 0x204F, 0x204F, 0x204F, 0x204F, 0x204F, 0x204F, 0x204F, 0x204F, 0x204F, 0x204F, 0x204F, 0x204F, 0x204F, 0x204F, 0x204F, 0x204F, 0x204F, 0x180F, 0x080E, 0x7377, 0xD6FF, 0x0002, 0x2977, 0x0001, 0xF81F, 0xF81F,  /* row 12 */
    0xF81F, 0xF81F, 0xF81F, 0x0001, 0xAFFF, 0xA7DF, 0xEFFF, 0xEFFF, 0x7C31, 0x0007, 0x0828, 0x0829, 0x0004, 0x0004, 0x2030, 0x202F, 0x202F, 0x202F, 0x202F, 0x202F, 0x202F, 0x202F, 0x202F, 0x202F, 0x202F, 0x202F, 0x202F, 0x202F, 0x202F, 0x202F, 0x202F, 0x202F, 0x202F, 0x202F, 0x202F, 0x202F, 0x202F, 0x28D0, 0xCEBF, 0x4A78, 0x0001, 0x0022, 0xF81F, 0xF81F,  /* row 13 */
    0xF81F, 0xF81F, 0xF81F, 0x0001, 0xB7FF, 0xA7FF, 0xF7FF, 0xEFFF, 0x8472, 0x0828, 0x0828, 0x0006, 0x0002, 0x2050, 0x20AE, 0x180D, 0x202F, 0x202F, 0x202F, 0x202F, 0x202F, 0x202F, 0x202F, 0x202F, 0x202F, 0x202F, 0x202F, 0x202F, 0x202F, 0x202F, 0x202F, 0x202F, 0x202F, 0x202F, 0x180E, 0x202F, 0x202F, 0x28B0, 0xCE9F, 0x5B3B, 0x0001, 0x0022, 0xF81F, 0xF81F,  /* row 14 */
    0xF81F, 0xF81F, 0xF81F, 0x0002, 0x0024, 0x0003, 0x4A4B, 0xEFFF, 0x8472, 0x0828, 0x0828, 0x0004, 0x182F, 0x182F, 0x396F, 0xB59F, 0x5A94, 0x100E, 0x204F, 0x202F, 0x202F, 0x202F, 0x202F, 0x202F, 0x202F, 0x202F, 0x202F, 0x202F, 0x202F, 0x202F, 0x202F, 0x204F, 0x100E, 0x62D6, 0xAD7F, 0x180E, 0x202F, 0x2030, 0x7BF8, 0xD6DF, 0x39D8, 0x0001, 0xF81F, 0xF81F,  /* row 15 */
    0xF81F, 0x0844, 0x6AE2, 0xACE3, 0x0000, 0x7535, 0x420A, 0xEFDF, 0x8472, 0x0828, 0x0828, 0x0004, 0x182E, 0x182F, 0x2030, 0x182B, 0x8C59, 0xAD9F, 0x4191, 0x180F, 0x202F, 0x182F, 0x182F, 0x202F, 0x182F, 0x182F, 0x182F, 0x182F, 0x202F, 0x204F, 0x100E, 0x5214, 0xB55F, 0x62F5, 0x180E, 0x202F, 0x202F, 0x202F, 0x3992, 0xCEDF, 0x31B8, 0x0021, 0xF81F, 0xF81F,  /* row 16 */
    0xF81F, 0x0844, 0x9C61, 0xFF41, 0x0000, 0x64B4, 0x4209, 0xEFDF, 0x8472, 0x0828, 0x0828, 0x0004, 0x182E, 0x182F, 0x182F, 0x202F, 0x180F, 0x314B, 0x94DC, 0xA55C, 0x206E, 0x180F, 0x202F, 0x202F, 0x202F, 0x202F, 0x202F, 0x202F, 0x180E, 0x3931, 0xAD3F, 0x8C9B, 0x184B, 0x2030, 0x202F, 0x202F, 0x182F, 0x202F, 0x100E, 0xD6FF, 0x31B7, 0x0001, 0xF81F, 0xF81F,  /* row 17 */
    0xF81F, 0x0844, 0x9C81, 0xFF61, 0x0001, 0x6CD3, 0x4209, 0xEFDF, 0x8472, 0x0828, 0x0828, 0x0004, 0x182E, 0x182F, 0x182F, 0x202F, 0x2030, 0x1025, 0x20AB, 0x20A7, 0x6334, 0x5270, 0x202F, 0x202F, 0x202F, 0x202F, 0x202F, 0x180F, 0x7355, 0x8C1B, 0x1885, 0x202F, 0x1848, 0x2030, 0x202F, 0x202F, 0x182F, 0x182F, 0x100E, 0xD6FF, 0x31B7, 0x0001, 0xF81F, 0xF81F,  /* row 18 */
    0xF81F, 0x0843, 0xACE1, 0xFFE0, 0x0001, 0x3135, 0x3A09, 0xEFDF, 0x8472, 0x0828, 0x0828, 0x0004, 0x182E, 0x182F, 0x182F, 0x182F, 0x184B, 0x1048, 0x182A, 0x184B, 0x204E, 0x2030, 0x202F, 0x202F, 0x202F, 0x202F, 0x202F, 0x202F, 0x2030, 0x182A, 0x1848, 0x1025, 0x1045, 0x1023, 0x2030, 0x202F, 0x202F, 0x202F, 0x100E, 0xD6FF, 0x31D8, 0x0001, 0xF81F, 0xF81F,  /* row 19 */
    0xF81F, 0xF81F, 0x0004, 0x0003, 0x0004, 0x0002, 0x3A09, 0xE7DF, 0x8472, 0x0828, 0x0828, 0x0004, 0x182E, 0x182F, 0x202F, 0x202F, 0x202F, 0x202F, 0x202F, 0x202F, 0x202F, 0x202F, 0x202F, 0x202F, 0x202F, 0x202F, 0x202F, 0x202F, 0x202F, 0x202F, 0x202F, 0x202F, 0x202F, 0x202F, 0x202F, 0x202F, 0x202F, 0x202F, 0x100E, 0xD6FF, 0x39D8, 0x0001, 0xF81F, 0xF81F,  /* row 20 */
    0xF81F, 0xF81F, 0xF81F, 0x0002, 0x3A6A, 0xAFFF, 0xF7FF, 0xE7FF, 0x8472, 0x0828, 0x0828, 0x0004, 0x182E, 0x182F, 0x202F, 0x202F, 0x202F, 0x202F, 0x202F, 0x202F, 0x202F, 0x202F, 0x202F, 0x202F, 0x202F, 0x202F, 0x202F, 0x202F, 0x202F, 0x202F, 0x202F, 0x202F, 0x202F, 0x202F, 0x202F, 0x202F, 0x202F, 0x202F, 0x100E, 0xD6FF, 0x39D8, 0x0001, 0xF81F, 0xF81F,  /* row 21 */
    0xF81F, 0xF81F, 0xF81F, 0x0001, 0xAFFF, 0xA7DF, 0xEFFF, 0xEFFF, 0x8C72, 0x0828, 0x0828, 0x0004, 0x182E, 0x182F, 0x202F, 0x182F, 0x202F, 0x202F, 0x202F, 0x202F, 0x202F, 0x202F, 0x202F, 0x202F, 0x202F, 0x202F, 0x202F, 0x202F, 0x202F, 0x202F, 0x202F, 0x202F, 0x202F, 0x202F, 0x202F, 0x202F, 0x202F, 0x202F, 0x100E, 0xD6FF, 0x212E, 0x0002, 0xF81F, 0xF81F,  /* row 22 */
    0xF81F, 0xF81F, 0xF81F, 0x0001, 0xAFFF, 0xA7DF, 0xEFFF, 0xE7FF, 0x8492, 0x0828, 0x0828, 0x0004, 0x182E, 0x182F, 0x202F, 0x182F, 0x182F, 0x182F, 0x182F, 0x182F, 0x202F, 0x202F, 0x202F, 0x202F, 0x202F, 0x202F, 0x202F, 0x202F, 0x202F, 0x202F, 0x202F, 0x202F, 0x202F, 0x202F, 0x202F, 0x202F, 0x202F, 0x202F, 0x100E, 0xE77F, 0x0843, 0x0002, 0xF81F, 0xF81F,  /* row 23 */
    0xF81F, 0xF81F, 0xF81F, 0x0022, 0xAFFF, 0xA7DF, 0xEFFF, 0xE7FF, 0x8492, 0x0828, 0x0828, 0x0004, 0x182E, 0x182F, 0x202F, 0x182F, 0x182F, 0x182F, 0x182F, 0x182F, 0x202F, 0x202F, 0x182F, 0x182F, 0x182F, 0x182F, 0x182F, 0x182F, 0x182F, 0x182F, 0x182F, 0x182F, 0x182F, 0x182F, 0x202F, 0x202F, 0x202F, 0x202F, 0x41D3, 0x4A9A, 0x0002, 0x0002, 0xF81F, 0xF81F,  /* row 24 */
    0xF81F, 0xF81F, 0x1083, 0x4B8F, 0xAFFF, 0xA7DF, 0xEFFF, 0xE7FF, 0x8C93, 0x0828, 0x0829, 0x0004, 0x102A, 0x182E, 0x202F, 0x182F, 0x182F, 0x182F, 0x182F, 0x182F, 0x202F, 0x202F, 0x202F, 0x202F, 0x202F, 0x202F, 0x202F, 0x202F, 0x202F, 0x202F, 0x202F, 0x202F, 0x202F, 0x202F, 0x202F, 0x202F, 0x202F, 0x2050, 0x7378, 0x52DA, 0x0002, 0x0002, 0xF81F, 0xF81F,  /* row 25 */
    0xF81F, 0x0842, 0x7C32, 0x9F9E, 0xA7DF, 0xA7DF, 0xEFFF, 0xE7FF, 0x8493, 0x0828, 0x0829, 0x0005, 0x0003, 0x184E, 0x202F, 0x182F, 0x182F, 0x182F, 0x182F, 0x182F, 0x202F, 0x202F, 0x202F, 0x202F, 0x202F, 0x202F, 0x202F, 0x202F, 0x202F, 0x202F, 0x202F, 0x202F, 0x202F, 0x202F, 0x182F, 0x182F, 0x202F, 0x202F, 0x643A, 0x52DB, 0x0002, 0x1083, 0xF81F, 0xF81F,  /* row 26 */
    0xF81F, 0x0842, 0x7C11, 0x9FBF, 0xA7DF, 0xA7DF, 0xEFFF, 0xE7FF, 0x8472, 0x0828, 0x0829, 0x0004, 0x0003, 0x184E, 0x202F, 0x182F, 0x182F, 0x182F, 0x182F, 0x184D, 0x184B, 0x182A, 0x1849, 0x1868, 0x1047, 0x1047, 0x1047, 0x1048, 0x1049, 0x182A, 0x206E, 0x182D, 0x202F, 0x202F, 0x182F, 0x1830, 0x202F, 0x202F, 0x3175, 0x0847, 0x0863, 0xF81F, 0xF81F, 0xF81F,  /* row 27 */
    0xF81F, 0x0022, 0x7C11, 0x9FBF, 0xA7DF, 0xA7DF, 0xF7FF, 0xB7DF, 0x6411, 0x1911, 0x2132, 0x0003, 0x0003, 0x0002, 0x2050, 0x182F, 0x182F, 0x182F, 0x2050, 0x1045, 0x1004, 0x1003, 0x1003, 0x1004, 0x1004, 0x1004, 0x1004, 0x1004, 0x1004, 0x0803, 0x8396, 0x20A9, 0x182E, 0x202F, 0x184F, 0x184F, 0x202F, 0x202F, 0x1028, 0xF81F, 0xF81F, 0xF81F, 0xF81F, 0xF81F,  /* row 28 */
    0xF81F, 0x0022, 0x7C11, 0x9FBF, 0xA7DF, 0xA7DF, 0xAFDF, 0xA7DF, 0x53F0, 0x0024, 0x29F8, 0x2173, 0x1910, 0x0002, 0x0004, 0x2050, 0x202F, 0x202F, 0x182F, 0x8358, 0x518D, 0x0801, 0x1002, 0x1003, 0x1003, 0x0803, 0x0803, 0x0802, 0x0802, 0x0802, 0x0001, 0x9AF6, 0x100A, 0x202F, 0x184F, 0x184F, 0x202F, 0x202F, 0x0828, 0xF81F, 0xF81F, 0xF81F, 0xF81F, 0xF81F,  /* row 29 */
    0xF81F, 0x1906, 0x526B, 0xBFFF, 0xA7DF, 0xA7DF, 0xA7DF, 0xA7DF, 0xB7FF, 0x3ACD, 0x324B, 0x0001, 0x18EF, 0x29D8, 0x0846, 0x0002, 0x182F, 0x202F, 0x202F, 0x180F, 0x180F, 0x286F, 0x204F, 0x204F, 0x204F, 0x204F, 0x204F, 0x204F, 0x206F, 0x206F, 0x2890, 0x180E, 0x202F, 0x202F, 0x1830, 0x184F, 0x1049, 0x0000, 0x0001, 0xF81F, 0xF81F, 0xF81F, 0xF81F, 0xF81F,  /* row 30 */
    0xF81F, 0xF81F, 0xF81F, 0x0000, 0x538F, 0xB7FF, 0x53F0, 0x96BB, 0xAFFF, 0xAFFF, 0xA7DF, 0x6D15, 0x0001, 0x0026, 0x29F9, 0x18CC, 0x0002, 0x0827, 0x102A, 0x202F, 0x202F, 0x204F, 0x202F, 0x202F, 0x2030, 0x2030, 0x202F, 0x2030, 0x2030, 0x2030, 0x2050, 0x2030, 0x202F, 0x102C, 0x0004, 0x0003, 0x2849, 0x30C8, 0xF81F, 0xF81F, 0xF81F, 0xF81F, 0xF81F, 0xF81F,  /* row 31 */
    0xF81F, 0xF81F, 0xF81F, 0xF81F, 0x0022, 0x1926, 0x0002, 0x0021, 0x0061, 0x0861, 0xAFDF, 0xA7FF, 0x9F7E, 0x432E, 0x0002, 0x0003, 0x31F8, 0x0847, 0x0003, 0x0003, 0x0003, 0x0003, 0x0003, 0x0003, 0x0003, 0x0003, 0x0003, 0x0003, 0x0003, 0x0003, 0x0003, 0x0003, 0x0003, 0x0002, 0x1827, 0xA197, 0x1923, 0xF81F, 0xF81F, 0xF81F, 0xF81F, 0xF81F, 0xF81F, 0xF81F,  /* row 32 */
    0xF81F, 0xF81F, 0xF81F, 0xF81F, 0xF81F, 0x0001, 0x0001, 0x32F1, 0x32B1, 0x2A0D, 0x0000, 0x10E4, 0xA7FF, 0x9FFF, 0x9FFF, 0x0001, 0x0003, 0x29F8, 0x190F, 0x0004, 0x0004, 0x0003, 0x0004, 0x0004, 0x0004, 0x0004, 0x0004, 0x0868, 0x108A, 0x108A, 0x088A, 0x0004, 0x48CC, 0xEA1F, 0xB1F6, 0x0001, 0xF81F, 0xF81F, 0xF81F, 0xF81F, 0xF81F, 0xF81F, 0xF81F, 0xF81F,  /* row 33 */
    0xF81F, 0xF81F, 0xF81F, 0xF81F, 0xF81F, 0x0000, 0x10E6, 0x10C6, 0x0863, 0x1148, 0x19AA, 0x0000, 0x29E9, 0x0862, 0x5CB3, 0x97FF, 0x332D, 0x0846, 0x2172, 0x0887, 0x0866, 0x0004, 0x0005, 0x0005, 0x0005, 0x0005, 0x0004, 0x0848, 0x0004, 0x0004, 0x0848, 0x1068, 0x9174, 0x386A, 0x0044, 0x0864, 0x0044, 0x2106, 0xF81F, 0xF81F, 0xF81F, 0xF81F, 0xF81F, 0xF81F,  /* row 34 */
    0xF81F, 0xF81F, 0xF81F, 0xF81F, 0x0001, 0x0000, 0x0001, 0x0001, 0x1107, 0x2A70, 0x2A4F, 0x0863, 0x0023, 0x08C8, 0x0024, 0x0883, 0x0863, 0x0003, 0x0003, 0x0022, 0x218D, 0x0002, 0x104D, 0x104B, 0x104B, 0x106B, 0x104B, 0x0025, 0x0827, 0x0827, 0x0003, 0x0827, 0x0002, 0x0044, 0x2A4F, 0x32B1, 0x4393, 0x4BB3, 0x0001, 0xF81F, 0xF81F, 0xF81F, 0xF81F, 0xF81F,  /* row 35 */
    0xF81F, 0xF81F, 0xF81F, 0x1083, 0x0021, 0x64D8, 0x5436, 0x2A90, 0x0021, 0x0000, 0x2A6F, 0x2A4F, 0x2A4F, 0x2A4F, 0x2A91, 0x0847, 0x0001, 0x0002, 0x0002, 0x0002, 0x08A3, 0x28D0, 0x0005, 0x104C, 0x104B, 0x104B, 0x104B, 0x0005, 0x0003, 0x0003, 0x0002, 0x0025, 0x2A4F, 0x0863, 0x196B, 0x0023, 0x322D, 0x5BF6, 0x21A9, 0x0001, 0xF81F, 0xF81F, 0xF81F, 0xF81F,  /* row 36 */
    0xF81F, 0xF81F, 0xF81F, 0x1B4F, 0x5C76, 0x4352, 0x224E, 0x224E, 0x2A6F, 0x1148, 0x0864, 0x21CD, 0x21CD, 0x21AD, 0x21CD, 0x110A, 0x2A90, 0x2A2E, 0x10C6, 0x0000, 0x97FF, 0x0001, 0x106C, 0x104B, 0x104B, 0x104C, 0x0829, 0x0004, 0x1025, 0x0000, 0x7FFF, 0x0000, 0x2A4F, 0x10E7, 0x196B, 0x0023, 0x324D, 0x53D5, 0x6CD9, 0x0863, 0xF81F, 0xF81F, 0xF81F, 0xF81F,  /* row 37 */
    0xF81F, 0xF81F, 0x0000, 0x36FD, 0x377F, 0x218B, 0x220D, 0x222D, 0x222E, 0x2A8F, 0x0847, 0x0867, 0x0846, 0x21EE, 0x21CD, 0x2A4F, 0x2A4F, 0x2A4F, 0x2A90, 0x0000, 0x8FFF, 0x0001, 0x106D, 0x106C, 0x104C, 0x0829, 0x0003, 0x70D0, 0xF97F, 0x0000, 0x6FFF, 0x0000, 0x2A91, 0x2A50, 0x196B, 0x0023, 0x10A5, 0x42F0, 0x53D5, 0x5BD5, 0x0001, 0x0022, 0xF81F, 0xF81F,  /* row 38 */
    0xF81F, 0xF81F, 0x18E5, 0x0000, 0x2E5C, 0x367C, 0x3EFD, 0x4517, 0x19CB, 0x0866, 0x0867, 0x0867, 0x0846, 0x2A4F, 0x2A50, 0x21CC, 0x2332, 0x2312, 0x2B53, 0x0000, 0x97FF, 0x0000, 0x0002, 0x0043, 0x0002, 0x408A, 0x60CE, 0xA0D5, 0xF17E, 0x0000, 0x6FFF, 0x0000, 0x2A70, 0x2A4F, 0x1929, 0x10EA, 0x0886, 0x4B11, 0x5394, 0x5C16, 0x0001, 0x0022, 0xF81F, 0xF81F,  /* row 39 */
    0xF81F, 0x18E5, 0x0863, 0x08A5, 0x08A4, 0x1125, 0x1B8F, 0x1B4E, 0x0001, 0x0846, 0x0847, 0x0867, 0x0846, 0x2A50, 0x2A70, 0x0884, 0x3535, 0x2CF4, 0x2D15, 0x0000, 0x9FFF, 0x0000, 0x0002, 0x76BB, 0x0000, 0xF97F, 0x68CE, 0x98D5, 0xF95E, 0x0000, 0x6FFF, 0x0000, 0x21AC, 0x198B, 0x10C7, 0x10C9, 0x0886, 0x0000, 0x4473, 0x3B10, 0x0866, 0x0021, 0xF81F, 0xF81F,  /* row 40 */
    0xF81F, 0x0001, 0x3B11, 0x224E, 0x0043, 0xA442, 0x8BC3, 0x0001, 0x0846, 0x0867, 0x0847, 0x0847, 0x0846, 0x2A70, 0x2A4F, 0x2A4F, 0x1107, 0x1127, 0x1107, 0x0000, 0x9FFF, 0x0000, 0x0002, 0x767A, 0x0000, 0xF95F, 0x68EF, 0x98D4, 0xF17E, 0x0000, 0x77FF, 0x0000, 0x1128, 0x1128, 0x10C7, 0x0886, 0x196E, 0x10C9, 0x0023, 0x328D, 0x4B73, 0x0863, 0x2105, 0xF81F,  /* row 41 */
    0x39EA, 0x196A, 0x3B12, 0x1989, 0x0001, 0x2902, 0x20E2, 0x0001, 0x0847, 0x0847, 0x0847, 0x0847, 0x0846, 0x2A4F, 0x2A4F, 0x2A4F, 0x2A4F, 0x2A4F, 0x2A4F, 0x0002, 0x9FFF, 0x0001, 0x0002, 0x767A, 0x0000, 0xF95F, 0x68CF, 0x90B3, 0xF17E, 0x0000, 0x77DF, 0x0000, 0x2A70, 0x2A4F, 0x198C, 0x0024, 0x10CA, 0x08A9, 0x0023, 0x2A4D, 0x3AF1, 0x5C77, 0x0022, 0x2105,  /* row 42 */
    0x0884, 0x2A91, 0x21AB, 0x0842, 0x0866, 0x1087, 0x0842, 0x1088, 0x0887, 0x0887, 0x0887, 0x0887, 0x0867, 0x1928, 0x1928, 0x1948, 0x1928, 0x1928, 0x1928, 0x0022, 0x434F, 0x0022, 0x0023, 0x322B, 0x0022, 0x58AD, 0x2087, 0x308A, 0x50CD, 0x0022, 0x32CD, 0x0021, 0x10E7, 0x10E6, 0x0885, 0x0023, 0x0866, 0x0866, 0x0023, 0x10E7, 0x1128, 0x21EB, 0x0023, 0x1083,  /* row 43 */
};
static const Sprite NB_SPRITE_SLEEPY_0 = {
    44, 44, 0xF81F, nb_sleepy_0_px
};

static const uint16_t nb_sleepy_1_px[] = {
    0xF81F, 0xF81F, 0xF81F, 0xF81F, 0xF81F, 0xF81F, 0xF81F, 0xF81F, 0xF81F, 0xF81F, 0xF81F, 0xF81F, 0xF81F, 0xF81F, 0xF81F, 0xF81F, 0xF81F, 0xF81F, 0xF81F, 0x31A9, 0x31C9, 0x31A9, 0x31C9, 0x31C9, 0x31C9, 0x31C9, 0x31A9, 0x31A9, 0x31A9, 0x0003, 0xF81F, 0xF81F, 0xF81F, 0xF81F, 0xF81F, 0xF81F, 0xF81F, 0xF81F, 0xF81F, 0xF81F, 0xF81F, 0xF81F, 0xF81F, 0xF81F,  /* row 0  */
    0xF81F, 0xF81F, 0xF81F, 0xF81F, 0xF81F, 0xF81F, 0xF81F, 0xF81F, 0xF81F, 0xF81F, 0x0842, 0x0002, 0x0002, 0x0844, 0x29F2, 0x21F1, 0x5556, 0x9D35, 0xB618, 0xE7DF, 0xAEDE, 0xAEBE, 0xAEBE, 0xEFFF, 0xEFFF, 0xEFFF, 0xEFFF, 0xEFFF, 0xF7FF, 0x6454, 0x3B52, 0x21B0, 0x8CD4, 0x4B92, 0x0002, 0x0002, 0x0844, 0xF81F, 0xF81F, 0xF81F, 0xF81F, 0xF81F, 0xF81F, 0xF81F,  /* row 1  */
    0xF81F, 0xF81F, 0xF81F, 0xF81F, 0xF81F, 0xF81F, 0xF81F, 0xF81F, 0x0863, 0x0001, 0x2172, 0x9E9C, 0xDF5D, 0xDF7D, 0xFFFF, 0xD75F, 0x967E, 0x85FE, 0x753D, 0x6CBC, 0xAE9E, 0xF7FF, 0xEFFF, 0xEFFF, 0xEFFF, 0xEFFF, 0xEFFF, 0xEFFF, 0xEFFF, 0xEFFF, 0xA6DE, 0xF7FF, 0xA67D, 0x779E, 0xE7FF, 0xB7FF, 0x1905, 0x0003, 0xF81F, 0xF81F, 0xF81F, 0xF81F, 0xF81F, 0xF81F,  /* row 2  */
    0xF81F, 0xF81F, 0xF81F, 0xF81F, 0xF81F, 0xF81F, 0xF81F, 0x2146, 0x8E19, 0xD75E, 0xEFFF, 0xE7FF, 0xE7DF, 0xDF7E, 0x857D, 0xCF7F, 0x9E7E, 0x6C7B, 0x433A, 0xDF5E, 0xEFFF, 0xEFFF, 0xEFFF, 0xEFFF, 0xEFFF, 0xEFFF, 0xEFFF, 0xEFFF, 0xEFFF, 0xEFFF, 0x9EDE, 0xEFBF, 0x5BBA, 0xF7FF, 0xE7FF, 0xEFFF, 0xF7FF, 0x7C32, 0x0825, 0xF81F, 0xF81F, 0xF81F, 0xF81F, 0xF81F,  /* row 3  */
    0xF81F, 0xF81F, 0xF81F, 0xF81F, 0xF81F, 0xF81F, 0x0023, 0x4B91, 0xB7BF, 0xE7FF, 0xEFFF, 0xEFFF, 0xEFFF, 0xDF9F, 0x855E, 0xEFFF, 0xA67D, 0x5BDA, 0x431A, 0xA7FF, 0xB7BF, 0xEFFF, 0xEFFF, 0xEFFF, 0xEFFF, 0xEFFF, 0xEFFF, 0xEFFF, 0xEFFF, 0xEFFF, 0xF7FF, 0x96FE, 0x6C7B, 0x95DC, 0xEFFF, 0xEFFF, 0xEFFF, 0xDEDB, 0x632D, 0xF81F, 0xF81F, 0xF81F, 0xF81F, 0xF81F,  /* row 4  */
    0xF81F, 0xF81F, 0xF81F, 0xF81F, 0x0001, 0xA7DF, 0xF7FF, 0xAFBE, 0xD7FF, 0xEFFF, 0xEFFF, 0xEFFF, 0xEFFF, 0xE7DF, 0xC71F, 0xE7DF, 0x9E3D, 0x955C, 0xEFFF, 0xEFFF, 0xEFFF, 0xEFFF, 0xEFFF, 0xEFFF, 0xEFFF, 0xEFFF, 0xEFFF, 0xEFFF, 0xEFFF, 0xEFFF, 0xEFFF, 0xEFFF, 0xD75F, 0x95BD, 0xEFFF, 0xE7FF, 0xCFFF, 0x6F9F, 0xF7DF, 0x10A3, 0xF81F, 0xF81F, 0xF81F, 0xF81F,  /* row 5  */
    0xF81F, 0xF81F, 0xF81F, 0x0005, 0xB7DF, 0x9FDF, 0xEFFF, 0xE7FF, 0xEFFF, 0xEFFF, 0xEFFF, 0xEFFF, 0xAFBF, 0xA7BF, 0xEFFF, 0xE79F, 0x535A, 0x8D1B, 0xE7FF, 0xEFFF, 0xEFFF, 0xEFFF, 0xEFFF, 0xEFFF, 0xEFFF, 0xEFFF, 0xEFFF, 0xEFFF, 0xEFFF, 0xEFFF, 0xEFFF, 0xEFFF, 0xCF3E, 0x7CFD, 0xBEDE, 0xE7FF, 0xCFDF, 0x67BF, 0xF7FF, 0x5F7E, 0x0022, 0xF81F, 0xF81F, 0xF81F,  /* row 6  */
    0xF81F, 0xF81F, 0xF81F, 0x0001, 0xAFFF, 0xA7DF, 0xEFFF, 0xEFFF, 0xEFFF, 0xEFFF, 0xEFFF, 0xEFFF, 0xEFFF, 0xEFFF, 0xE7FF, 0xE79F, 0x4B39, 0xC77F, 0xEFFF, 0xEFFF, 0xEFFF, 0xEFFF, 0xEFFF, 0xEFFF, 0xEFFF, 0xEFFF, 0xEFFF, 0xEFFF, 0xEFFF, 0xEFFF, 0xF7FF, 0xF7FF, 0xEFFF, 0xD75F, 0xB69E, 0xEFFF, 0xEFFF, 0xF7FF, 0xC7DF, 0x77FF, 0x0022, 0xF81F, 0xF81F, 0xF81F,  /* row 7  */
    0xF81F, 0xF81F, 0xF81F, 0x0001, 0xAFFF, 0xA7DF, 0xEFFF, 0xEFFF, 0xEFFF, 0xEFFF, 0xF7FF, 0xA7BF, 0x9FBF, 0x9FBF, 0xF7FF, 0xEFBF, 0x4B39, 0xA6FF, 0x9EBF, 0x9EBF, 0x9EBF, 0x9E9F, 0x9E9F, 0x9E9F, 0x9E9F, 0x9E9F, 0x9E9F, 0x9E9F, 0x9E9F, 0x9E9F, 0x9E9F, 0x9E9F, 0xAEFF, 0xDF7F, 0xBE9E, 0xEFFF, 0xCFFF, 0x477F, 0xFFFF, 0xEFFF, 0x0842, 0xF81F, 0xF81F, 0xF81F,  /* row 8  */
    0xF81F, 0xF81F, 0xF81F, 0x0001, 0xAFFF, 0xA7DF, 0xEFFF, 0xEFFF, 0xEFFF, 0xEFFF, 0xAFBE, 0xEFFF, 0xF7FF, 0xEFFF, 0xAF5F, 0x7D1E, 0x42DA, 0x10A3, 0x10A3, 0x10A4, 0x10A4, 0x10A4, 0x10A4, 0x10A4, 0x10A4, 0x10A4, 0x10A4, 0x10A4, 0x10A4, 0x10A4, 0x10A5, 0x10A5, 0x10C5, 0x31CA, 0x95FF, 0x8DDF, 0x767F, 0x57DF, 0x67BF, 0xFFFF, 0x0801, 0x0023, 0xF81F, 0xF81F,  /* row 9  */
    0xF81F, 0xF81F, 0xF81F, 0x0001, 0xAFFF, 0xA7DF, 0xEFFF, 0xEFFF, 0xEFFF, 0xEFFF, 0xF7FF, 0x973F, 0x5458, 0x6459, 0x18B1, 0x0001, 0x0003, 0x10A5, 0x4A5C, 0x4A3B, 0x4A3A, 0x4A3A, 0x4A3A, 0x4A3A, 0x4A5B, 0x4A5B, 0x4A5B, 0x525B, 0x527B, 0x527B, 0x527B, 0x527B, 0x527B, 0x4A5B, 0x294D, 0x18C5, 0x18A4, 0x0004, 0x1147, 0x367B, 0x56FD, 0x0001, 0xF81F, 0xF81F,  /* row 10 */
    0xF81F, 0xF81F, 0xF81F, 0x0001, 0xAFFF, 0xA7DF, 0xEFFF, 0xEFFF, 0xEFFF, 0xEFFF, 0xBF3F, 0x18EC, 0x0004, 0x0004, 0x100B, 0x2050, 0x2050, 0x4193, 0x3952, 0x3951, 0x3951, 0x3131, 0x3131, 0x3131, 0x3111, 0x3111, 0x3111, 0x3111, 0x2910, 0x28F0, 0x28F0, 0x28F1, 0x28F1, 0x28F0, 0x28F0, 0x83F7, 0xE71F, 0xD69E, 0x298F, 0x0002, 0x10AB, 0x0002, 0xF81F, 0xF81F,  /* row 11 */
    0xF81F, 0xF81F, 0xF81F, 0x0001, 0xAFFF, 0xA7DF, 0xEFFF, 0xEFFF, 0xF7FF, 0xBE19, 0x0006, 0x0829, 0x0004, 0x0005, 0x202F, 0x202F, 0x202F, 0x204F, 0x204F, 0x204F, 0x204F, 0x204F, 0x204F, 0x204F, 0x204F, 0x204F, 0x204F, 0x204F, 0x204F, 0x204F, 0x204F, 0x204F, 0x204F, 0x204F, 0x204F, 0x180F, 0x080E, 0x7377, 0xD6FF, 0x0002, 0x2977, 0x0001, 0xF81F, 0xF81F,  /* row 12 */
    0xF81F, 0xF81F, 0xF81F, 0x0001, 0xAFFF, 0xA7DF, 0xEFFF, 0xEFFF, 0x7C31, 0x0007, 0x0828, 0x0829, 0x0004, 0x0004, 0x202F, 0x202F, 0x082E, 0x202F, 0x202F, 0x202F, 0x202F, 0x202F, 0x202F, 0x202F, 0x202F, 0x202F, 0x202F, 0x202F, 0x202F, 0x202F, 0x202F, 0x202F, 0x202F, 0x202F, 0x202F, 0x202F, 0x202F, 0x28D0, 0xD6DF, 0x4A78, 0x0001, 0x0022, 0xF81F, 0xF81F,  /* row 13 */
    0xF81F, 0xF81F, 0xF81F, 0x0001, 0xB7FF, 0xA7FF, 0xF7FF, 0xEFFF, 0x8472, 0x0828, 0x0828, 0x0006, 0x0002, 0x2050, 0x182F, 0x102E, 0xE87E, 0x182F, 0x200F, 0x182F, 0x202F, 0x202F, 0x2030, 0x2010, 0x202F, 0x202F, 0x202F, 0x202F, 0x202F, 0x202F, 0x182F, 0x202F, 0x202F, 0x202F, 0x182F, 0x202F, 0x3851, 0x5053, 0xD6DF, 0x5B3B, 0x0001, 0x0022, 0xF81F, 0xF81F,  /* row 14 */
    0xF81F, 0xF81F, 0xF81F, 0x0002, 0x0024, 0x0003, 0x4A4B, 0xEFFF, 0x8472, 0x0828, 0x0828, 0x0004, 0x184F, 0x182F, 0x202F, 0x202F, 0x002E, 0xF83F, 0x6856, 0x180F, 0x182F, 0x100F, 0x8858, 0x7857, 0x182F, 0x202F, 0x202F, 0x202F, 0x202F, 0x082E, 0xF07F, 0x000D, 0x202F, 0x182F, 0x200F, 0x2831, 0x9038, 0x2030, 0x7BF8, 0xD6DF, 0x39D8, 0x0001, 0xF81F, 0xF81F,  /* row 15 */
    0xF81F, 0x0844, 0x6AE2, 0xACE3, 0x0000, 0x7535, 0x420A, 0xEFDF, 0x8472, 0x0828, 0x0828, 0x0004, 0x182E, 0x182F, 0x202F, 0x182F, 0x202F, 0x2030, 0x1030, 0x7856, 0x000E, 0xF89F, 0x1010, 0x202F, 0x202F, 0x202F, 0x202F, 0x202F, 0x202F, 0x2030, 0x080F, 0xD05D, 0x2831, 0x182F, 0x4033, 0xD05D, 0x7857, 0x202F, 0x3992, 0xCEDF, 0x31B8, 0x0021, 0xF81F, 0xF81F,  /* row 16 */
    0xF81F, 0x0844, 0x9C61, 0xFF41, 0x0000, 0x64B4, 0x4209, 0xEFDF, 0x8472, 0x0828, 0x0828, 0x0004, 0x182E, 0x182F, 0x182F, 0x202F, 0x202F, 0x202F, 0x2030, 0x7837, 0xE95F, 0x4853, 0x2030, 0x202F, 0x202F, 0x202F, 0x202F, 0x202F, 0x202F, 0x202F, 0x2030, 0x102F, 0xE03E, 0xB11C, 0x4834, 0x182F, 0x202F, 0x202F, 0x100E, 0xD6FF, 0x31B7, 0x0001, 0xF81F, 0xF81F,  /* row 17 */
    0xF81F, 0x0844, 0x9C81, 0xFF61, 0x0001, 0x6CD3, 0x4209, 0xEFDF, 0x8472, 0x0828, 0x0828, 0x0004, 0x182E, 0x182F, 0x182F, 0x202F, 0x202F, 0x202F, 0x080E, 0xC89B, 0x68F7, 0xC05B, 0x2851, 0x2030, 0x202F, 0x202F, 0x202F, 0x202F, 0x202F, 0x202F, 0x202F, 0x2010, 0x7936, 0xD1BF, 0x182F, 0x202F, 0x202F, 0x202F, 0x100E, 0xD6FF, 0x31B7, 0x0001, 0xF81F, 0xF81F,  /* row 18 */
    0xF81F, 0x0843, 0xACE1, 0xFFE0, 0x0001, 0x3135, 0x3A09, 0xEFDF, 0x8472, 0x0828, 0x0828, 0x0004, 0x182E, 0x182F, 0x182F, 0x202F, 0x202F, 0x002E, 0xF85F, 0x1811, 0x2030, 0x2011, 0xE07E, 0x100F, 0x202F, 0x202F, 0x202F, 0x202F, 0x202F, 0x202F, 0x102F, 0xD05D, 0x8078, 0x7857, 0xB05B, 0x2831, 0x202F, 0x202F, 0x100E, 0xD6FF, 0x31D8, 0x0001, 0xF81F, 0xF81F,  /* row 19 */
    0xF81F, 0xF81F, 0x0004, 0x0003, 0x0004, 0x0002, 0x3A09, 0xE7DF, 0x8472, 0x0828, 0x0828, 0x0004, 0x182E, 0x182F, 0x202F, 0x202F, 0x102F, 0xF83F, 0xD87E, 0x102F, 0x202F, 0x2030, 0x3032, 0xA87A, 0x182F, 0x202F, 0x202F, 0x202F, 0x202F, 0x102E, 0xD85D, 0x4834, 0x182F, 0x2030, 0x4054, 0xF03E, 0x6055, 0x202F, 0x100E, 0xD6FF, 0x39D8, 0x0001, 0xF81F, 0xF81F,  /* row 20 */
    0xF81F, 0xF81F, 0xF81F, 0x0002, 0x3A6A, 0xAFFF, 0xF7FF, 0xE7FF, 0x8472, 0x0828, 0x0828, 0x0004, 0x182E, 0x182F, 0x202F, 0x202F, 0x182F, 0x5835, 0x102F, 0x202F, 0x202F, 0x202F, 0x182F, 0x182F, 0x202F, 0x202F, 0x202F, 0x202F, 0x202F, 0x202F, 0x2030, 0x202F, 0x202F, 0x202F, 0x2030, 0x5855, 0x8858, 0x202F, 0x100E, 0xD6FF, 0x39D8, 0x0001, 0xF81F, 0xF81F,  /* row 21 */
    0xF81F, 0xF81F, 0xF81F, 0x0001, 0xAFFF, 0xA7DF, 0xEFFF, 0xEFFF, 0x8C72, 0x0828, 0x0828, 0x0004, 0x182E, 0x182F, 0x202F, 0x182F, 0x202F, 0x202F, 0x202F, 0x202F, 0x202F, 0x202F, 0x202F, 0x202F, 0x202F, 0x202F, 0x202F, 0x202F, 0x202F, 0x202F, 0x202F, 0x202F, 0x202F, 0x202F, 0x202F, 0x182F, 0x182F, 0x202F, 0x100E, 0xD6FF, 0x212E, 0x0002, 0xF81F, 0xF81F,  /* row 22 */
    0xF81F, 0xF81F, 0xF81F, 0x0001, 0xAFFF, 0xA7DF, 0xEFFF, 0xE7FF, 0x8492, 0x0828, 0x0828, 0x0004, 0x182E, 0x182F, 0x202F, 0x182F, 0x182F, 0x182F, 0x182F, 0x182F, 0x202F, 0x202F, 0x202F, 0x202F, 0x202F, 0x202F, 0x202F, 0x202F, 0x202F, 0x202F, 0x202F, 0x202F, 0x202F, 0x202F, 0x202F, 0x202F, 0x202F, 0x202F, 0x100E, 0xE77F, 0x0843, 0x0002, 0xF81F, 0xF81F,  /* row 23 */
    0xF81F, 0xF81F, 0xF81F, 0x0022, 0xAFFF, 0xA7DF, 0xEFFF, 0xE7FF, 0x8492, 0x0828, 0x0828, 0x0004, 0x182E, 0x182F, 0x202F, 0x182F, 0x182F, 0x182F, 0x182F, 0x182F, 0x202F, 0x202F, 0x182F, 0x202F, 0x2030, 0x2030, 0x182F, 0x182F, 0x182F, 0x2030, 0x2030, 0x202F, 0x182F, 0x182F, 0x202F, 0x202F, 0x202F, 0x202F, 0x41D3, 0x4A9A, 0x0002, 0x0002, 0xF81F, 0xF81F,  /* row 24 */
    0xF81F, 0xF81F, 0x1083, 0x4B8F, 0xAFFF, 0xA7DF, 0xEFFF, 0xE7FF, 0x8C93, 0x0828, 0x0829, 0x0004, 0x102A, 0x182E, 0x202F, 0x182F, 0x182F, 0x182F, 0x182F, 0x182F, 0x2030, 0x182E, 0x1829, 0x1025, 0x0802, 0x0802, 0x202E, 0x0802, 0x1003, 0x1002, 0x1002, 0x1023, 0x1829, 0x2030, 0x202F, 0x202F, 0x202F, 0x2050, 0x7378, 0x52DA, 0x0002, 0x0002, 0xF81F, 0xF81F,  /* row 25 */
    0xF81F, 0x0842, 0x7C32, 0x9F9E, 0xA7DF, 0xA7DF, 0xEFFF, 0xE7FF, 0x8493, 0x0828, 0x0829, 0x0005, 0x0003, 0x184E, 0x202F, 0x182F, 0x182F, 0x182F, 0x182F, 0x182C, 0x0802, 0x1003, 0x1003, 0x1004, 0x1003, 0x1003, 0x0802, 0x1003, 0x0001, 0x1003, 0x1003, 0x1003, 0x1004, 0x1028, 0x182F, 0x182F, 0x202F, 0x202F, 0x643A, 0x52DB, 0x0002, 0x1083, 0xF81F, 0xF81F,  /* row 26 */
    0xF81F, 0x0842, 0x7C11, 0x9FBF, 0xA7DF, 0xA7DF, 0xEFFF, 0xE7FF, 0x8472, 0x0828, 0x0829, 0x0004, 0x0003, 0x184E, 0x202F, 0x182F, 0x182F, 0x182F, 0x182F, 0x1026, 0x1003, 0x1003, 0x0802, 0x388A, 0x3068, 0xA1F6, 0xD25E, 0x0001, 0xE2DF, 0x0001, 0x1003, 0x1003, 0x0802, 0x1029, 0x182F, 0x1830, 0x202F, 0x202F, 0x3175, 0x0847, 0x0863, 0xF81F, 0xF81F, 0xF81F,  /* row 27 */
    0xF81F, 0x0022, 0x7C11, 0x9FBF, 0xA7DF, 0xA7DF, 0xF7FF, 0xB7DF, 0x6411, 0x1911, 0x2132, 0x0003, 0x0003, 0x0002, 0x2050, 0x182F, 0x182F, 0x182F, 0x182F, 0x1004, 0x0002, 0x1003, 0x0001, 0xD2DF, 0x6910, 0x0000, 0x2887, 0x2044, 0xA9F8, 0x0001, 0x1002, 0x0001, 0xDB5E, 0x0808, 0x184E, 0x184F, 0x202F, 0x202F, 0x1028, 0xF81F, 0xF81F, 0xF81F, 0xF81F, 0xF81F,  /* row 28 */
    0xF81F, 0x0022, 0x7C11, 0x9FBF, 0xA7DF, 0xA7DF, 0xAFDF, 0xA7DF, 0x53F0, 0x0024, 0x29F8, 0x2173, 0x1910, 0x0002, 0x0004, 0x2050, 0x202F, 0x202F, 0x202F, 0x0825, 0xA238, 0x0001, 0x1026, 0x206B, 0x182D, 0x202F, 0x2030, 0x2030, 0x2030, 0x2030, 0x2030, 0x2030, 0x100E, 0x202F, 0x184F, 0x184F, 0x202F, 0x202F, 0x0828, 0xF81F, 0xF81F, 0xF81F, 0xF81F, 0xF81F,  /* row 29 */
    0xF81F, 0x1906, 0x526B, 0xBFFF, 0xA7DF, 0xA7DF, 0xA7DF, 0xA7DF, 0xB7FF, 0x3ACD, 0x324B, 0x0001, 0x18EF, 0x29D8, 0x0846, 0x0002, 0x182F, 0x202F, 0x202F, 0x2030, 0x180F, 0x2030, 0x202F, 0x202F, 0x202F, 0x202F, 0x202F, 0x202F, 0x202F, 0x202F, 0x202F, 0x202F, 0x202F, 0x202F, 0x1830, 0x184F, 0x1049, 0x0000, 0x0001, 0xF81F, 0xF81F, 0xF81F, 0xF81F, 0xF81F,  /* row 30 */
    0xF81F, 0xF81F, 0xF81F, 0x0000, 0x538F, 0xB7FF, 0x53F0, 0x96BB, 0xAFFF, 0xAFFF, 0xA7DF, 0x6D15, 0x0001, 0x0026, 0x29F9, 0x18CC, 0x0002, 0x0827, 0x102A, 0x202F, 0x202F, 0x2050, 0x2030, 0x202F, 0x2030, 0x2030, 0x2030, 0x2030, 0x2030, 0x2030, 0x2050, 0x2030, 0x202F, 0x102C, 0x0004, 0x0003, 0x2849, 0x30C8, 0xF81F, 0xF81F, 0xF81F, 0xF81F, 0xF81F, 0xF81F,  /* row 31 */
    0xF81F, 0xF81F, 0xF81F, 0xF81F, 0x0022, 0x1926, 0x0002, 0x0021, 0x0061, 0x0861, 0xAFDF, 0xA7FF, 0x9F7E, 0x432E, 0x0002, 0x0003, 0x31F8, 0x0847, 0x0003, 0x0003, 0x0003, 0x0003, 0x0003, 0x0003, 0x0003, 0x0003, 0x0003, 0x0003, 0x0003, 0x0003, 0x0003, 0x0003, 0x0003, 0x0002, 0x1827, 0xA197, 0x1923, 0xF81F, 0xF81F, 0xF81F, 0xF81F, 0xF81F, 0xF81F, 0xF81F,  /* row 32 */
    0xF81F, 0xF81F, 0xF81F, 0xF81F, 0xF81F, 0x0001, 0x0001, 0x32F1, 0x32B1, 0x2A0D, 0x0000, 0x10E4, 0xA7FF, 0x9FFF, 0x9FFF, 0x0001, 0x0003, 0x29F8, 0x190F, 0x0004, 0x0004, 0x0003, 0x0004, 0x0004, 0x0004, 0x0004, 0x0004, 0x0868, 0x108A, 0x108A, 0x088A, 0x0004, 0x48CC, 0xEA1F, 0xB1F6, 0x0001, 0xF81F, 0xF81F, 0xF81F, 0xF81F, 0xF81F, 0xF81F, 0xF81F, 0xF81F,  /* row 33 */
    0xF81F, 0xF81F, 0xF81F, 0xF81F, 0xF81F, 0x0000, 0x10E6, 0x10C6, 0x0863, 0x1148, 0x19AA, 0x0000, 0x29E9, 0x0862, 0x5CB3, 0x97FF, 0x332D, 0x0846, 0x2172, 0x0887, 0x0866, 0x0004, 0x0005, 0x0005, 0x0005, 0x0005, 0x0004, 0x0848, 0x0004, 0x0004, 0x0848, 0x1068, 0x9174, 0x386A, 0x0044, 0x0864, 0x0044, 0x2106, 0xF81F, 0xF81F, 0xF81F, 0xF81F, 0xF81F, 0xF81F,  /* row 34 */
    0xF81F, 0xF81F, 0xF81F, 0xF81F, 0x0001, 0x0000, 0x0001, 0x0001, 0x1107, 0x2A70, 0x2A4F, 0x0863, 0x0023, 0x08C8, 0x0024, 0x0883, 0x0863, 0x0003, 0x0003, 0x0022, 0x218D, 0x0002, 0x104D, 0x104B, 0x104B, 0x106B, 0x104B, 0x0025, 0x0827, 0x0827, 0x0003, 0x0827, 0x0002, 0x0044, 0x2A4F, 0x32B1, 0x4393, 0x4BB3, 0x0001, 0xF81F, 0xF81F, 0xF81F, 0xF81F, 0xF81F,  /* row 35 */
    0xF81F, 0xF81F, 0xF81F, 0x1083, 0x0021, 0x64D8, 0x5436, 0x2A90, 0x0021, 0x0000, 0x2A6F, 0x2A4F, 0x2A4F, 0x2A4F, 0x2A91, 0x0847, 0x0001, 0x0002, 0x0002, 0x0002, 0x08A3, 0x28D0, 0x0005, 0x104C, 0x104B, 0x104B, 0x104B, 0x0005, 0x0003, 0x0003, 0x0002, 0x0025, 0x2A4F, 0x0863, 0x196B, 0x0023, 0x322D, 0x5BF6, 0x21A9, 0x0001, 0xF81F, 0xF81F, 0xF81F, 0xF81F,  /* row 36 */
    0xF81F, 0xF81F, 0xF81F, 0x1B4F, 0x5C76, 0x4352, 0x224E, 0x224E, 0x2A6F, 0x1148, 0x0864, 0x21CD, 0x21CD, 0x21AD, 0x21CD, 0x110A, 0x2A90, 0x2A2E, 0x10C6, 0x0000, 0x97FF, 0x0001, 0x106C, 0x104B, 0x104B, 0x104C, 0x0829, 0x0004, 0x1025, 0x0000, 0x7FFF, 0x0000, 0x2A4F, 0x10E7, 0x196B, 0x0023, 0x324D, 0x53D5, 0x6CD9, 0x0863, 0xF81F, 0xF81F, 0xF81F, 0xF81F,  /* row 37 */
    0xF81F, 0xF81F, 0x0000, 0x36FD, 0x377F, 0x218B, 0x220D, 0x222D, 0x222E, 0x2A8F, 0x0847, 0x0867, 0x0846, 0x21EE, 0x21CD, 0x2A4F, 0x2A4F, 0x2A4F, 0x2A90, 0x0000, 0x8FFF, 0x0001, 0x106D, 0x106C, 0x104C, 0x0829, 0x0003, 0x70D0, 0xF97F, 0x0000, 0x6FFF, 0x0000, 0x2A91, 0x2A50, 0x196B, 0x0023, 0x10A5, 0x42F0, 0x53D5, 0x5BD5, 0x0001, 0x0022, 0xF81F, 0xF81F,  /* row 38 */
    0xF81F, 0xF81F, 0x18E5, 0x0000, 0x2E5C, 0x367C, 0x3EFD, 0x4517, 0x19CB, 0x0866, 0x0867, 0x0867, 0x0846, 0x2A4F, 0x2A50, 0x21CC, 0x2332, 0x2312, 0x2B53, 0x0000, 0x97FF, 0x0000, 0x0002, 0x0043, 0x0002, 0x408A, 0x60CE, 0xA0D5, 0xF17E, 0x0000, 0x6FFF, 0x0000, 0x2A70, 0x2A4F, 0x1929, 0x10EA, 0x0886, 0x4B11, 0x5394, 0x5C16, 0x0001, 0x0022, 0xF81F, 0xF81F,  /* row 39 */
    0xF81F, 0x18E5, 0x0863, 0x08A5, 0x08A4, 0x1125, 0x1B8F, 0x1B4E, 0x0001, 0x0846, 0x0847, 0x0867, 0x0846, 0x2A50, 0x2A70, 0x0884, 0x3535, 0x2CF4, 0x2D15, 0x0000, 0x9FFF, 0x0000, 0x0002, 0x76BB, 0x0000, 0xF97F, 0x68CE, 0x98D5, 0xF95E, 0x0000, 0x6FFF, 0x0000, 0x21AC, 0x198B, 0x10C7, 0x10C9, 0x0886, 0x0000, 0x4473, 0x3B10, 0x0866, 0x0021, 0xF81F, 0xF81F,  /* row 40 */
    0xF81F, 0x0001, 0x3B11, 0x224E, 0x0043, 0xA442, 0x8BC3, 0x0001, 0x0846, 0x0867, 0x0847, 0x0847, 0x0846, 0x2A70, 0x2A4F, 0x2A4F, 0x1107, 0x1127, 0x1107, 0x0000, 0x9FFF, 0x0000, 0x0002, 0x767A, 0x0000, 0xF95F, 0x68EF, 0x98D4, 0xF17E, 0x0000, 0x77FF, 0x0000, 0x1128, 0x1128, 0x10C7, 0x0886, 0x196E, 0x10C9, 0x0023, 0x328D, 0x4B73, 0x0863, 0x2105, 0xF81F,  /* row 41 */
    0x39EA, 0x196A, 0x3B12, 0x1989, 0x0001, 0x2902, 0x20E2, 0x0001, 0x0847, 0x0847, 0x0847, 0x0847, 0x0846, 0x2A4F, 0x2A4F, 0x2A4F, 0x2A4F, 0x2A4F, 0x2A4F, 0x0002, 0x9FFF, 0x0001, 0x0002, 0x767A, 0x0000, 0xF95F, 0x68CF, 0x90B3, 0xF17E, 0x0000, 0x77DF, 0x0000, 0x2A70, 0x2A4F, 0x198C, 0x0024, 0x10CA, 0x08A9, 0x0023, 0x2A4D, 0x3AF1, 0x5C77, 0x0022, 0x2105,  /* row 42 */
    0x0884, 0x2A91, 0x21AB, 0x0842, 0x0866, 0x1087, 0x0842, 0x1088, 0x0887, 0x0887, 0x0887, 0x0887, 0x0867, 0x1928, 0x1928, 0x1948, 0x1928, 0x1928, 0x1928, 0x0022, 0x434F, 0x0022, 0x0023, 0x322B, 0x0022, 0x58AD, 0x2087, 0x308A, 0x50CD, 0x0022, 0x32CD, 0x0021, 0x10E7, 0x10E6, 0x0885, 0x0023, 0x0866, 0x0866, 0x0023, 0x10E7, 0x1128, 0x21EB, 0x0023, 0x1083,  /* row 43 */
};
static const Sprite NB_SPRITE_SLEEPY_1 = {
    44, 44, 0xF81F, nb_sleepy_1_px
};

static const uint16_t nb_sleepy_2_px[] = {
    0xF81F, 0xF81F, 0xF81F, 0xF81F, 0xF81F, 0xF81F, 0xF81F, 0xF81F, 0xF81F, 0xF81F, 0xF81F, 0xF81F, 0xF81F, 0xF81F, 0xF81F, 0xF81F, 0xF81F, 0xF81F, 0xF81F, 0x31A9, 0x31C9, 0x31A9, 0x31C9, 0x31C9, 0x31C9, 0x31C9, 0x31A9, 0x31A9, 0x31A9, 0x0003, 0xF81F, 0xF81F, 0xF81F, 0xF81F, 0xF81F, 0xF81F, 0xF81F, 0xF81F, 0xF81F, 0xF81F, 0xF81F, 0xF81F, 0xF81F, 0xF81F,  /* row 0  */
    0xF81F, 0xF81F, 0xF81F, 0xF81F, 0xF81F, 0xF81F, 0xF81F, 0xF81F, 0xF81F, 0xF81F, 0x0842, 0x0002, 0x0002, 0x0844, 0x29F2, 0x21F1, 0x5556, 0x9D35, 0xB618, 0xE7DF, 0xAEDE, 0xAEBE, 0xAEBE, 0xEFFF, 0xEFFF, 0xEFFF, 0xEFFF, 0xEFFF, 0xF7FF, 0x6454, 0x3B52, 0x21B0, 0x8CD4, 0x4B92, 0x0002, 0x0002, 0x0844, 0xF81F, 0xF81F, 0xF81F, 0xF81F, 0xF81F, 0xF81F, 0xF81F,  /* row 1  */
    0xF81F, 0xF81F, 0xF81F, 0xF81F, 0xF81F, 0xF81F, 0xF81F, 0xF81F, 0x0863, 0x0001, 0x2172, 0x9E9C, 0xDF5D, 0xDF7D, 0xFFFF, 0xD75F, 0x967E, 0x85FE, 0x753D, 0x6CBC, 0xAE9E, 0xF7FF, 0xEFFF, 0xEFFF, 0xEFFF, 0xEFFF, 0xEFFF, 0xEFFF, 0xEFFF, 0xEFFF, 0xA6DE, 0xF7FF, 0xA67D, 0x779E, 0xE7FF, 0xB7FF, 0x1905, 0x0003, 0xF81F, 0xF81F, 0xF81F, 0xF81F, 0xF81F, 0xF81F,  /* row 2  */
    0xF81F, 0xF81F, 0xF81F, 0xF81F, 0xF81F, 0xF81F, 0xF81F, 0x2146, 0x8E19, 0xD75E, 0xEFFF, 0xE7FF, 0xE7DF, 0xDF7E, 0x857D, 0xCF7F, 0x9E7E, 0x6C7B, 0x433A, 0xDF5E, 0xEFFF, 0xEFFF, 0xEFFF, 0xEFFF, 0xEFFF, 0xEFFF, 0xEFFF, 0xEFFF, 0xEFFF, 0xEFFF, 0x9EDE, 0xEFBF, 0x5BBA, 0xF7FF, 0xE7FF, 0xEFFF, 0xF7FF, 0x7C32, 0x0825, 0xF81F, 0xF81F, 0xF81F, 0xF81F, 0xF81F,  /* row 3  */
    0xF81F, 0xF81F, 0xF81F, 0xF81F, 0xF81F, 0xF81F, 0x0023, 0x4B91, 0xB7BF, 0xE7FF, 0xEFFF, 0xEFFF, 0xEFFF, 0xDF9F, 0x855E, 0xEFFF, 0xA67D, 0x5BDA, 0x431A, 0xA7FF, 0xB7BF, 0xEFFF, 0xEFFF, 0xEFFF, 0xEFFF, 0xEFFF, 0xEFFF, 0xEFFF, 0xEFFF, 0xEFFF, 0xF7FF, 0x96FE, 0x6C7B, 0x95DC, 0xEFFF, 0xEFFF, 0xEFFF, 0xDEDB, 0x632D, 0xF81F, 0xF81F, 0xF81F, 0xF81F, 0xF81F,  /* row 4  */
    0xF81F, 0xF81F, 0xF81F, 0xF81F, 0x0001, 0xA7DF, 0xF7FF, 0xAFBE, 0xD7FF, 0xEFFF, 0xEFFF, 0xEFFF, 0xEFFF, 0xE7DF, 0xC71F, 0xE7DF, 0x9E3D, 0x955C, 0xEFFF, 0xEFFF, 0xEFFF, 0xEFFF, 0xEFFF, 0xEFFF, 0xEFFF, 0xEFFF, 0xEFFF, 0xEFFF, 0xEFFF, 0xEFFF, 0xEFFF, 0xEFFF, 0xD75F, 0x95BD, 0xEFFF, 0xE7FF, 0xCFFF, 0x6F9F, 0xF7DF, 0x10A3, 0xF81F, 0xF81F, 0xF81F, 0xF81F,  /* row 5  */
    0xF81F, 0xF81F, 0xF81F, 0x0005, 0xB7DF, 0x9FDF, 0xEFFF, 0xE7FF, 0xEFFF, 0xEFFF, 0xEFFF, 0xEFFF, 0xAFBF, 0xA7BF, 0xEFFF, 0xE79F, 0x535A, 0x8D1B, 0xE7FF, 0xEFFF, 0xEFFF, 0xEFFF, 0xEFFF, 0xEFFF, 0xEFFF, 0xEFFF, 0xEFFF, 0xEFFF, 0xEFFF, 0xEFFF, 0xEFFF, 0xEFFF, 0xCF3E, 0x7CFD, 0xBEDE, 0xE7FF, 0xCFDF, 0x67BF, 0xF7FF, 0x5F7E, 0x0022, 0xF81F, 0xF81F, 0xF81F,  /* row 6  */
    0xF81F, 0xF81F, 0xF81F, 0x0001, 0xAFFF, 0xA7DF, 0xEFFF, 0xEFFF, 0xEFFF, 0xEFFF, 0xEFFF, 0xEFFF, 0xEFFF, 0xEFFF, 0xE7FF, 0xE79F, 0x4B39, 0xC77F, 0xEFFF, 0xEFFF, 0xEFFF, 0xEFFF, 0xEFFF, 0xEFFF, 0xEFFF, 0xEFFF, 0xEFFF, 0xEFFF, 0xEFFF, 0xEFFF, 0xF7FF, 0xF7FF, 0xEFFF, 0xD75F, 0xB69E, 0xEFFF, 0xEFFF, 0xF7FF, 0xC7DF, 0x77FF, 0x0022, 0xF81F, 0xF81F, 0xF81F,  /* row 7  */
    0xF81F, 0xF81F, 0xF81F, 0x0001, 0xAFFF, 0xA7DF, 0xEFFF, 0xEFFF, 0xEFFF, 0xEFFF, 0xF7FF, 0xA7BF, 0x9FBF, 0x9FBF, 0xF7FF, 0xEFBF, 0x4B39, 0xA6FF, 0x9EBF, 0x9EBF, 0x9EBF, 0x9E9F, 0x9E9F, 0x9E9F, 0x9E9F, 0x9E9F, 0x9E9F, 0x9E9F, 0x9E9F, 0x9E9F, 0x9E9F, 0x9E9F, 0xAEFF, 0xDF7F, 0xBE9E, 0xEFFF, 0xCFFF, 0x477F, 0xFFFF, 0xEFFF, 0x0842, 0xF81F, 0xF81F, 0xF81F,  /* row 8  */
    0xF81F, 0xF81F, 0xF81F, 0x0001, 0xAFFF, 0xA7DF, 0xEFFF, 0xEFFF, 0xEFFF, 0xEFFF, 0xAFBE, 0xEFFF, 0xF7FF, 0xEFFF, 0xAF5F, 0x7D1E, 0x42DA, 0x10A3, 0x10A3, 0x10A4, 0x10A4, 0x10A4, 0x10A4, 0x10A4, 0x10A4, 0x10A4, 0x10A4, 0x10A4, 0x10A4, 0x10A4, 0x10A5, 0x10A5, 0x10C5, 0x31CA, 0x95FF, 0x8DDF, 0x767F, 0x57DF, 0x67BF, 0xFFFF, 0x0801, 0x0023, 0xF81F, 0xF81F,  /* row 9  */
    0xF81F, 0xF81F, 0xF81F, 0x0001, 0xAFFF, 0xA7DF, 0xEFFF, 0xEFFF, 0xEFFF, 0xEFFF, 0xF7FF, 0x973F, 0x5458, 0x6459, 0x18B1, 0x0001, 0x0003, 0x10A5, 0x4A5C, 0x4A3B, 0x4A3A, 0x4A3A, 0x4A3A, 0x4A3A, 0x4A5B, 0x4A5B, 0x4A5B, 0x525B, 0x527B, 0x527B, 0x527B, 0x527B, 0x527B, 0x4A5B, 0x294D, 0x18C5, 0x18A4, 0x0004, 0x1147, 0x367B, 0x56FD, 0x0001, 0xF81F, 0xF81F,  /* row 10 */
    0xF81F, 0xF81F, 0xF81F, 0x0001, 0xAFFF, 0xA7DF, 0xEFFF, 0xEFFF, 0xEFFF, 0xEFFF, 0xBF3F, 0x18EC, 0x0004, 0x0004, 0x100B, 0x2050, 0x2050, 0x4193, 0x3952, 0x3951, 0x3951, 0x3131, 0x3131, 0x3131, 0x3111, 0x3111, 0x3111, 0x3111, 0x2910, 0x28F0, 0x28F0, 0x28F1, 0x28F1, 0x28F0, 0x28F0, 0x83F7, 0xE71F, 0xD69E, 0x298F, 0x0002, 0x10AB, 0x0002, 0xF81F, 0xF81F,  /* row 11 */
    0xF81F, 0xF81F, 0xF81F, 0x0001, 0xAFFF, 0xA7DF, 0xEFFF, 0xEFFF, 0xF7FF, 0xBE19, 0x0006, 0x0829, 0x0004, 0x0005, 0x202F, 0x202F, 0x202F, 0x204F, 0x204F, 0x204F, 0x204F, 0x204F, 0x204F, 0x204F, 0x204F, 0x204F, 0x204F, 0x204F, 0x204F, 0x204F, 0x204F, 0x204F, 0x204F, 0x204F, 0x204F, 0x180F, 0x080E, 0x7377, 0xD6FF, 0x0002, 0x2977, 0x0001, 0xF81F, 0xF81F,  /* row 12 */
    0xF81F, 0xF81F, 0xF81F, 0x0001, 0xAFFF, 0xA7DF, 0xEFFF, 0xEFFF, 0x7C31, 0x0007, 0x0828, 0x0829, 0x0004, 0x0004, 0x202F, 0x202F, 0x202F, 0x202F, 0x202F, 0x202F, 0x202F, 0x202F, 0x202F, 0x202F, 0x202F, 0x202F, 0x202F, 0x202F, 0x202F, 0x202F, 0x202F, 0x202F, 0x202F, 0x202F, 0x202F, 0x202F, 0x202F, 0x28D0, 0xCEBF, 0x4A78, 0x0001, 0x0022, 0xF81F, 0xF81F,  /* row 13 */
    0xF81F, 0xF81F, 0xF81F, 0x0001, 0xB7FF, 0xA7FF, 0xF7FF, 0xEFFF, 0x8472, 0x0828, 0x0828, 0x0006, 0x0002, 0x2050, 0x182F, 0x202F, 0x202F, 0x202F, 0x202F, 0x202F, 0x202F, 0x202F, 0x202F, 0x202F, 0x202F, 0x202F, 0x202F, 0x202F, 0x202F, 0x202F, 0x202F, 0x202F, 0x202F, 0x202F, 0x202F, 0x202F, 0x202F, 0x28B0, 0xCE9F, 0x5B3B, 0x0001, 0x0022, 0xF81F, 0xF81F,  /* row 14 */
    0xF81F, 0xF81F, 0xF81F, 0x0002, 0x0024, 0x0003, 0x4A4B, 0xEFFF, 0x8472, 0x0828, 0x0828, 0x0004, 0x184F, 0x182F, 0x202F, 0x202F, 0x202F, 0x202F, 0x202F, 0x202F, 0x202F, 0x202F, 0x202F, 0x202F, 0x202F, 0x202F, 0x202F, 0x202F, 0x202F, 0x202F, 0x202F, 0x202F, 0x202F, 0x202F, 0x202F, 0x202F, 0x202F, 0x2030, 0x7BF8, 0xD6DF, 0x39D8, 0x0001, 0xF81F, 0xF81F,  /* row 15 */
    0xF81F, 0x0844, 0x6AE2, 0xACE3, 0x0000, 0x7535, 0x420A, 0xEFDF, 0x8472, 0x0828, 0x0828, 0x0004, 0x182E, 0x182F, 0x202F, 0x202F, 0x202F, 0x202F, 0x202F, 0x202F, 0x202F, 0x182F, 0x182F, 0x202F, 0x182F, 0x182F, 0x182F, 0x182F, 0x202F, 0x202F, 0x202F, 0x202F, 0x202F, 0x202F, 0x202F, 0x202F, 0x202F, 0x202F, 0x3992, 0xCEDF, 0x31B8, 0x0021, 0xF81F, 0xF81F,  /* row 16 */
    0xF81F, 0x0844, 0x9C61, 0xFF41, 0x0000, 0x64B4, 0x4209, 0xEFDF, 0x8472, 0x0828, 0x0828, 0x0004, 0x182E, 0x182F, 0x182F, 0x182F, 0x2850, 0x284F, 0x202F, 0x182E, 0x202E, 0x202F, 0x202F, 0x202F, 0x202F, 0x202F, 0x202F, 0x202F, 0x202F, 0x202F, 0x202F, 0x182F, 0x3850, 0x282F, 0x284F, 0x2850, 0x3070, 0x202F, 0x100E, 0xD6FF, 0x31B7, 0x0001, 0xF81F, 0xF81F,  /* row 17 */
    0xF81F, 0x0844, 0x9C81, 0xFF61, 0x0001, 0x6CD3, 0x4209, 0xEFDF, 0x8472, 0x0828, 0x0828, 0x0004, 0x182E, 0x182F, 0x202F, 0x48B1, 0xDA1F, 0xF23F, 0xB1BA, 0x9178, 0x60F4, 0x202F, 0x202F, 0x202F, 0x202F, 0x202F, 0x202F, 0x202F, 0x202F, 0x202F, 0x202F, 0x202F, 0x58D3, 0x9958, 0xA979, 0xC9DD, 0xE21F, 0xB25B, 0x100E, 0xD6FF, 0x31B7, 0x0001, 0xF81F, 0xF81F,  /* row 18 */
    0xF81F, 0x0843, 0xACE1, 0xFFE0, 0x0001, 0x3135, 0x3A09, 0xEFDF, 0x8472, 0x0828, 0x0828, 0x0004, 0x182E, 0x182F, 0x182F, 0x204F, 0x7155, 0xF2DF, 0x100E, 0x202F, 0x202F, 0x202F, 0x202F, 0x202F, 0x202F, 0x202F, 0x202F, 0x202F, 0x202F, 0x202F, 0x202F, 0x202F, 0x202F, 0x202F, 0x202F, 0x3091, 0x3070, 0xCA9D, 0x080E, 0xD6FF, 0x31D8, 0x0001, 0xF81F, 0xF81F,  /* row 19 */
    0xF81F, 0xF81F, 0x0004, 0x0003, 0x0004, 0x0002, 0x3A09, 0xE7DF, 0x8472, 0x0828, 0x0828, 0x0004, 0x182E, 0x182F, 0x202F, 0x180F, 0x8955, 0x60D3, 0x182E, 0x202F, 0x202F, 0x202F, 0x202F, 0x202F, 0x202F, 0x202F, 0x202F, 0x202F, 0x202F, 0x202F, 0x202F, 0x202F, 0x202F, 0x202F, 0x202F, 0x202F, 0x182F, 0xB1F9, 0x080D, 0xD6FF, 0x39D8, 0x0001, 0xF81F, 0xF81F,  /* row 20 */
    0xF81F, 0xF81F, 0xF81F, 0x0002, 0x3A6A, 0xAFFF, 0xF7FF, 0xE7FF, 0x8472, 0x0828, 0x0828, 0x0004, 0x182E, 0x182F, 0x202F, 0x202F, 0x202F, 0x202F, 0x202F, 0x202F, 0x202F, 0x202F, 0x202F, 0x202F, 0x202F, 0x202F, 0x202F, 0x202F, 0x202F, 0x202F, 0x202F, 0x202F, 0x202F, 0x202F, 0x202F, 0x202F, 0x202F, 0x180F, 0x100E, 0xD6FF, 0x39D8, 0x0001, 0xF81F, 0xF81F,  /* row 21 */
    0xF81F, 0xF81F, 0xF81F, 0x0001, 0xAFFF, 0xA7DF, 0xEFFF, 0xEFFF, 0x8C72, 0x0828, 0x0828, 0x0004, 0x182E, 0x182F, 0x202F, 0x182F, 0x202F, 0x202F, 0x202F, 0x202F, 0x202F, 0x202F, 0x202F, 0x202F, 0x202F, 0x202F, 0x202F, 0x202F, 0x202F, 0x202F, 0x202F, 0x202F, 0x202F, 0x202F, 0x202F, 0x202F, 0x202F, 0x202F, 0x100E, 0xD6FF, 0x212E, 0x0002, 0xF81F, 0xF81F,  /* row 22 */
    0xF81F, 0xF81F, 0xF81F, 0x0001, 0xAFFF, 0xA7DF, 0xEFFF, 0xE7FF, 0x8492, 0x0828, 0x0828, 0x0004, 0x182E, 0x182F, 0x202F, 0x182F, 0x182F, 0x182F, 0x182F, 0x182F, 0x180E, 0x182F, 0x182F, 0x182F, 0x182F, 0x182F, 0x182F, 0x202F, 0x202F, 0x202F, 0x202F, 0x202F, 0x202F, 0x202F, 0x202F, 0x202F, 0x202F, 0x202F, 0x100E, 0xE77F, 0x0843, 0x0002, 0xF81F, 0xF81F,  /* row 23 */
    0xF81F, 0xF81F, 0xF81F, 0x0022, 0xAFFF, 0xA7DF, 0xEFFF, 0xE7FF, 0x8492, 0x0828, 0x0828, 0x0004, 0x182E, 0x182F, 0x202F, 0x182F, 0x182F, 0x182F, 0x100E, 0xB21B, 0xDA9D, 0xD9FD, 0xDA3D, 0xD1FC, 0xD1FB, 0xC1FB, 0xC9BB, 0xA999, 0x182F, 0x3070, 0x6114, 0x8136, 0x8977, 0x204F, 0x202F, 0x202F, 0x202F, 0x202F, 0x41D3, 0x4A9A, 0x0002, 0x0002, 0xF81F, 0xF81F,  /* row 24 */
    0xF81F, 0xF81F, 0x1083, 0x4B8F, 0xAFFF, 0xA7DF, 0xEFFF, 0xE7FF, 0x8C93, 0x0828, 0x0829, 0x0004, 0x102A, 0x182E, 0x202F, 0x182F, 0x182F, 0x182F, 0x080E, 0xEA3F, 0xB9D9, 0x080D, 0x180E, 0x182E, 0x202F, 0x284F, 0x58D3, 0xFA5F, 0x180E, 0x58D3, 0xF9DF, 0xB1DA, 0xE9DF, 0x40B1, 0x202F, 0x202F, 0x202F, 0x2050, 0x7378, 0x52DA, 0x0002, 0x0002, 0xF81F, 0xF81F,  /* row 25 */
    0xF81F, 0x0842, 0x7C32, 0x9F9E, 0xA7DF, 0xA7DF, 0xEFFF, 0xE7FF, 0x8493, 0x0828, 0x0829, 0x0005, 0x0003, 0x184E, 0x202F, 0x182F, 0x182F, 0x182F, 0x080E, 0xF2BF, 0x100E, 0x202F, 0x202F, 0x202F, 0x202F, 0x202F, 0x3050, 0xFABF, 0x180E, 0x68F4, 0xFA1F, 0x81B6, 0x8137, 0x48B2, 0x202F, 0x182F, 0x202F, 0x202F, 0x643A, 0x52DB, 0x0002, 0x1083, 0xF81F, 0xF81F,  /* row 26 */
    0xF81F, 0x0842, 0x7C11, 0x9FBF, 0xA7DF, 0xA7DF, 0xEFFF, 0xE7FF, 0x8472, 0x0828, 0x0829, 0x0004, 0x0003, 0x184E, 0x202F, 0x182F, 0x182F, 0x182F, 0x100F, 0x48B2, 0x202F, 0x202F, 0x202F, 0x202F, 0x202F, 0x202F, 0x202F, 0xFADF, 0x180E, 0x48B2, 0xFA5F, 0x080D, 0x3891, 0x48B2, 0x184F, 0x1830, 0x202F, 0x202F, 0x3175, 0x0847, 0x0863, 0xF81F, 0xF81F, 0xF81F,  /* row 27 */
    0xF81F, 0x0022, 0x7C11, 0x9FBF, 0xA7DF, 0xA7DF, 0xF7FF, 0xB7DF, 0x6411, 0x1911, 0x2132, 0x0003, 0x0003, 0x0002, 0x2050, 0x182F, 0x182F, 0x182F, 0x182F, 0x202F, 0x182F, 0x202F, 0x202F, 0x202F, 0x202F, 0x202F, 0x182F, 0x40B1, 0x182F, 0x182F, 0x182E, 0x202F, 0x202F, 0x204F, 0x184F, 0x184F, 0x202F, 0x202F, 0x1028, 0xF81F, 0xF81F, 0xF81F, 0xF81F, 0xF81F,  /* row 28 */
    0xF81F, 0x0022, 0x7C11, 0x9FBF, 0xA7DF, 0xA7DF, 0xAFDF, 0xA7DF, 0x53F0, 0x0024, 0x29F8, 0x2173, 0x1910, 0x0002, 0x0004, 0x2050, 0x202F, 0x202F, 0x202F, 0x202F, 0x202F, 0x202F, 0x202F, 0x202F, 0x202F, 0x202F, 0x202F, 0x202F, 0x202F, 0x202F, 0x202F, 0x202F, 0x202F, 0x202F, 0x184F, 0x184F, 0x202F, 0x202F, 0x0828, 0xF81F, 0xF81F, 0xF81F, 0xF81F, 0xF81F,  /* row 29 */
    0xF81F, 0x1906, 0x526B, 0xBFFF, 0xA7DF, 0xA7DF, 0xA7DF, 0xA7DF, 0xB7FF, 0x3ACD, 0x324B, 0x0001, 0x18EF, 0x29D8, 0x0846, 0x0002, 0x182F, 0x202F, 0x202F, 0x202F, 0x202F, 0x202F, 0x202F, 0x202F, 0x202F, 0x202F, 0x202F, 0x202F, 0x202F, 0x202F, 0x202F, 0x202F, 0x202F, 0x202F, 0x1830, 0x184F, 0x1049, 0x0000, 0x0001, 0xF81F, 0xF81F, 0xF81F, 0xF81F, 0xF81F,  /* row 30 */
    0xF81F, 0xF81F, 0xF81F, 0x0000, 0x538F, 0xB7FF, 0x53F0, 0x96BB, 0xAFFF, 0xAFFF, 0xA7DF, 0x6D15, 0x0001, 0x0026, 0x29F9, 0x18CC, 0x0002, 0x0827, 0x102A, 0x202F, 0x202F, 0x204F, 0x2030, 0x202F, 0x2030, 0x2030, 0x2030, 0x2030, 0x2030, 0x2030, 0x2050, 0x2030, 0x202F, 0x102C, 0x0004, 0x0003, 0x2849, 0x30C8, 0xF81F, 0xF81F, 0xF81F, 0xF81F, 0xF81F, 0xF81F,  /* row 31 */
    0xF81F, 0xF81F, 0xF81F, 0xF81F, 0x0022, 0x1926, 0x0002, 0x0021, 0x0061, 0x0861, 0xAFDF, 0xA7FF, 0x9F7E, 0x432E, 0x0002, 0x0003, 0x31F8, 0x0847, 0x0003, 0x0003, 0x0003, 0x0003, 0x0003, 0x0003, 0x0003, 0x0003, 0x0003, 0x0003, 0x0003, 0x0003, 0x0003, 0x0003, 0x0003, 0x0002, 0x1827, 0xA197, 0x1923, 0xF81F, 0xF81F, 0xF81F, 0xF81F, 0xF81F, 0xF81F, 0xF81F,  /* row 32 */
    0xF81F, 0xF81F, 0xF81F, 0xF81F, 0xF81F, 0x0001, 0x0001, 0x32F1, 0x32B1, 0x2A0D, 0x0000, 0x10E4, 0xA7FF, 0x9FFF, 0x9FFF, 0x0001, 0x0003, 0x29F8, 0x190F, 0x0004, 0x0004, 0x0003, 0x0004, 0x0004, 0x0004, 0x0004, 0x0004, 0x0868, 0x108A, 0x108A, 0x088A, 0x0004, 0x48CC, 0xEA1F, 0xB1F6, 0x0001, 0xF81F, 0xF81F, 0xF81F, 0xF81F, 0xF81F, 0xF81F, 0xF81F, 0xF81F,  /* row 33 */
    0xF81F, 0xF81F, 0xF81F, 0xF81F, 0xF81F, 0x0000, 0x10E6, 0x10C6, 0x0863, 0x1148, 0x19AA, 0x0000, 0x29E9, 0x0862, 0x5CB3, 0x97FF, 0x332D, 0x0846, 0x2172, 0x0887, 0x0866, 0x0004, 0x0005, 0x0005, 0x0005, 0x0005, 0x0004, 0x0848, 0x0004, 0x0004, 0x0848, 0x1068, 0x9174, 0x386A, 0x0044, 0x0864, 0x0044, 0x2106, 0xF81F, 0xF81F, 0xF81F, 0xF81F, 0xF81F, 0xF81F,  /* row 34 */
    0xF81F, 0xF81F, 0xF81F, 0xF81F, 0x0001, 0x0000, 0x0001, 0x0001, 0x1107, 0x2A70, 0x2A4F, 0x0863, 0x0023, 0x08C8, 0x0024, 0x0883, 0x0863, 0x0003, 0x0003, 0x0022, 0x218D, 0x0002, 0x104D, 0x104B, 0x104B, 0x106B, 0x104B, 0x0025, 0x0827, 0x0827, 0x0003, 0x0827, 0x0002, 0x0044, 0x2A4F, 0x32B1, 0x4393, 0x4BB3, 0x0001, 0xF81F, 0xF81F, 0xF81F, 0xF81F, 0xF81F,  /* row 35 */
    0xF81F, 0xF81F, 0xF81F, 0x1083, 0x0021, 0x64D8, 0x5436, 0x2A90, 0x0021, 0x0000, 0x2A6F, 0x2A4F, 0x2A4F, 0x2A4F, 0x2A91, 0x0847, 0x0001, 0x0002, 0x0002, 0x0002, 0x08A3, 0x28D0, 0x0005, 0x104C, 0x104B, 0x104B, 0x104B, 0x0005, 0x0003, 0x0003, 0x0002, 0x0025, 0x2A4F, 0x0863, 0x196B, 0x0023, 0x322D, 0x5BF6, 0x21A9, 0x0001, 0xF81F, 0xF81F, 0xF81F, 0xF81F,  /* row 36 */
    0xF81F, 0xF81F, 0xF81F, 0x1B4F, 0x5C76, 0x4352, 0x224E, 0x224E, 0x2A6F, 0x1148, 0x0864, 0x21CD, 0x21CD, 0x21AD, 0x21CD, 0x110A, 0x2A90, 0x2A2E, 0x10C6, 0x0000, 0x97FF, 0x0001, 0x106C, 0x104B, 0x104B, 0x104C, 0x0829, 0x0004, 0x1025, 0x0000, 0x7FFF, 0x0000, 0x2A4F, 0x10E7, 0x196B, 0x0023, 0x324D, 0x53D5, 0x6CD9, 0x0863, 0xF81F, 0xF81F, 0xF81F, 0xF81F,  /* row 37 */
    0xF81F, 0xF81F, 0x0000, 0x36FD, 0x377F, 0x218B, 0x220D, 0x222D, 0x222E, 0x2A8F, 0x0847, 0x0867, 0x0846, 0x21EE, 0x21CD, 0x2A4F, 0x2A4F, 0x2A4F, 0x2A90, 0x0000, 0x8FFF, 0x0001, 0x106D, 0x106C, 0x104C, 0x0829, 0x0003, 0x70D0, 0xF97F, 0x0000, 0x6FFF, 0x0000, 0x2A91, 0x2A50, 0x196B, 0x0023, 0x10A5, 0x42F0, 0x53D5, 0x5BD5, 0x0001, 0x0022, 0xF81F, 0xF81F,  /* row 38 */
    0xF81F, 0xF81F, 0x18E5, 0x0000, 0x2E5C, 0x367C, 0x3EFD, 0x4517, 0x19CB, 0x0866, 0x0867, 0x0867, 0x0846, 0x2A4F, 0x2A50, 0x21CC, 0x2332, 0x2312, 0x2B53, 0x0000, 0x97FF, 0x0000, 0x0002, 0x0043, 0x0002, 0x408A, 0x60CE, 0xA0D5, 0xF17E, 0x0000, 0x6FFF, 0x0000, 0x2A70, 0x2A4F, 0x1929, 0x10EA, 0x0886, 0x4B11, 0x5394, 0x5C16, 0x0001, 0x0022, 0xF81F, 0xF81F,  /* row 39 */
    0xF81F, 0x18E5, 0x0863, 0x08A5, 0x08A4, 0x1125, 0x1B8F, 0x1B4E, 0x0001, 0x0846, 0x0847, 0x0867, 0x0846, 0x2A50, 0x2A70, 0x0884, 0x3535, 0x2CF4, 0x2D15, 0x0000, 0x9FFF, 0x0000, 0x0002, 0x76BB, 0x0000, 0xF97F, 0x68CE, 0x98D5, 0xF95E, 0x0000, 0x6FFF, 0x0000, 0x21AC, 0x198B, 0x10C7, 0x10C9, 0x0886, 0x0000, 0x4473, 0x3B10, 0x0866, 0x0021, 0xF81F, 0xF81F,  /* row 40 */
    0xF81F, 0x0001, 0x3B11, 0x224E, 0x0043, 0xA442, 0x8BC3, 0x0001, 0x0846, 0x0867, 0x0847, 0x0847, 0x0846, 0x2A70, 0x2A4F, 0x2A4F, 0x1107, 0x1127, 0x1107, 0x0000, 0x9FFF, 0x0000, 0x0002, 0x767A, 0x0000, 0xF95F, 0x68EF, 0x98D4, 0xF17E, 0x0000, 0x77FF, 0x0000, 0x1128, 0x1128, 0x10C7, 0x0886, 0x196E, 0x10C9, 0x0023, 0x328D, 0x4B73, 0x0863, 0x2105, 0xF81F,  /* row 41 */
    0x39EA, 0x196A, 0x3B12, 0x1989, 0x0001, 0x2902, 0x20E2, 0x0001, 0x0847, 0x0847, 0x0847, 0x0847, 0x0846, 0x2A4F, 0x2A4F, 0x2A4F, 0x2A4F, 0x2A4F, 0x2A4F, 0x0002, 0x9FFF, 0x0001, 0x0002, 0x767A, 0x0000, 0xF95F, 0x68CF, 0x90B3, 0xF17E, 0x0000, 0x77DF, 0x0000, 0x2A70, 0x2A4F, 0x198C, 0x0024, 0x10CA, 0x08A9, 0x0023, 0x2A4D, 0x3AF1, 0x5C77, 0x0022, 0x2105,  /* row 42 */
    0x0884, 0x2A91, 0x21AB, 0x0842, 0x0866, 0x1087, 0x0842, 0x1088, 0x0887, 0x0887, 0x0887, 0x0887, 0x0867, 0x1928, 0x1928, 0x1948, 0x1928, 0x1928, 0x1928, 0x0022, 0x434F, 0x0022, 0x0023, 0x322B, 0x0022, 0x58AD, 0x2087, 0x308A, 0x50CD, 0x0022, 0x32CD, 0x0021, 0x10E7, 0x10E6, 0x0885, 0x0023, 0x0866, 0x0866, 0x0023, 0x10E7, 0x1128, 0x21EB, 0x0023, 0x1083,  /* row 43 */
};
static const Sprite NB_SPRITE_SLEEPY_2 = {
    44, 44, 0xF81F, nb_sleepy_2_px
};

static const uint16_t nb_sleepy_3_px[] = {
    0xF81F, 0xF81F, 0xF81F, 0xF81F, 0xF81F, 0xF81F, 0xF81F, 0xF81F, 0xF81F, 0xF81F, 0xF81F, 0xF81F, 0xF81F, 0xF81F, 0xF81F, 0xF81F, 0xF81F, 0xF81F, 0xF81F, 0x31A9, 0x31C9, 0x31A9, 0x31C9, 0x31C9, 0x31C9, 0x31C9, 0x31A9, 0x31A9, 0x31A9, 0x0003, 0xF81F, 0xF81F, 0xF81F, 0xF81F, 0xF81F, 0xF81F, 0xF81F, 0xF81F, 0xF81F, 0xF81F, 0xF81F, 0xF81F, 0xF81F, 0xF81F,  /* row 0  */
    0xF81F, 0xF81F, 0xF81F, 0xF81F, 0xF81F, 0xF81F, 0xF81F, 0xF81F, 0xF81F, 0xF81F, 0x0842, 0x0002, 0x0002, 0x0844, 0x29F2, 0x21F1, 0x5556, 0x9D35, 0xB618, 0xE7DF, 0xAEDE, 0xAEBE, 0xAEBE, 0xEFFF, 0xEFFF, 0xEFFF, 0xEFFF, 0xEFFF, 0xF7FF, 0x6454, 0x3B52, 0x21B0, 0x8CD4, 0x4B92, 0x0002, 0x0002, 0x0844, 0xF81F, 0xF81F, 0xF81F, 0xF81F, 0xF81F, 0xF81F, 0xF81F,  /* row 1  */
    0xF81F, 0xF81F, 0xF81F, 0xF81F, 0xF81F, 0xF81F, 0xF81F, 0xF81F, 0x0863, 0x0001, 0x2172, 0x9E9C, 0xDF5D, 0xDF7D, 0xFFFF, 0xD75F, 0x967E, 0x85FE, 0x753D, 0x6CBC, 0xAE9E, 0xF7FF, 0xEFFF, 0xEFFF, 0xEFFF, 0xEFFF, 0xEFFF, 0xEFFF, 0xEFFF, 0xEFFF, 0xA6DE, 0xF7FF, 0xA67D, 0x779E, 0xE7FF, 0xB7FF, 0x1905, 0x0003, 0xF81F, 0xF81F, 0xF81F, 0xF81F, 0xF81F, 0xF81F,  /* row 2  */
    0xF81F, 0xF81F, 0xF81F, 0xF81F, 0xF81F, 0xF81F, 0xF81F, 0x2146, 0x8E19, 0xD75E, 0xEFFF, 0xE7FF, 0xE7DF, 0xDF7E, 0x857D, 0xCF7F, 0x9E7E, 0x6C7B, 0x433A, 0xDF5E, 0xEFFF, 0xEFFF, 0xEFFF, 0xEFFF, 0xEFFF, 0xEFFF, 0xEFFF, 0xEFFF, 0xEFFF, 0xEFFF, 0x9EDE, 0xEFBF, 0x5BBA, 0xF7FF, 0xE7FF, 0xEFFF, 0xF7FF, 0x7C32, 0x0825, 0xF81F, 0xF81F, 0xF81F, 0xF81F, 0xF81F,  /* row 3  */
    0xF81F, 0xF81F, 0xF81F, 0xF81F, 0xF81F, 0xF81F, 0x0023, 0x4B91, 0xB7BF, 0xE7FF, 0xEFFF, 0xEFFF, 0xEFFF, 0xDF9F, 0x855E, 0xEFFF, 0xA67D, 0x5BDA, 0x431A, 0xA7FF, 0xB7BF, 0xEFFF, 0xEFFF, 0xEFFF, 0xEFFF, 0xEFFF, 0xEFFF, 0xEFFF, 0xEFFF, 0xEFFF, 0xF7FF, 0x96FE, 0x6C7B, 0x95DC, 0xEFFF, 0xEFFF, 0xEFFF, 0xDEDB, 0x632D, 0xF81F, 0xF81F, 0xF81F, 0xF81F, 0xF81F,  /* row 4  */
    0xF81F, 0xF81F, 0xF81F, 0xF81F, 0x0001, 0xA7DF, 0xF7FF, 0xAFBE, 0xD7FF, 0xEFFF, 0xEFFF, 0xEFFF, 0xEFFF, 0xE7DF, 0xC71F, 0xE7DF, 0x9E3D, 0x955C, 0xEFFF, 0xEFFF, 0xEFFF, 0xEFFF, 0xEFFF, 0xEFFF, 0xEFFF, 0xEFFF, 0xEFFF, 0xEFFF, 0xEFFF, 0xEFFF, 0xEFFF, 0xEFFF, 0xD75F, 0x95BD, 0xEFFF, 0xE7FF, 0xCFFF, 0x6F9F, 0xF7DF, 0x10A3, 0xF81F, 0xF81F, 0xF81F, 0xF81F,  /* row 5  */
    0xF81F, 0xF81F, 0xF81F, 0x0005, 0xB7DF, 0x9FDF, 0xEFFF, 0xE7FF, 0xEFFF, 0xEFFF, 0xEFFF, 0xEFFF, 0xAFBF, 0xA7BF, 0xEFFF, 0xE79F, 0x535A, 0x8D1B, 0xE7FF, 0xEFFF, 0xEFFF, 0xEFFF, 0xEFFF, 0xEFFF, 0xEFFF, 0xEFFF, 0xEFFF, 0xEFFF, 0xEFFF, 0xEFFF, 0xEFFF, 0xEFFF, 0xCF3E, 0x7CFD, 0xBEDE, 0xE7FF, 0xCFDF, 0x67BF, 0xF7FF, 0x5F7E, 0x0022, 0xF81F, 0xF81F, 0xF81F,  /* row 6  */
    0xF81F, 0xF81F, 0xF81F, 0x0001, 0xAFFF, 0xA7DF, 0xEFFF, 0xEFFF, 0xEFFF, 0xEFFF, 0xEFFF, 0xEFFF, 0xEFFF, 0xEFFF, 0xE7FF, 0xE79F, 0x4B39, 0xC77F, 0xEFFF, 0xEFFF, 0xEFFF, 0xEFFF, 0xEFFF, 0xEFFF, 0xEFFF, 0xEFFF, 0xEFFF, 0xEFFF, 0xEFFF, 0xEFFF, 0xF7FF, 0xF7FF, 0xEFFF, 0xD75F, 0xB69E, 0xEFFF, 0xEFFF, 0xF7FF, 0xC7DF, 0x77FF, 0x0022, 0xF81F, 0xF81F, 0xF81F,  /* row 7  */
    0xF81F, 0xF81F, 0xF81F, 0x0001, 0xAFFF, 0xA7DF, 0xEFFF, 0xEFFF, 0xEFFF, 0xEFFF, 0xF7FF, 0xA7BF, 0x9FBF, 0x9FBF, 0xF7FF, 0xEFBF, 0x4B39, 0xA6FF, 0x9EBF, 0x9EBF, 0x9EBF, 0x9E9F, 0x9E9F, 0x9E9F, 0x9E9F, 0x9E9F, 0x9E9F, 0x9E9F, 0x9E9F, 0x9E9F, 0x9E9F, 0x9E9F, 0xAEFF, 0xDF7F, 0xBE9E, 0xEFFF, 0xCFFF, 0x477F, 0xFFFF, 0xEFFF, 0x0842, 0xF81F, 0xF81F, 0xF81F,  /* row 8  */
    0xF81F, 0xF81F, 0xF81F, 0x0001, 0xAFFF, 0xA7DF, 0xEFFF, 0xEFFF, 0xEFFF, 0xEFFF, 0xAFBE, 0xEFFF, 0xF7FF, 0xEFFF, 0xAF5F, 0x7D1E, 0x42DA, 0x10A3, 0x10A3, 0x10A4, 0x10A4, 0x10A4, 0x10A4, 0x10A4, 0x10A4, 0x10A4, 0x10A4, 0x10A4, 0x10A4, 0x10A4, 0x10A5, 0x10A5, 0x10C5, 0x31CA, 0x95FF, 0x8DDF, 0x767F, 0x57DF, 0x67BF, 0xFFFF, 0x0801, 0x0023, 0xF81F, 0xF81F,  /* row 9  */
    0xF81F, 0xF81F, 0xF81F, 0x0001, 0xAFFF, 0xA7DF, 0xEFFF, 0xEFFF, 0xEFFF, 0xEFFF, 0xF7FF, 0x973F, 0x5458, 0x6459, 0x18B1, 0x0001, 0x0003, 0x10A5, 0x4A5C, 0x4A3B, 0x4A3A, 0x4A3A, 0x4A3A, 0x4A3A, 0x4A5B, 0x4A5B, 0x4A5B, 0x525B, 0x527B, 0x527B, 0x527B, 0x527B, 0x527B, 0x4A5B, 0x294D, 0x18C5, 0x18A4, 0x0004, 0x1147, 0x367B, 0x56FD, 0x0001, 0xF81F, 0xF81F,  /* row 10 */
    0xF81F, 0xF81F, 0xF81F, 0x0001, 0xAFFF, 0xA7DF, 0xEFFF, 0xEFFF, 0xEFFF, 0xEFFF, 0xBF3F, 0x18EC, 0x0004, 0x0004, 0x100B, 0x2050, 0x2050, 0x4193, 0x3952, 0x3951, 0x3951, 0x3131, 0x3131, 0x3131, 0x3111, 0x3111, 0x3111, 0x3111, 0x2910, 0x28F0, 0x28F0, 0x28F1, 0x28F1, 0x28F0, 0x28F0, 0x83F7, 0xE71F, 0xD69E, 0x298F, 0x0002, 0x10AB, 0x0002, 0xF81F, 0xF81F,  /* row 11 */
    0xF81F, 0xF81F, 0xF81F, 0x0001, 0xAFFF, 0xA7DF, 0xEFFF, 0xEFFF, 0xF7FF, 0xBE19, 0x0006, 0x0829, 0x0004, 0x0005, 0x202F, 0x202F, 0x202F, 0x204F, 0x204F, 0x204F, 0x204F, 0x204F, 0x204F, 0x204F, 0x204F, 0x204F, 0x204F, 0x204F, 0x204F, 0x204F, 0x204F, 0x204F, 0x204F, 0x204F, 0x204F, 0x180F, 0x080E, 0x7377, 0xD6FF, 0x0002, 0x2977, 0x0001, 0xF81F, 0xF81F,  /* row 12 */
    0xF81F, 0xF81F, 0xF81F, 0x0001, 0xAFFF, 0xA7DF, 0xEFFF, 0xEFFF, 0x7C31, 0x0007, 0x0828, 0x0829, 0x0004, 0x0004, 0x202F, 0x202F, 0x202F, 0x202F, 0x202F, 0x202F, 0x202F, 0x202F, 0x202F, 0x202F, 0x202F, 0x202F, 0x202F, 0x202F, 0x202F, 0x202F, 0x202F, 0x202F, 0x202F, 0x202F, 0x202F, 0x202F, 0x202F, 0x28D0, 0xCEBF, 0x4A78, 0x0001, 0x0022, 0xF81F, 0xF81F,  /* row 13 */
    0xF81F, 0xF81F, 0xF81F, 0x0001, 0xB7FF, 0xA7FF, 0xF7FF, 0xEFFF, 0x8472, 0x0828, 0x0828, 0x0006, 0x0002, 0x2050, 0x182F, 0x202F, 0x202F, 0x202F, 0x202F, 0x202F, 0x202F, 0x202F, 0x202F, 0x202F, 0x202F, 0x202F, 0x202F, 0x202F, 0x202F, 0x202F, 0x202F, 0x202F, 0x202F, 0x202F, 0x202F, 0x202F, 0x202F, 0x28B0, 0xCE9F, 0x5B3B, 0x0001, 0x0022, 0xF81F, 0xF81F,  /* row 14 */
    0xF81F, 0xF81F, 0xF81F, 0x0002, 0x0024, 0x0003, 0x4A4B, 0xEFFF, 0x8472, 0x0828, 0x0828, 0x0004, 0x184F, 0x202F, 0x202F, 0x102F, 0x182F, 0x202F, 0x182F, 0x182F, 0x202F, 0x202F, 0x202F, 0x202F, 0x202F, 0x202F, 0x202F, 0x202F, 0x202F, 0x202F, 0x202F, 0x202F, 0x202F, 0x202F, 0x202F, 0x202F, 0x202F, 0x2030, 0x7BF8, 0xD6DF, 0x39D8, 0x0001, 0xF81F, 0xF81F,  /* row 15 */
    0xF81F, 0x0844, 0x6AE2, 0xACE3, 0x0000, 0x7535, 0x420A, 0xEFDF, 0x8472, 0x0828, 0x0828, 0x0004, 0x182E, 0x182F, 0x5033, 0xC85C, 0x7876, 0x6856, 0x182E, 0x202F, 0x202F, 0x202F, 0x202F, 0x202F, 0x202F, 0x202F, 0x202F, 0x202F, 0x202F, 0x202F, 0x202F, 0x202F, 0x202F, 0x182F, 0x5033, 0x4833, 0x4833, 0x182F, 0x3992, 0xCEDF, 0x31B8, 0x0021, 0xF81F, 0xF81F,  /* row 16 */
    0xF81F, 0x0844, 0x9C61, 0xFF41, 0x0000, 0x64B4, 0x4209, 0xEFDF, 0x8472, 0x0828, 0x0828, 0x0004, 0x182E, 0x182F, 0x3833, 0x3032, 0x6035, 0x6035, 0xB03A, 0x182F, 0x182F, 0x182F, 0x182F, 0x202F, 0x202F, 0x202F, 0x202F, 0x202F, 0x202F, 0x202F, 0x202F, 0x100E, 0x082F, 0xB85A, 0xB85C, 0x5834, 0x5054, 0x182F, 0x100E, 0xD6FF, 0x31B7, 0x0001, 0xF81F, 0xF81F,  /* row 17 */
    0xF81F, 0x0844, 0x9C81, 0xFF61, 0x0001, 0x6CD3, 0x4209, 0xEFDF, 0x8472, 0x0828, 0x0828, 0x0004, 0x182E, 0x202F, 0x202F, 0x202F, 0x202F, 0x2030, 0x102F, 0xD05D, 0xA079, 0x102F, 0x102F, 0x182F, 0x202F, 0x202F, 0x202F, 0x202F, 0x202F, 0x102E, 0x080F, 0xE07D, 0xE85F, 0x080F, 0x2030, 0x202F, 0x202F, 0x182F, 0x100E, 0xD6FF, 0x31B7, 0x0001, 0xF81F, 0xF81F,  /* row 18 */
    0xF81F, 0x0843, 0xACE1, 0xFFE0, 0x0001, 0x3135, 0x3A09, 0xEFDF, 0x8472, 0x0828, 0x0828, 0x0004, 0x182E, 0x202F, 0x202F, 0x202F, 0x182F, 0x202F, 0x202F, 0x182F, 0x4013, 0xF83F, 0xA039, 0x202F, 0x182F, 0x202F, 0x202F, 0x202F, 0x182F, 0xB81B, 0xF83F, 0x102F, 0x102F, 0x202F, 0x202F, 0x202F, 0x202F, 0x202F, 0x100E, 0xD6FF, 0x31D8, 0x0001, 0xF81F, 0xF81F,  /* row 19 */
    0xF81F, 0xF81F, 0x0004, 0x0003, 0x0004, 0x0002, 0x3A09, 0xE7DF, 0x8472, 0x0828, 0x0828, 0x0004, 0x182E, 0x202F, 0x202F, 0x202F, 0x182F, 0x182F, 0x4832, 0x4833, 0x5835, 0xD83E, 0x8858, 0x202F, 0x202F, 0x202F, 0x202F, 0x202F, 0x182F, 0x9059, 0xF81E, 0x6035, 0x5034, 0x182F, 0x182F, 0x182F, 0x202F, 0x202F, 0x100E, 0xD6FF, 0x39D8, 0x0001, 0xF81F, 0xF81F,  /* row 20 */
    0xF81F, 0xF81F, 0xF81F, 0x0002, 0x3A6A, 0xAFFF, 0xF7FF, 0xE7FF, 0x8472, 0x0828, 0x0828, 0x0004, 0x182E, 0x202F, 0x202F, 0x102E, 0xC85B, 0xD85D, 0x2010, 0x3032, 0x2831, 0x182F, 0x182F, 0x202F, 0x202F, 0x202F, 0x202F, 0x202F, 0x202F, 0x182F, 0x2831, 0x1830, 0xF83F, 0xD83D, 0xA87A, 0x182F, 0x182F, 0x202F, 0x100E, 0xD6FF, 0x39D8, 0x0001, 0xF81F, 0xF81F,  /* row 21 */
    0xF81F, 0xF81F, 0xF81F, 0x0001, 0xAFFF, 0xA7DF, 0xEFFF, 0xEFFF, 0x8C72, 0x0828, 0x0828, 0x0004, 0x182E, 0x182F, 0x202F, 0x202F, 0x082E, 0x082E, 0x2030, 0x2030, 0x2030, 0x202F, 0x202F, 0x202F, 0x202F, 0x202F, 0x202F, 0x202F, 0x202F, 0x202F, 0x2030, 0x2030, 0x080F, 0x082E, 0x102F, 0x202F, 0x202F, 0x202F, 0x100E, 0xD6FF, 0x212E, 0x0002, 0xF81F, 0xF81F,  /* row 22 */
    0xF81F, 0xF81F, 0xF81F, 0x0001, 0xAFFF, 0xA7DF, 0xEFFF, 0xE7FF, 0x8492, 0x0828, 0x0828, 0x0004, 0x182E, 0x182F, 0x202F, 0x182F, 0x182F, 0x182F, 0x182F, 0x182F, 0x202F, 0x202F, 0x202F, 0x202F, 0x202F, 0x202F, 0x202F, 0x202F, 0x202F, 0x202F, 0x202F, 0x202F, 0x202F, 0x202F, 0x202F, 0x202F, 0x202F, 0x202F, 0x100E, 0xE77F, 0x0843, 0x0002, 0xF81F, 0xF81F,  /* row 23 */
    0xF81F, 0xF81F, 0xF81F, 0x0022, 0xAFFF, 0xA7DF, 0xEFFF, 0xE7FF, 0x8492, 0x0828, 0x0828, 0x0004, 0x182E, 0x182F, 0x202F, 0x182F, 0x182F, 0x182F, 0x182F, 0x182F, 0x202F, 0x202F, 0x182F, 0x182F, 0x182F, 0x182F, 0x182F, 0x182F, 0x182F, 0x182F, 0x182F, 0x182F, 0x182F, 0x182F, 0x202F, 0x202F, 0x202F, 0x202F, 0x41D3, 0x4A9A, 0x0002, 0x0002, 0xF81F, 0xF81F,  /* row 24 */
    0xF81F, 0xF81F, 0x1083, 0x4B8F, 0xAFFF, 0xA7DF, 0xEFFF, 0xE7FF, 0x8C93, 0x0828, 0x0829, 0x0004, 0x102A, 0x182E, 0x202F, 0x182F, 0x182F, 0x182F, 0x182F, 0x182F, 0x202F, 0x202F, 0x202F, 0x202F, 0x202F, 0x202F, 0x202F, 0x202F, 0x202F, 0x202F, 0x202F, 0x202F, 0x202F, 0x202F, 0x202F, 0x202F, 0x202F, 0x2050, 0x7378, 0x52DA, 0x0002, 0x0002, 0xF81F, 0xF81F,  /* row 25 */
    0xF81F, 0x0842, 0x7C32, 0x9F9E, 0xA7DF, 0xA7DF, 0xEFFF, 0xE7FF, 0x8493, 0x0828, 0x0829, 0x0005, 0x0003, 0x184E, 0x202F, 0x182F, 0x182F, 0x182F, 0x182F, 0x182F, 0x202F, 0x202F, 0x2030, 0x2030, 0x2030, 0x2030, 0x2030, 0x2030, 0x2030, 0x2030, 0x2030, 0x2030, 0x2030, 0x202F, 0x1830, 0x182F, 0x202F, 0x202F, 0x643A, 0x52DB, 0x0002, 0x1083, 0xF81F, 0xF81F,  /* row 26 */
    0xF81F, 0x0842, 0x7C11, 0x9FBF, 0xA7DF, 0xA7DF, 0xEFFF, 0xE7FF, 0x8472, 0x0828, 0x0829, 0x0004, 0x0003, 0x184E, 0x202F, 0x182F, 0x182F, 0x182F, 0x182F, 0x182F, 0x202F, 0x204D, 0x0802, 0x0802, 0x0802, 0x0802, 0x0802, 0x0802, 0x0802, 0x0802, 0x0802, 0x0802, 0x0001, 0x7B35, 0x0822, 0x1830, 0x202F, 0x202F, 0x3175, 0x0847, 0x0863, 0xF81F, 0xF81F, 0xF81F,  /* row 27 */
    0xF81F, 0x0022, 0x7C11, 0x9FBF, 0xA7DF, 0xA7DF, 0xF7FF, 0xB7DF, 0x6411, 0x1911, 0x2132, 0x0003, 0x0003, 0x0002, 0x2050, 0x182F, 0x182F, 0x182F, 0x182F, 0x182F, 0x182F, 0x182B, 0x8379, 0x0001, 0x1003, 0x1003, 0x1003, 0x1003, 0x1003, 0x1003, 0x1003, 0x1003, 0x1003, 0x28C8, 0x59AF, 0x184F, 0x202F, 0x202F, 0x1028, 0xF81F, 0xF81F, 0xF81F, 0xF81F, 0xF81F,  /* row 28 */
    0xF81F, 0x0022, 0x7C11, 0x9FBF, 0xA7DF, 0xA7DF, 0xAFDF, 0xA7DF, 0x53F0, 0x0024, 0x29F8, 0x2173, 0x1910, 0x0002, 0x0004, 0x2050, 0x202F, 0x202F, 0x202F, 0x202F, 0x202F, 0x182F, 0x30CF, 0x6232, 0x1884, 0x1845, 0x1844, 0x1044, 0x1865, 0x1865, 0x1865, 0x1865, 0x18A5, 0x1065, 0x498E, 0x184F, 0x202F, 0x202F, 0x0828, 0xF81F, 0xF81F, 0xF81F, 0xF81F, 0xF81F,  /* row 29 */
    0xF81F, 0x1906, 0x526B, 0xBFFF, 0xA7DF, 0xA7DF, 0xA7DF, 0xA7DF, 0xB7FF, 0x3ACD, 0x324B, 0x0001, 0x18EF, 0x29D8, 0x0846, 0x0002, 0x182F, 0x202F, 0x202F, 0x202F, 0x202F, 0x202F, 0x202F, 0x202F, 0x180F, 0x182F, 0x202F, 0x182F, 0x182F, 0x182F, 0x182F, 0x182F, 0x180F, 0x182F, 0x2030, 0x184F, 0x1049, 0x0000, 0x0001, 0xF81F, 0xF81F, 0xF81F, 0xF81F, 0xF81F,  /* row 30 */
    0xF81F, 0xF81F, 0xF81F, 0x0000, 0x538F, 0xB7FF, 0x53F0, 0x96BB, 0xAFFF, 0xAFFF, 0xA7DF, 0x6D15, 0x0001, 0x0026, 0x29F9, 0x18CC, 0x0002, 0x0827, 0x102A, 0x202F, 0x202F, 0x204F, 0x2030, 0x202F, 0x2030, 0x2030, 0x2030, 0x2030, 0x2030, 0x2030, 0x2050, 0x2030, 0x202F, 0x102C, 0x0004, 0x0003, 0x2849, 0x30C8, 0xF81F, 0xF81F, 0xF81F, 0xF81F, 0xF81F, 0xF81F,  /* row 31 */
    0xF81F, 0xF81F, 0xF81F, 0xF81F, 0x0022, 0x1926, 0x0002, 0x0021, 0x0061, 0x0861, 0xAFDF, 0xA7FF, 0x9F7E, 0x432E, 0x0002, 0x0003, 0x31F8, 0x0847, 0x0003, 0x0003, 0x0003, 0x0003, 0x0003, 0x0003, 0x0003, 0x0003, 0x0003, 0x0003, 0x0003, 0x0003, 0x0003, 0x0003, 0x0003, 0x0002, 0x1827, 0xA197, 0x1923, 0xF81F, 0xF81F, 0xF81F, 0xF81F, 0xF81F, 0xF81F, 0xF81F,  /* row 32 */
    0xF81F, 0xF81F, 0xF81F, 0xF81F, 0xF81F, 0x0001, 0x0001, 0x32F1, 0x32B1, 0x2A0D, 0x0000, 0x10E4, 0xA7FF, 0x9FFF, 0x9FFF, 0x0001, 0x0003, 0x29F8, 0x190F, 0x0004, 0x0004, 0x0003, 0x0004, 0x0004, 0x0004, 0x0004, 0x0004, 0x0868, 0x108A, 0x108A, 0x088A, 0x0004, 0x48CC, 0xEA1F, 0xB1F6, 0x0001, 0xF81F, 0xF81F, 0xF81F, 0xF81F, 0xF81F, 0xF81F, 0xF81F, 0xF81F,  /* row 33 */
    0xF81F, 0xF81F, 0xF81F, 0xF81F, 0xF81F, 0x0000, 0x10E6, 0x10C6, 0x0863, 0x1148, 0x19AA, 0x0000, 0x29E9, 0x0862, 0x5CB3, 0x97FF, 0x332D, 0x0846, 0x2172, 0x0887, 0x0866, 0x0004, 0x0005, 0x0005, 0x0005, 0x0005, 0x0004, 0x0848, 0x0004, 0x0004, 0x0848, 0x1068, 0x9174, 0x386A, 0x0044, 0x0864, 0x0044, 0x2106, 0xF81F, 0xF81F, 0xF81F, 0xF81F, 0xF81F, 0xF81F,  /* row 34 */
    0xF81F, 0xF81F, 0xF81F, 0xF81F, 0x0001, 0x0000, 0x0001, 0x0001, 0x1107, 0x2A70, 0x2A4F, 0x0863, 0x0023, 0x08C8, 0x0024, 0x0883, 0x0863, 0x0003, 0x0003, 0x0022, 0x218D, 0x0002, 0x104D, 0x104B, 0x104B, 0x106B, 0x104B, 0x0025, 0x0827, 0x0827, 0x0003, 0x0827, 0x0002, 0x0044, 0x2A4F, 0x32B1, 0x4393, 0x4BB3, 0x0001, 0xF81F, 0xF81F, 0xF81F, 0xF81F, 0xF81F,  /* row 35 */
    0xF81F, 0xF81F, 0xF81F, 0x1083, 0x0021, 0x64D8, 0x5436, 0x2A90, 0x0021, 0x0000, 0x2A6F, 0x2A4F, 0x2A4F, 0x2A4F, 0x2A91, 0x0847, 0x0001, 0x0002, 0x0002, 0x0002, 0x08A3, 0x28D0, 0x0005, 0x104C, 0x104B, 0x104B, 0x104B, 0x0005, 0x0003, 0x0003, 0x0002, 0x0025, 0x2A4F, 0x0863, 0x196B, 0x0023, 0x322D, 0x5BF6, 0x21A9, 0x0001, 0xF81F, 0xF81F, 0xF81F, 0xF81F,  /* row 36 */
    0xF81F, 0xF81F, 0xF81F, 0x1B4F, 0x5C76, 0x4352, 0x224E, 0x224E, 0x2A6F, 0x1148, 0x0864, 0x21CD, 0x21CD, 0x21AD, 0x21CD, 0x110A, 0x2A90, 0x2A2E, 0x10C6, 0x0000, 0x97FF, 0x0001, 0x106C, 0x104B, 0x104B, 0x104C, 0x0829, 0x0004, 0x1025, 0x0000, 0x7FFF, 0x0000, 0x2A4F, 0x10E7, 0x196B, 0x0023, 0x324D, 0x53D5, 0x6CD9, 0x0863, 0xF81F, 0xF81F, 0xF81F, 0xF81F,  /* row 37 */
    0xF81F, 0xF81F, 0x0000, 0x36FD, 0x377F, 0x218B, 0x220D, 0x222D, 0x222E, 0x2A8F, 0x0847, 0x0867, 0x0846, 0x21EE, 0x21CD, 0x2A4F, 0x2A4F, 0x2A4F, 0x2A90, 0x0000, 0x8FFF, 0x0001, 0x106D, 0x106C, 0x104C, 0x0829, 0x0003, 0x70D0, 0xF97F, 0x0000, 0x6FFF, 0x0000, 0x2A91, 0x2A50, 0x196B, 0x0023, 0x10A5, 0x42F0, 0x53D5, 0x5BD5, 0x0001, 0x0022, 0xF81F, 0xF81F,  /* row 38 */
    0xF81F, 0xF81F, 0x18E5, 0x0000, 0x2E5C, 0x367C, 0x3EFD, 0x4517, 0x19CB, 0x0866, 0x0867, 0x0867, 0x0846, 0x2A4F, 0x2A50, 0x21CC, 0x2332, 0x2312, 0x2B53, 0x0000, 0x97FF, 0x0000, 0x0002, 0x0043, 0x0002, 0x408A, 0x60CE, 0xA0D5, 0xF17E, 0x0000, 0x6FFF, 0x0000, 0x2A70, 0x2A4F, 0x1929, 0x10EA, 0x0886, 0x4B11, 0x5394, 0x5C16, 0x0001, 0x0022, 0xF81F, 0xF81F,  /* row 39 */
    0xF81F, 0x18E5, 0x0863, 0x08A5, 0x08A4, 0x1125, 0x1B8F, 0x1B4E, 0x0001, 0x0846, 0x0847, 0x0867, 0x0846, 0x2A50, 0x2A70, 0x0884, 0x3535, 0x2CF4, 0x2D15, 0x0000, 0x9FFF, 0x0000, 0x0002, 0x76BB, 0x0000, 0xF97F, 0x68CE, 0x98D5, 0xF95E, 0x0000, 0x6FFF, 0x0000, 0x21AC, 0x198B, 0x10C7, 0x10C9, 0x0886, 0x0000, 0x4473, 0x3B10, 0x0866, 0x0021, 0xF81F, 0xF81F,  /* row 40 */
    0xF81F, 0x0001, 0x3B11, 0x224E, 0x0043, 0xA442, 0x8BC3, 0x0001, 0x0846, 0x0867, 0x0847, 0x0847, 0x0846, 0x2A70, 0x2A4F, 0x2A4F, 0x1107, 0x1127, 0x1107, 0x0000, 0x9FFF, 0x0000, 0x0002, 0x767A, 0x0000, 0xF95F, 0x68EF, 0x98D4, 0xF17E, 0x0000, 0x77FF, 0x0000, 0x1128, 0x1128, 0x10C7, 0x0886, 0x196E, 0x10C9, 0x0023, 0x328D, 0x4B73, 0x0863, 0x2105, 0xF81F,  /* row 41 */
    0x39EA, 0x196A, 0x3B12, 0x1989, 0x0001, 0x2902, 0x20E2, 0x0001, 0x0847, 0x0847, 0x0847, 0x0847, 0x0846, 0x2A4F, 0x2A4F, 0x2A4F, 0x2A4F, 0x2A4F, 0x2A4F, 0x0002, 0x9FFF, 0x0001, 0x0002, 0x767A, 0x0000, 0xF95F, 0x68CF, 0x90B3, 0xF17E, 0x0000, 0x77DF, 0x0000, 0x2A70, 0x2A4F, 0x198C, 0x0024, 0x10CA, 0x08A9, 0x0023, 0x2A4D, 0x3AF1, 0x5C77, 0x0022, 0x2105,  /* row 42 */
    0x0884, 0x2A91, 0x21AB, 0x0842, 0x0866, 0x1087, 0x0842, 0x1088, 0x0887, 0x0887, 0x0887, 0x0887, 0x0867, 0x1928, 0x1928, 0x1948, 0x1928, 0x1928, 0x1928, 0x0022, 0x434F, 0x0022, 0x0023, 0x322B, 0x0022, 0x58AD, 0x2087, 0x308A, 0x50CD, 0x0022, 0x32CD, 0x0021, 0x10E7, 0x10E6, 0x0885, 0x0023, 0x0866, 0x0866, 0x0023, 0x10E6, 0x1128, 0x21EB, 0x0023, 0x1063,  /* row 43 */
};
static const Sprite NB_SPRITE_SLEEPY_3 = {
    44, 44, 0xF81F, nb_sleepy_3_px
};

static const Sprite *NB_MOOD_SLEEPY[] = {
    &NB_SPRITE_SLEEPY_0, &NB_SPRITE_SLEEPY_1, &NB_SPRITE_SLEEPY_2, &NB_SPRITE_SLEEPY_3
};
#define NB_MOOD_SLEEPY_COUNT 4

/* =================================================================== */
/*  BLANK -- prestige glitch pulse sprite, 44x44                 */
/* =================================================================== */
static const uint16_t nb_blank_px[] = {
    0xF81F, 0xF81F, 0xF81F, 0xF81F, 0xF81F, 0xF81F, 0xF81F, 0xF81F, 0xF81F, 0xF81F, 0xF81F, 0xF81F, 0xF81F, 0xF81F, 0xF81F, 0xF81F, 0xF81F, 0xF81F, 0xF81F, 0x31A9, 0x31C9, 0x31A9, 0x31C9, 0x31C9, 0x31C9, 0x31C9, 0x31A9, 0x31A9, 0x31A9, 0x0003, 0xF81F, 0xF81F, 0xF81F, 0xF81F, 0xF81F, 0xF81F, 0xF81F, 0xF81F, 0xF81F, 0xF81F, 0xF81F, 0xF81F, 0xF81F, 0xF81F,  /* row 0  */
    0xF81F, 0xF81F, 0xF81F, 0xF81F, 0xF81F, 0xF81F, 0xF81F, 0xF81F, 0xF81F, 0xF81F, 0x0842, 0x0002, 0x0002, 0x0844, 0x29F2, 0x21F1, 0x5556, 0x9D35, 0xB618, 0xE7DF, 0xAEDE, 0xAEBE, 0xAEBE, 0xEFFF, 0xEFFF, 0xEFFF, 0xEFFF, 0xEFFF, 0xF7FF, 0x6454, 0x3B52, 0x21B0, 0x8CD4, 0x4B92, 0x0001, 0x0001, 0xF81F, 0xF81F, 0xF81F, 0xF81F, 0xF81F, 0xF81F, 0xF81F, 0xF81F,  /* row 1  */
    0xF81F, 0xF81F, 0xF81F, 0xF81F, 0xF81F, 0xF81F, 0xF81F, 0xF81F, 0x0863, 0x0001, 0x2172, 0x9E9C, 0xDF5D, 0xDF7D, 0xFFFF, 0xD75F, 0x967E, 0x85FE, 0x753D, 0x6CBC, 0xAE9E, 0xF7FF, 0xEFFF, 0xEFFF, 0xEFFF, 0xEFFF, 0xEFFF, 0xEFFF, 0xEFFF, 0xEFFF, 0xA6DE, 0xF7FF, 0xA67D, 0x779E, 0xE7FF, 0xB7FF, 0x1905, 0x0003, 0xF81F, 0xF81F, 0xF81F, 0xF81F, 0xF81F, 0xF81F,  /* row 2  */
    0xF81F, 0xF81F, 0xF81F, 0xF81F, 0xF81F, 0xF81F, 0xF81F, 0x2145, 0x8E19, 0xD75E, 0xEFFF, 0xE7FF, 0xE7DF, 0xDF7E, 0x857D, 0xCF7F, 0x9E7E, 0x6C7B, 0x433A, 0xDF5E, 0xEFFF, 0xEFFF, 0xEFFF, 0xEFFF, 0xEFFF, 0xEFFF, 0xEFFF, 0xEFFF, 0xEFFF, 0xEFFF, 0x9EDE, 0xEFBF, 0x5BBA, 0xF7FF, 0xE7FF, 0xEFFF, 0xF7FF, 0x7C32, 0xF81F, 0xF81F, 0xF81F, 0xF81F, 0xF81F, 0xF81F,  /* row 3  */
    0xF81F, 0xF81F, 0xF81F, 0xF81F, 0xF81F, 0xF81F, 0x0023, 0x4B91, 0xB7BF, 0xE7FF, 0xEFFF, 0xEFFF, 0xEFFF, 0xDF9F, 0x855E, 0xEFFF, 0xA67D, 0x5BDA, 0x431A, 0xA7FF, 0xB7BF, 0xEFFF, 0xEFFF, 0xEFFF, 0xEFFF, 0xEFFF, 0xEFFF, 0xEFFF, 0xEFFF, 0xEFFF, 0xF7FF, 0x96FE, 0x6C7B, 0x95DC, 0xEFFF, 0xEFFF, 0xEFFF, 0xDEDB, 0x634E, 0xF81F, 0xF81F, 0xF81F, 0xF81F, 0xF81F,  /* row 4  */
    0xF81F, 0xF81F, 0xF81F, 0xF81F, 0x0001, 0xA7FF, 0xF7FF, 0xAFBE, 0xD7FF, 0xEFFF, 0xEFFF, 0xEFFF, 0xEFFF, 0xE7DF, 0xC71F, 0xE7DF, 0x9E3D, 0x955C, 0xEFFF, 0xEFFF, 0xEFFF, 0xEFFF, 0xEFFF, 0xEFFF, 0xEFFF, 0xEFFF, 0xEFFF, 0xEFFF, 0xEFFF, 0xEFFF, 0xEFFF, 0xEFFF, 0xD75F, 0x95BD, 0xEFFF, 0xE7FF, 0xCFFF, 0x6F9F, 0xF7DF, 0x1083, 0xF81F, 0xF81F, 0xF81F, 0xF81F,  /* row 5  */
    0xF81F, 0xF81F, 0xF81F, 0x0005, 0xB7DF, 0x9FDF, 0xEFFF, 0xE7FF, 0xEFFF, 0xEFFF, 0xEFFF, 0xEFFF, 0xAFBF, 0xA7BF, 0xEFFF, 0xE79F, 0x535A, 0x8D1B, 0xE7FF, 0xEFFF, 0xEFFF, 0xEFFF, 0xEFFF, 0xEFFF, 0xEFFF, 0xEFFF, 0xEFFF, 0xEFFF, 0xEFFF, 0xEFFF, 0xEFFF, 0xEFFF, 0xCF3E, 0x7CFD, 0xBEDE, 0xE7FF, 0xCFDF, 0x67BF, 0xF7FF, 0x5F7E, 0x0022, 0xF81F, 0xF81F, 0xF81F,  /* row 6  */
    0xF81F, 0xF81F, 0xF81F, 0x0001, 0xAFFF, 0xA7DF, 0xEFFF, 0xEFFF, 0xEFFF, 0xEFFF, 0xEFFF, 0xEFFF, 0xEFFF, 0xEFFF, 0xE7FF, 0xE79F, 0x4B39, 0xC77F, 0xEFFF, 0xEFFF, 0xEFFF, 0xEFFF, 0xEFFF, 0xEFFF, 0xEFFF, 0xEFFF, 0xEFFF, 0xEFFF, 0xEFFF, 0xEFFF, 0xF7FF, 0xF7FF, 0xEFFF, 0xD75F, 0xB69E, 0xEFFF, 0xEFFF, 0xF7FF, 0xC7DF, 0x77FF, 0x0022, 0xF81F, 0xF81F, 0xF81F,  /* row 7  */
    0xF81F, 0xF81F, 0xF81F, 0x0001, 0xAFFF, 0xA7DF, 0xEFFF, 0xEFFF, 0xEFFF, 0xEFFF, 0xF7FF, 0xA7BF, 0x9FBF, 0x9FBF, 0xF7FF, 0xEFBF, 0x4B39, 0xA6FF, 0x9EBF, 0x9EBF, 0x9EBF, 0x9E9F, 0x9E9F, 0x9E9F, 0x9E9F, 0x9E9F, 0x9E9F, 0x9E9F, 0x9E9F, 0x9E9F, 0x9E9F, 0x9E9F, 0xAEFF, 0xDF7F, 0xBE9E, 0xEFFF, 0xCFFF, 0x477F, 0xFFFF, 0xEFFF, 0x0842, 0xF81F, 0xF81F, 0xF81F,  /* row 8  */
    0xF81F, 0xF81F, 0xF81F, 0x0001, 0xAFFF, 0xA7DF, 0xEFFF, 0xEFFF, 0xEFFF, 0xEFFF, 0xAFBE, 0xEFFF, 0xF7FF, 0xEFFF, 0xAF5F, 0x7D1E, 0x42DA, 0x10A3, 0x10A3, 0x10A4, 0x10A4, 0x10A4, 0x10A4, 0x10A4, 0x10A4, 0x10A4, 0x10A4, 0x10A4, 0x10A4, 0x10A4, 0x10A5, 0x10A5, 0x10C5, 0x31CA, 0x95FF, 0x8DDF, 0x767F, 0x57DF, 0x67BF, 0xFFFF, 0x0801, 0x0023, 0xF81F, 0xF81F,  /* row 9  */
    0xF81F, 0xF81F, 0xF81F, 0x0001, 0xAFFF, 0xA7DF, 0xEFFF, 0xEFFF, 0xEFFF, 0xEFFF, 0xF7FF, 0x973F, 0x5458, 0x6459, 0x18B1, 0x0001, 0x0003, 0x10A5, 0x4A5C, 0x4A3B, 0x4A3A, 0x4A3A, 0x4A3A, 0x4A3A, 0x4A5B, 0x4A5B, 0x4A5B, 0x525B, 0x527B, 0x527B, 0x527B, 0x527B, 0x527B, 0x4A5B, 0x294D, 0x18C5, 0x18A4, 0x0004, 0x1147, 0x367B, 0x56FD, 0x0001, 0xF81F, 0xF81F,  /* row 10 */
    0xF81F, 0xF81F, 0xF81F, 0x0001, 0xAFFF, 0xA7DF, 0xEFFF, 0xEFFF, 0xEFFF, 0xEFFF, 0xBF3F, 0x18EC, 0x0004, 0x0004, 0x100B, 0x2050, 0x2050, 0x4193, 0x3952, 0x3951, 0x3951, 0x3131, 0x3131, 0x3131, 0x3111, 0x3111, 0x3111, 0x3111, 0x2910, 0x28F0, 0x28F0, 0x28F1, 0x28F1, 0x28F0, 0x28F0, 0x83F7, 0xE71F, 0xD69E, 0x298F, 0x0002, 0x10AB, 0x0001, 0xF81F, 0xF81F,  /* row 11 */
    0xF81F, 0xF81F, 0xF81F, 0x0001, 0xAFFF, 0xA7DF, 0xEFFF, 0xEFFF, 0xF7FF, 0xBE19, 0x0006, 0x0829, 0x0004, 0x0005, 0x202F, 0x202F, 0x202F, 0x204F, 0x204F, 0x204F, 0x204F, 0x204F, 0x204F, 0x204F, 0x204F, 0x204F, 0x204F, 0x204F, 0x204F, 0x204F, 0x204F, 0x204F, 0x204F, 0x204F, 0x204F, 0x180F, 0x080E, 0x7377, 0xD6FF, 0x0002, 0x2977, 0x0000, 0xF81F, 0xF81F,  /* row 12 */
    0xF81F, 0xF81F, 0xF81F, 0x0001, 0xAFFF, 0xA7DF, 0xEFFF, 0xEFFF, 0x7C31, 0x0007, 0x0828, 0x0829, 0x0004, 0x0004, 0x202F, 0x202F, 0x202F, 0x202F, 0x202F, 0x202F, 0x202F, 0x202F, 0x202F, 0x202F, 0x202F, 0x202F, 0x202F, 0x202F, 0x202F, 0x202F, 0x202F, 0x202F, 0x202F, 0x202F, 0x202F, 0x202F, 0x202F, 0x28D0, 0xCEBF, 0x4A78, 0x0001, 0x0002, 0xF81F, 0xF81F,  /* row 13 */
    0xF81F, 0xF81F, 0xF81F, 0x0001, 0xB7FF, 0xA7FF, 0xF7FF, 0xEFFF, 0x8472, 0x0828, 0x0828, 0x0006, 0x0002, 0x2050, 0x182F, 0x202F, 0x202F, 0x202F, 0x202F, 0x202F, 0x202F, 0x202F, 0x202F, 0x202F, 0x202F, 0x202F, 0x202F, 0x202F, 0x202F, 0x202F, 0x202F, 0x202F, 0x202F, 0x202F, 0x202F, 0x202F, 0x202F, 0x28B0, 0xCE9F, 0x5B3B, 0x0001, 0x0002, 0xF81F, 0xF81F,  /* row 14 */
    0xF81F, 0xF81F, 0xF81F, 0x0002, 0x0024, 0x0003, 0x4A4B, 0xEFFF, 0x8472, 0x0828, 0x0828, 0x0004, 0x184F, 0x182F, 0x202F, 0x202F, 0x202F, 0x202F, 0x202F, 0x202F, 0x202F, 0x202F, 0x202F, 0x202F, 0x202F, 0x202F, 0x202F, 0x202F, 0x202F, 0x202F, 0x202F, 0x202F, 0x202F, 0x202F, 0x202F, 0x202F, 0x202F, 0x2030, 0x7BF8, 0xD6DF, 0x39D8, 0x0000, 0xF81F, 0xF81F,  /* row 15 */
    0xF81F, 0x0844, 0x6AE2, 0xACE3, 0x0000, 0x7535, 0x420A, 0xEFDF, 0x8472, 0x0828, 0x0828, 0x0004, 0x182E, 0x182F, 0x202F, 0x182F, 0x182F, 0x182F, 0x182F, 0x182F, 0x182F, 0x182F, 0x182F, 0x202F, 0x182F, 0x182F, 0x182F, 0x182F, 0x202F, 0x202F, 0x202F, 0x202F, 0x202F, 0x202F, 0x202F, 0x202F, 0x202F, 0x202F, 0x3992, 0xCEDF, 0x31B8, 0x0000, 0xF81F, 0xF81F,  /* row 16 */
    0xF81F, 0x0844, 0x9C61, 0xFF41, 0x0000, 0x64B4, 0x4209, 0xEFDF, 0x8472, 0x0828, 0x0828, 0x0004, 0x182E, 0x182F, 0x182F, 0x202F, 0x202F, 0x202F, 0x202F, 0x202F, 0x202F, 0x202F, 0x202F, 0x202F, 0x202F, 0x202F, 0x202F, 0x202F, 0x202F, 0x202F, 0x202F, 0x202F, 0x202F, 0x202F, 0x202F, 0x202F, 0x182F, 0x202F, 0x100E, 0xD6FF, 0x31B7, 0x0001, 0xF81F, 0xF81F,  /* row 17 */
    0xF81F, 0x0844, 0x9C81, 0xFF61, 0x0001, 0x6CD3, 0x4209, 0xEFDF, 0x8472, 0x0828, 0x0828, 0x0004, 0x182E, 0x182F, 0x182F, 0x202F, 0x202F, 0x202F, 0x202F, 0x202F, 0x202F, 0x202F, 0x202F, 0x202F, 0x202F, 0x202F, 0x202F, 0x202F, 0x202F, 0x202F, 0x202F, 0x202F, 0x202F, 0x202F, 0x202F, 0x202F, 0x182F, 0x182F, 0x100E, 0xD6FF, 0x31B7, 0x0001, 0xF81F, 0xF81F,  /* row 18 */
    0xF81F, 0x0843, 0xACE1, 0xFFE0, 0x0001, 0x3135, 0x3A09, 0xEFDF, 0x8472, 0x0828, 0x0828, 0x0004, 0x182E, 0x182F, 0x182F, 0x202F, 0x202F, 0x202F, 0x202F, 0x202F, 0x202F, 0x202F, 0x202F, 0x202F, 0x202F, 0x202F, 0x202F, 0x202F, 0x202F, 0x202F, 0x202F, 0x202F, 0x202F, 0x202F, 0x202F, 0x202F, 0x202F, 0x202F, 0x100E, 0xD6FF, 0x31D8, 0x0001, 0xF81F, 0xF81F,  /* row 19 */
    0xF81F, 0xF81F, 0x0004, 0x0003, 0x0004, 0x0002, 0x3A09, 0xE7DF, 0x8472, 0x0828, 0x0828, 0x0004, 0x182E, 0x182F, 0x202F, 0x202F, 0x202F, 0x202F, 0x202F, 0x202F, 0x202F, 0x202F, 0x202F, 0x202F, 0x202F, 0x202F, 0x202F, 0x202F, 0x202F, 0x202F, 0x202F, 0x202F, 0x202F, 0x202F, 0x202F, 0x202F, 0x202F, 0x202F, 0x100E, 0xD6FF, 0x39D8, 0x0001, 0xF81F, 0xF81F,  /* row 20 */
    0xF81F, 0xF81F, 0xF81F, 0x0002, 0x3A6A, 0xAFFF, 0xF7FF, 0xE7FF, 0x8472, 0x0828, 0x0828, 0x0004, 0x182E, 0x182F, 0x202F, 0x202F, 0x202F, 0x202F, 0x202F, 0x202F, 0x202F, 0x202F, 0x202F, 0x202F, 0x202F, 0x202F, 0x202F, 0x202F, 0x202F, 0x202F, 0x202F, 0x202F, 0x202F, 0x202F, 0x202F, 0x202F, 0x202F, 0x202F, 0x100E, 0xD6FF, 0x39D8, 0x0001, 0xF81F, 0xF81F,  /* row 21 */
    0xF81F, 0xF81F, 0xF81F, 0x0001, 0xAFFF, 0xA7DF, 0xEFFF, 0xEFFF, 0x8C72, 0x0828, 0x0828, 0x0004, 0x182E, 0x182F, 0x202F, 0x182F, 0x202F, 0x202F, 0x202F, 0x202F, 0x202F, 0x202F, 0x202F, 0x202F, 0x202F, 0x202F, 0x202F, 0x202F, 0x202F, 0x202F, 0x202F, 0x202F, 0x202F, 0x202F, 0x202F, 0x202F, 0x202F, 0x202F, 0x100E, 0xD6FF, 0x212E, 0x0002, 0xF81F, 0xF81F,  /* row 22 */
    0xF81F, 0xF81F, 0xF81F, 0x0001, 0xAFFF, 0xA7DF, 0xEFFF, 0xE7FF, 0x8492, 0x0828, 0x0828, 0x0004, 0x182E, 0x182F, 0x202F, 0x182F, 0x182F, 0x182F, 0x182F, 0x182F, 0x202F, 0x202F, 0x202F, 0x202F, 0x202F, 0x202F, 0x202F, 0x202F, 0x202F, 0x202F, 0x202F, 0x202F, 0x202F, 0x202F, 0x202F, 0x202F, 0x202F, 0x202F, 0x100E, 0xE77F, 0x0843, 0x0002, 0xF81F, 0xF81F,  /* row 23 */
    0xF81F, 0xF81F, 0xF81F, 0x0022, 0xAFFF, 0xA7DF, 0xEFFF, 0xE7FF, 0x8492, 0x0828, 0x0828, 0x0004, 0x182E, 0x182F, 0x202F, 0x182F, 0x182F, 0x182F, 0x182F, 0x182F, 0x202F, 0x202F, 0x182F, 0x182F, 0x182F, 0x182F, 0x182F, 0x182F, 0x182F, 0x182F, 0x182F, 0x182F, 0x182F, 0x182F, 0x202F, 0x202F, 0x202F, 0x202F, 0x41D3, 0x4A9A, 0x0002, 0x0002, 0xF81F, 0xF81F,  /* row 24 */
    0xF81F, 0xF81F, 0x1083, 0x4B8F, 0xAFFF, 0xA7DF, 0xEFFF, 0xE7FF, 0x8C93, 0x0828, 0x0829, 0x0004, 0x102A, 0x182E, 0x202F, 0x182F, 0x182F, 0x182F, 0x182F, 0x182F, 0x202F, 0x202F, 0x202F, 0x202F, 0x202F, 0x202F, 0x202F, 0x202F, 0x202F, 0x202F, 0x202F, 0x202F, 0x202F, 0x202F, 0x202F, 0x202F, 0x202F, 0x2050, 0x7378, 0x52DA, 0x0002, 0x0002, 0xF81F, 0xF81F,  /* row 25 */
    0xF81F, 0x0842, 0x7C32, 0x9F9E, 0xA7DF, 0xA7DF, 0xEFFF, 0xE7FF, 0x8493, 0x0828, 0x0829, 0x0005, 0x0003, 0x184E, 0x202F, 0x182F, 0x182F, 0x182F, 0x182F, 0x182F, 0x202F, 0x202F, 0x202F, 0x202F, 0x202F, 0x202F, 0x202F, 0x202F, 0x202F, 0x202F, 0x202F, 0x202F, 0x202F, 0x202F, 0x182F, 0x182F, 0x202F, 0x202F, 0x643A, 0x52FB, 0x0002, 0x0042, 0xF81F, 0xF81F,  /* row 26 */
    0xF81F, 0x0842, 0x7C11, 0x9FBF, 0xA7DF, 0xA7DF, 0xEFFF, 0xE7FF, 0x8472, 0x0828, 0x0829, 0x0004, 0x0003, 0x184E, 0x202F, 0x182F, 0x182F, 0x182F, 0x182F, 0x182F, 0x202F, 0x202F, 0x202F, 0x202F, 0x202F, 0x202F, 0x202F, 0x202F, 0x202F, 0x202F, 0x202F, 0x202F, 0x202F, 0x202F, 0x182F, 0x1830, 0x202F, 0x202F, 0x3175, 0x0847, 0x0022, 0xF81F, 0xF81F, 0xF81F,  /* row 27 */
    0xF81F, 0x0022, 0x7C11, 0x9FBF, 0xA7DF, 0xA7DF, 0xF7FF, 0xB7DF, 0x6411, 0x1911, 0x2132, 0x0003, 0x0003, 0x0002, 0x2050, 0x182F, 0x182F, 0x182F, 0x182F, 0x182F, 0x182F, 0x202F, 0x202F, 0x202F, 0x202F, 0x202F, 0x202F, 0x202F, 0x202F, 0x202F, 0x202F, 0x202F, 0x202F, 0x202F, 0x184F, 0x184F, 0x202F, 0x202F, 0x1028, 0xF81F, 0xF81F, 0xF81F, 0xF81F, 0xF81F,  /* row 28 */
    0xF81F, 0x0022, 0x7C11, 0x9FBF, 0xA7DF, 0xA7DF, 0xAFDF, 0xA7DF, 0x53F0, 0x0024, 0x29F8, 0x2173, 0x1910, 0x0002, 0x0004, 0x2050, 0x202F, 0x202F, 0x202F, 0x202F, 0x202F, 0x202F, 0x202F, 0x202F, 0x202F, 0x202F, 0x202F, 0x202F, 0x202F, 0x202F, 0x202F, 0x202F, 0x202F, 0x202F, 0x184F, 0x184F, 0x202F, 0x202F, 0x0828, 0xF81F, 0xF81F, 0xF81F, 0xF81F, 0xF81F,  /* row 29 */
    0xF81F, 0x1906, 0x526B, 0xBFFF, 0xA7DF, 0xA7DF, 0xA7DF, 0xA7DF, 0xB7FF, 0x3ACD, 0x324B, 0x0001, 0x18EF, 0x29D8, 0x0846, 0x0002, 0x182F, 0x202F, 0x202F, 0x202F, 0x202F, 0x202F, 0x202F, 0x202F, 0x202F, 0x202F, 0x202F, 0x202F, 0x202F, 0x202F, 0x202F, 0x202F, 0x202F, 0x202F, 0x1830, 0x184F, 0x1049, 0x0000, 0x0001, 0xF81F, 0xF81F, 0xF81F, 0xF81F, 0xF81F,  /* row 30 */
    0xF81F, 0xF81F, 0xF81F, 0x0000, 0x538F, 0xB7FF, 0x53F0, 0x96BB, 0xAFFF, 0xAFFF, 0xA7DF, 0x6D15, 0x0001, 0x0026, 0x29F9, 0x18CC, 0x0002, 0x0827, 0x102A, 0x202F, 0x202F, 0x204F, 0x2030, 0x202F, 0x2030, 0x2030, 0x2030, 0x2030, 0x2030, 0x2030, 0x2050, 0x2030, 0x202F, 0x102C, 0x0004, 0x0003, 0x304A, 0x28A8, 0xF81F, 0xF81F, 0xF81F, 0xF81F, 0xF81F, 0xF81F,  /* row 31 */
    0xF81F, 0xF81F, 0xF81F, 0xF81F, 0x0022, 0x1926, 0x0002, 0x0021, 0x0061, 0x0861, 0xAFDF, 0xA7FF, 0x9F7E, 0x432E, 0x0002, 0x0003, 0x31F8, 0x0847, 0x0003, 0x0003, 0x0003, 0x0003, 0x0003, 0x0003, 0x0003, 0x0003, 0x0003, 0x0003, 0x0003, 0x0003, 0x0003, 0x0003, 0x0003, 0x0002, 0x1827, 0xA197, 0xF81F, 0xF81F, 0xF81F, 0xF81F, 0xF81F, 0xF81F, 0xF81F, 0xF81F,  /* row 32 */
    0xF81F, 0xF81F, 0xF81F, 0xF81F, 0xF81F, 0x0001, 0x0001, 0x32F1, 0x32B1, 0x2A0D, 0x0000, 0x10E4, 0xA7FF, 0x9FFF, 0x9FFF, 0x0001, 0x0003, 0x29F8, 0x190F, 0x0004, 0x0004, 0x0003, 0x0004, 0x0004, 0x0004, 0x0004, 0x0004, 0x0868, 0x108A, 0x108A, 0x088A, 0x0004, 0x48CC, 0xEA1F, 0xB1F6, 0x0001, 0xF81F, 0xF81F, 0xF81F, 0xF81F, 0xF81F, 0xF81F, 0xF81F, 0xF81F,  /* row 33 */
    0xF81F, 0xF81F, 0xF81F, 0xF81F, 0xF81F, 0x0000, 0x10E6, 0x10C6, 0x0863, 0x1148, 0x19AA, 0x0000, 0x29E9, 0x0862, 0x5CB3, 0x97FF, 0x332D, 0x0846, 0x2172, 0x0887, 0x0866, 0x0004, 0x0005, 0x0005, 0x0005, 0x0005, 0x0004, 0x0848, 0x0004, 0x0004, 0x0848, 0x1068, 0x9174, 0x386A, 0x0044, 0x0864, 0x0044, 0x10A5, 0xF81F, 0xF81F, 0xF81F, 0xF81F, 0xF81F, 0xF81F,  /* row 34 */
    0xF81F, 0xF81F, 0xF81F, 0xF81F, 0x0001, 0x0000, 0x0001, 0x0001, 0x1107, 0x2A70, 0x2A4F, 0x0863, 0x0023, 0x08C8, 0x0024, 0x0883, 0x0863, 0x0003, 0x0003, 0x0022, 0x218D, 0x0002, 0x104D, 0x104B, 0x104B, 0x106B, 0x104B, 0x0025, 0x0827, 0x0827, 0x0003, 0x0827, 0x0002, 0x0044, 0x2A4F, 0x32B1, 0x4393, 0x4BB3, 0x0001, 0xF81F, 0xF81F, 0xF81F, 0xF81F, 0xF81F,  /* row 35 */
    0xF81F, 0xF81F, 0xF81F, 0x1083, 0x0021, 0x64D8, 0x5436, 0x2A90, 0x0021, 0x0000, 0x2A6F, 0x2A4F, 0x2A4F, 0x2A4F, 0x2A91, 0x0847, 0x0001, 0x0002, 0x0002, 0x0002, 0x08A3, 0x28D0, 0x0005, 0x104C, 0x104B, 0x104B, 0x104B, 0x0005, 0x0003, 0x0003, 0x0002, 0x0025, 0x2A4F, 0x0863, 0x196B, 0x0023, 0x322D, 0x5BF6, 0x21A9, 0x0021, 0xF81F, 0xF81F, 0xF81F, 0xF81F,  /* row 36 */
    0xF81F, 0xF81F, 0xF81F, 0x1B4F, 0x5C76, 0x4352, 0x224E, 0x224E, 0x2A6F, 0x1148, 0x0864, 0x21CD, 0x21CD, 0x21AD, 0x21CD, 0x110A, 0x2A90, 0x2A2E, 0x10C6, 0x0000, 0x97FF, 0x0001, 0x106C, 0x104B, 0x104B, 0x104C, 0x0829, 0x0004, 0x1025, 0x0000, 0x7FFF, 0x0000, 0x2A4F, 0x10E7, 0x196B, 0x0023, 0x324D, 0x53D5, 0x6CD9, 0x0863, 0xF81F, 0xF81F, 0xF81F, 0xF81F,  /* row 37 */
    0xF81F, 0xF81F, 0x0000, 0x36FD, 0x377F, 0x218B, 0x220D, 0x222D, 0x222E, 0x2A8F, 0x0847, 0x0867, 0x0846, 0x21EE, 0x21CD, 0x2A4F, 0x2A4F, 0x2A4F, 0x2A90, 0x0000, 0x8FFF, 0x0001, 0x106D, 0x106C, 0x104C, 0x0829, 0x0003, 0x70D0, 0xF97F, 0x0000, 0x6FFF, 0x0000, 0x2A91, 0x2A50, 0x196B, 0x0023, 0x10A5, 0x42F0, 0x53D5, 0x5BD5, 0x0001, 0x0001, 0xF81F, 0xF81F,  /* row 38 */
    0xF81F, 0xF81F, 0x18E5, 0x0000, 0x2E5C, 0x367C, 0x3EFD, 0x4517, 0x19CB, 0x0866, 0x0867, 0x0867, 0x0846, 0x2A4F, 0x2A50, 0x21CC, 0x2332, 0x2312, 0x2B53, 0x0000, 0x97FF, 0x0000, 0x0002, 0x0043, 0x0002, 0x408A, 0x60CE, 0xA0D5, 0xF17E, 0x0000, 0x6FFF, 0x0000, 0x2A70, 0x2A4F, 0x1929, 0x10EA, 0x0886, 0x4B11, 0x5394, 0x5C16, 0x0001, 0x0022, 0xF81F, 0xF81F,  /* row 39 */
    0xF81F, 0x18E5, 0x0863, 0x08A5, 0x08A4, 0x1125, 0x1B8F, 0x1B4E, 0x0001, 0x0846, 0x0847, 0x0867, 0x0846, 0x2A50, 0x2A70, 0x0884, 0x3535, 0x2CF4, 0x2D15, 0x0000, 0x9FFF, 0x0000, 0x0002, 0x76BB, 0x0000, 0xF97F, 0x68CE, 0x98D5, 0xF95E, 0x0000, 0x6FFF, 0x0000, 0x21AC, 0x198B, 0x10C7, 0x10C9, 0x0886, 0x0000, 0x4473, 0x3B10, 0x0866, 0x0021, 0xF81F, 0xF81F,  /* row 40 */
    0xF81F, 0x0001, 0x3B11, 0x224E, 0x0043, 0xA442, 0x8BC3, 0x0001, 0x0846, 0x0867, 0x0847, 0x0847, 0x0846, 0x2A70, 0x2A4F, 0x2A4F, 0x1107, 0x1127, 0x1107, 0x0000, 0x9FFF, 0x0000, 0x0002, 0x767A, 0x0000, 0xF95F, 0x68EF, 0x98D4, 0xF17E, 0x0000, 0x77FF, 0x0000, 0x1128, 0x1128, 0x10C7, 0x0886, 0x196E, 0x10C9, 0x0023, 0x328D, 0x4B73, 0x0863, 0xF81F, 0xF81F,  /* row 41 */
    0x31EA, 0x196A, 0x3B12, 0x1989, 0x0001, 0x2902, 0x20E2, 0x0001, 0x0847, 0x0847, 0x0847, 0x0847, 0x0846, 0x2A4F, 0x2A4F, 0x2A4F, 0x2A4F, 0x2A4F, 0x2A4F, 0x0002, 0x9FFF, 0x0001, 0x0002, 0x767A, 0x0000, 0xF95F, 0x68CF, 0x90B3, 0xF17E, 0x0000, 0x77DF, 0x0000, 0x2A70, 0x2A4F, 0x198C, 0x0024, 0x10CA, 0x08A9, 0x0023, 0x2A4D, 0x3AF1, 0x5C77, 0x0001, 0xF81F,  /* row 42 */
    0x0884, 0x3291, 0x21AB, 0x0842, 0x0866, 0x1087, 0x0842, 0x1088, 0x0887, 0x0887, 0x0887, 0x0887, 0x0867, 0x1928, 0x1928, 0x1948, 0x1928, 0x1928, 0x1928, 0x0022, 0x436F, 0x0022, 0x0023, 0x322B, 0x0022, 0x58AD, 0x2087, 0x308A, 0x50CD, 0x0021, 0x32AD, 0x0021, 0x10E7, 0x10E6, 0x0885, 0x0023, 0x0866, 0x0866, 0x0023, 0x10E6, 0x1128, 0x21EB, 0x0023, 0x0863,  /* row 43 */
};
static const Sprite NB_SPRITE_BLANK = {
    44, 44, 0xF81F, nb_blank_px
};

/* ═══════════════════════════════════════════════════════════════════ */
/*  SPRITE HELPERS                                                    */
/* ═══════════════════════════════════════════════════════════════════ */

/* Mood enum for sprite selection */
#define NB_MOOD_DEFAULT  0
#define NB_MOOD_HAPPY_ID 1
#define NB_MOOD_HUNGRY_ID 2
#define NB_MOOD_SAD_ID   3
#define NB_MOOD_SLEEPY_ID 4
#define NB_MOOD_BLANK_ID 5

/* Form index from stage */
static int nb_sprite_form(int stage) {
    if (stage <= 2) return 0;
    if (stage <= 5) return 1;
    if (stage <= 8) return 2;
    if (stage <= 11) return 3;
    if (stage <= 14) return 4;
    return 5;
}

/* Default sprite selection (by stage) */
static const Sprite* nb_get_sprite(int stage) {
    static const Sprite *forms[] = {
        &NB_SPRITE_SPORE, &NB_SPRITE_SNIFFER, &NB_SPRITE_CYBORG,
        &NB_SPRITE_WRAITH, &NB_SPRITE_TITAN, &NB_SPRITE_PRIME
    };
    return forms[nb_sprite_form(stage)];
}

/* Mood sprite selection — picks random variant from pool */
static const Sprite* nb_get_mood_sprite(int mood_id, int rand_val) {
    switch (mood_id) {
    case NB_MOOD_HAPPY_ID:
        return NB_MOOD_HAPPY[rand_val % NB_MOOD_HAPPY_COUNT];
    case NB_MOOD_HUNGRY_ID:
        return NB_MOOD_HUNGRY[rand_val % NB_MOOD_HUNGRY_COUNT];
    case NB_MOOD_SAD_ID:
        return NB_MOOD_SAD[rand_val % NB_MOOD_SAD_COUNT];
    case NB_MOOD_SLEEPY_ID:
        return NB_MOOD_SLEEPY[rand_val % NB_MOOD_SLEEPY_COUNT];
    default:
        return (const Sprite*)0;
    }
}

/* Blank sprite for prestige glitch pulse */
static const Sprite* nb_get_blank_sprite(void) { return &NB_SPRITE_BLANK; }

/* Scale factors — sized so all forms fill a good portion of screen */
static int nb_get_sprite_scale(int stage) {
    if (stage <= 2) return 5;   /* Spore: 120x140 */
    if (stage <= 5) return 4;   /* Sniffer: 112x128 */
    if (stage <= 8) return 4;   /* Cyborg: 128x144 */
    if (stage <= 11) return 3;  /* Wraith: 108x120 */
    if (stage <= 14) return 3;  /* Titan: 120x132 */
    return 3;                   /* Prime: 132x132 */
}

/* Mood sprites use a fixed scale since they're all 44x44 */
#define NB_MOOD_SPRITE_SCALE 3  /* 132x132 on screen */

/* Dim a color by quartering its RGB components */
static uint16_t nb_dim_color(uint16_t c) {
    int r = ((c >> 11) & 0x1F) >> 2;
    int g = ((c >> 5) & 0x3F) >> 2;
    int b = (c & 0x1F) >> 2;
    return (uint16_t)((r << 11) | (g << 5) | b);
}

/* Blit sprite with accent recoloring */
static void nb_blit_recolor(GfxContext *gfx, const Sprite *s, int x, int y,
                            int scale, uint16_t accent, uint16_t dim_accent,
                            int flip) {
    for (int py = 0; py < s->height; py++) {
        for (int px = 0; px < s->width; px++) {
            int src_px = flip ? (s->width - 1 - px) : px;
            uint16_t c = s->data[py * s->width + src_px];
            if (c == s->transparent) continue;
            if (c == 0x07EC) c = accent;
            else if (c == 0x0223) c = dim_accent;
            for (int dy = 0; dy < scale; dy++)
                for (int dx = 0; dx < scale; dx++)
                    gfx_pixel(gfx, x + px * scale + dx, y + py * scale + dy, c);
        }
    }
}

/* Blit sprite dimmed — for ghost/afterimage trail */
static void nb_blit_ghost(GfxContext *gfx, const Sprite *s, int x, int y,
                          int scale, int dim_shifts, int flip) {
    for (int py = 0; py < s->height; py++) {
        for (int px = 0; px < s->width; px++) {
            int src_px = flip ? (s->width - 1 - px) : px;
            uint16_t c = s->data[py * s->width + src_px];
            if (c == s->transparent) continue;
            int r = ((c >> 11) & 0x1F) >> dim_shifts;
            int g = ((c >> 5) & 0x3F) >> dim_shifts;
            int b = (c & 0x1F) >> dim_shifts;
            c = (uint16_t)((r << 11) | (g << 5) | b);
            if (c == 0) continue;
            for (int dy = 0; dy < scale; dy++)
                for (int dx = 0; dx < scale; dx++)
                    gfx_pixel(gfx, x + px * scale + dx, y + py * scale + dy, c);
        }
    }
}

/* Blit with color channel mask — for chromatic aberration */
static void nb_blit_tint(GfxContext *gfx, const Sprite *s, int x, int y,
                         int scale, uint16_t channel_mask, int flip) {
    for (int py = 0; py < s->height; py++) {
        for (int px = 0; px < s->width; px++) {
            int src_px = flip ? (s->width - 1 - px) : px;
            uint16_t c = s->data[py * s->width + src_px];
            if (c == s->transparent) continue;
            c = c & channel_mask;
            if (c == 0) continue;
            for (int dy = 0; dy < scale; dy++)
                for (int dx = 0; dx < scale; dx++)
                    gfx_pixel(gfx, x + px * scale + dx, y + py * scale + dy, c);
        }
    }
}

/* Blit with random scanline displacement — glitch effect */
static void nb_blit_glitch(GfxContext *gfx, const Sprite *s, int x, int y,
                           int scale, uint16_t accent, uint16_t dim_accent,
                           int glitch_pct, int flip) {
    for (int py = 0; py < s->height; py++) {
        int row_shift = 0;
        if (glitch_pct > 0 && (rand() % 100) < glitch_pct)
            row_shift = (rand() % 12) - 6;
        for (int px = 0; px < s->width; px++) {
            int src_px = flip ? (s->width - 1 - px) : px;
            uint16_t c = s->data[py * s->width + src_px];
            if (c == s->transparent) continue;
            if (c == 0x07EC) c = accent;
            else if (c == 0x0223) c = dim_accent;
            for (int dy = 0; dy < scale; dy++)
                for (int dx = 0; dx < scale; dx++)
                    gfx_pixel(gfx, x + px * scale + dx + row_shift,
                              y + py * scale + dy, c);
        }
    }
}

#endif /* NB_SPRITES_H */
